This is pdfTeX, Version 3.14159265-2.6-1.40.21 (TeX Live 2020) (preloaded format=pdflatex 2020.4.7)  14 AUG 2025 19:27
entering extended mode
 restricted \write18 enabled.
 file:line:error style messages enabled.
 %&-line parsing enabled.
**main-cwh-textbook.tex
(./main-cwh-textbook.tex
LaTeX2e <2020-02-02> patch level 5
L3 programming layer <2020-03-06>
(/usr/local/texlive/2020/texmf-dist/tex/latex/beamer/beamer.cls
Document Class: beamer 2019/09/29 v3.57 A class for typesetting presentations
(/usr/local/texlive/2020/texmf-dist/tex/latex/beamer/beamerbasemodes.sty
(/usr/local/texlive/2020/texmf-dist/tex/latex/etoolbox/etoolbox.sty
Package: etoolbox 2019/09/21 v2.5h e-TeX tools for LaTeX (JAW)
\etb@tempcnta=\count167
)
\beamer@tempbox=\box45
\beamer@tempcount=\count168
\c@beamerpauses=\count169

(/usr/local/texlive/2020/texmf-dist/tex/latex/beamer/beamerbasedecode.sty
\beamer@slideinframe=\count170
\beamer@minimum=\count171
\beamer@decode@box=\box46
)
\beamer@commentbox=\box47
\beamer@modecount=\count172
)
(/usr/local/texlive/2020/texmf-dist/tex/generic/iftex/ifpdf.sty
Package: ifpdf 2019/10/25 v3.4 ifpdf legacy package. Use iftex instead.

(/usr/local/texlive/2020/texmf-dist/tex/generic/iftex/iftex.sty
Package: iftex 2020/03/06 v1.0d TeX engine tests
))
\headdp=\dimen134
\footheight=\dimen135
\sidebarheight=\dimen136
\beamer@tempdim=\dimen137
\beamer@finalheight=\dimen138
\beamer@animht=\dimen139
\beamer@animdp=\dimen140
\beamer@animwd=\dimen141
\beamer@leftmargin=\dimen142
\beamer@rightmargin=\dimen143
\beamer@leftsidebar=\dimen144
\beamer@rightsidebar=\dimen145
\beamer@boxsize=\dimen146
\beamer@vboxoffset=\dimen147
\beamer@descdefault=\dimen148
\beamer@descriptionwidth=\dimen149
\beamer@lastskip=\skip47
\beamer@areabox=\box48
\beamer@animcurrent=\box49
\beamer@animshowbox=\box50
\beamer@sectionbox=\box51
\beamer@logobox=\box52
\beamer@linebox=\box53
\beamer@sectioncount=\count173
\beamer@subsubsectionmax=\count174
\beamer@subsectionmax=\count175
\beamer@sectionmax=\count176
\beamer@totalheads=\count177
\beamer@headcounter=\count178
\beamer@partstartpage=\count179
\beamer@sectionstartpage=\count180
\beamer@subsectionstartpage=\count181
\beamer@animationtempa=\count182
\beamer@animationtempb=\count183
\beamer@xpos=\count184
\beamer@ypos=\count185
\beamer@ypos@offset=\count186
\beamer@showpartnumber=\count187
\beamer@currentsubsection=\count188
\beamer@coveringdepth=\count189
\beamer@sectionadjust=\count190
\beamer@tocsectionnumber=\count191

(/usr/local/texlive/2020/texmf-dist/tex/latex/beamer/beamerbaseoptions.sty
(/usr/local/texlive/2020/texmf-dist/tex/latex/graphics/keyval.sty
Package: keyval 2014/10/28 v1.15 key=value parser (DPC)
\KV@toks@=\toks15
))
\beamer@paperwidth=\skip48
\beamer@paperheight=\skip49

(/usr/local/texlive/2020/texmf-dist/tex/latex/geometry/geometry.sty
Package: geometry 2020/01/02 v5.9 Page Geometry

(/usr/local/texlive/2020/texmf-dist/tex/generic/iftex/ifvtex.sty
Package: ifvtex 2019/10/25 v1.7 ifvtex legacy package. Use iftex instead.
)
\Gm@cnth=\count192
\Gm@cntv=\count193
\c@Gm@tempcnt=\count194
\Gm@bindingoffset=\dimen150
\Gm@wd@mp=\dimen151
\Gm@odd@mp=\dimen152
\Gm@even@mp=\dimen153
\Gm@layoutwidth=\dimen154
\Gm@layoutheight=\dimen155
\Gm@layouthoffset=\dimen156
\Gm@layoutvoffset=\dimen157
\Gm@dimlist=\toks16
)
(/usr/local/texlive/2020/texmf-dist/tex/latex/base/size11.clo
File: size11.clo 2019/12/20 v1.4l Standard LaTeX file (size option)
)
(/usr/local/texlive/2020/texmf-dist/tex/latex/pgf/basiclayer/pgfcore.sty
(/usr/local/texlive/2020/texmf-dist/tex/latex/graphics/graphicx.sty
Package: graphicx 2019/11/30 v1.2a Enhanced LaTeX Graphics (DPC,SPQR)

(/usr/local/texlive/2020/texmf-dist/tex/latex/graphics/graphics.sty
Package: graphics 2019/11/30 v1.4a Standard LaTeX Graphics (DPC,SPQR)

(/usr/local/texlive/2020/texmf-dist/tex/latex/graphics/trig.sty
Package: trig 2016/01/03 v1.10 sin cos tan (DPC)
)
(/usr/local/texlive/2020/texmf-dist/tex/latex/graphics-cfg/graphics.cfg
File: graphics.cfg 2016/06/04 v1.11 sample graphics configuration
)
Package graphics Info: Driver file: pdftex.def on input line 105.

(/usr/local/texlive/2020/texmf-dist/tex/latex/graphics-def/pdftex.def
File: pdftex.def 2018/01/08 v1.0l Graphics/color driver for pdftex
))
\Gin@req@height=\dimen158
\Gin@req@width=\dimen159
)
(/usr/local/texlive/2020/texmf-dist/tex/latex/pgf/systemlayer/pgfsys.sty
(/usr/local/texlive/2020/texmf-dist/tex/latex/pgf/utilities/pgfrcs.sty
(/usr/local/texlive/2020/texmf-dist/tex/generic/pgf/utilities/pgfutil-common.te
x
\pgfutil@everybye=\toks17
\pgfutil@tempdima=\dimen160
\pgfutil@tempdimb=\dimen161

(/usr/local/texlive/2020/texmf-dist/tex/generic/pgf/utilities/pgfutil-common-li
sts.tex))
(/usr/local/texlive/2020/texmf-dist/tex/generic/pgf/utilities/pgfutil-latex.def
\pgfutil@abb=\box54
(/usr/local/texlive/2020/texmf-dist/tex/latex/ms/everyshi.sty
Package: everyshi 2001/05/15 v3.00 EveryShipout Package (MS)
))
(/usr/local/texlive/2020/texmf-dist/tex/generic/pgf/utilities/pgfrcs.code.tex
(/usr/local/texlive/2020/texmf-dist/tex/generic/pgf/pgf.revision.tex)
Package: pgfrcs 2020/01/08 v3.1.5b (3.1.5b)
))
(/usr/local/texlive/2020/texmf-dist/tex/generic/pgf/systemlayer/pgfsys.code.tex
Package: pgfsys 2020/01/08 v3.1.5b (3.1.5b)
(/usr/local/texlive/2020/texmf-dist/tex/generic/pgf/utilities/pgfkeys.code.tex
\pgfkeys@pathtoks=\toks18
\pgfkeys@temptoks=\toks19

(/usr/local/texlive/2020/texmf-dist/tex/generic/pgf/utilities/pgfkeysfiltered.c
ode.tex
\pgfkeys@tmptoks=\toks20
))
\pgf@x=\dimen162
\pgf@y=\dimen163
\pgf@xa=\dimen164
\pgf@ya=\dimen165
\pgf@xb=\dimen166
\pgf@yb=\dimen167
\pgf@xc=\dimen168
\pgf@yc=\dimen169
\pgf@xd=\dimen170
\pgf@yd=\dimen171
\w@pgf@writea=\write3
\r@pgf@reada=\read2
\c@pgf@counta=\count195
\c@pgf@countb=\count196
\c@pgf@countc=\count197
\c@pgf@countd=\count198
\t@pgf@toka=\toks21
\t@pgf@tokb=\toks22
\t@pgf@tokc=\toks23
\pgf@sys@id@count=\count199

(/usr/local/texlive/2020/texmf-dist/tex/generic/pgf/systemlayer/pgf.cfg
File: pgf.cfg 2020/01/08 v3.1.5b (3.1.5b)
)
Driver file for pgf: pgfsys-pdftex.def

(/usr/local/texlive/2020/texmf-dist/tex/generic/pgf/systemlayer/pgfsys-pdftex.d
ef
File: pgfsys-pdftex.def 2020/01/08 v3.1.5b (3.1.5b)

(/usr/local/texlive/2020/texmf-dist/tex/generic/pgf/systemlayer/pgfsys-common-p
df.def
File: pgfsys-common-pdf.def 2020/01/08 v3.1.5b (3.1.5b)
)))
(/usr/local/texlive/2020/texmf-dist/tex/generic/pgf/systemlayer/pgfsyssoftpath.
code.tex
File: pgfsyssoftpath.code.tex 2020/01/08 v3.1.5b (3.1.5b)
\pgfsyssoftpath@smallbuffer@items=\count266
\pgfsyssoftpath@bigbuffer@items=\count267
)
(/usr/local/texlive/2020/texmf-dist/tex/generic/pgf/systemlayer/pgfsysprotocol.
code.tex
File: pgfsysprotocol.code.tex 2020/01/08 v3.1.5b (3.1.5b)
)) (/usr/local/texlive/2020/texmf-dist/tex/latex/xcolor/xcolor.sty
Package: xcolor 2016/05/11 v2.12 LaTeX color extensions (UK)

(/usr/local/texlive/2020/texmf-dist/tex/latex/graphics-cfg/color.cfg
File: color.cfg 2016/01/02 v1.6 sample color configuration
)
Package xcolor Info: Driver file: pdftex.def on input line 225.
Package xcolor Info: Model `cmy' substituted by `cmy0' on input line 1348.
Package xcolor Info: Model `hsb' substituted by `rgb' on input line 1352.
Package xcolor Info: Model `RGB' extended on input line 1364.
Package xcolor Info: Model `HTML' substituted by `rgb' on input line 1366.
Package xcolor Info: Model `Hsb' substituted by `hsb' on input line 1367.
Package xcolor Info: Model `tHsb' substituted by `hsb' on input line 1368.
Package xcolor Info: Model `HSB' substituted by `hsb' on input line 1369.
Package xcolor Info: Model `Gray' substituted by `gray' on input line 1370.
Package xcolor Info: Model `wave' substituted by `hsb' on input line 1371.
)
(/usr/local/texlive/2020/texmf-dist/tex/generic/pgf/basiclayer/pgfcore.code.tex
Package: pgfcore 2020/01/08 v3.1.5b (3.1.5b)
(/usr/local/texlive/2020/texmf-dist/tex/generic/pgf/math/pgfmath.code.tex
(/usr/local/texlive/2020/texmf-dist/tex/generic/pgf/math/pgfmathcalc.code.tex
(/usr/local/texlive/2020/texmf-dist/tex/generic/pgf/math/pgfmathutil.code.tex)
(/usr/local/texlive/2020/texmf-dist/tex/generic/pgf/math/pgfmathparser.code.tex
\pgfmath@dimen=\dimen172
\pgfmath@count=\count268
\pgfmath@box=\box55
\pgfmath@toks=\toks24
\pgfmath@stack@operand=\toks25
\pgfmath@stack@operation=\toks26
)
(/usr/local/texlive/2020/texmf-dist/tex/generic/pgf/math/pgfmathfunctions.code.
tex
(/usr/local/texlive/2020/texmf-dist/tex/generic/pgf/math/pgfmathfunctions.basic
.code.tex)
(/usr/local/texlive/2020/texmf-dist/tex/generic/pgf/math/pgfmathfunctions.trigo
nometric.code.tex)
(/usr/local/texlive/2020/texmf-dist/tex/generic/pgf/math/pgfmathfunctions.rando
m.code.tex)
(/usr/local/texlive/2020/texmf-dist/tex/generic/pgf/math/pgfmathfunctions.compa
rison.code.tex)
(/usr/local/texlive/2020/texmf-dist/tex/generic/pgf/math/pgfmathfunctions.base.
code.tex)
(/usr/local/texlive/2020/texmf-dist/tex/generic/pgf/math/pgfmathfunctions.round
.code.tex)
(/usr/local/texlive/2020/texmf-dist/tex/generic/pgf/math/pgfmathfunctions.misc.
code.tex)
(/usr/local/texlive/2020/texmf-dist/tex/generic/pgf/math/pgfmathfunctions.integ
erarithmetics.code.tex)))
(/usr/local/texlive/2020/texmf-dist/tex/generic/pgf/math/pgfmathfloat.code.tex
\c@pgfmathroundto@lastzeros=\count269
)) (/usr/local/texlive/2020/texmf-dist/tex/generic/pgf/math/pgfint.code.tex)
(/usr/local/texlive/2020/texmf-dist/tex/generic/pgf/basiclayer/pgfcorepoints.co
de.tex
File: pgfcorepoints.code.tex 2020/01/08 v3.1.5b (3.1.5b)
\pgf@picminx=\dimen173
\pgf@picmaxx=\dimen174
\pgf@picminy=\dimen175
\pgf@picmaxy=\dimen176
\pgf@pathminx=\dimen177
\pgf@pathmaxx=\dimen178
\pgf@pathminy=\dimen179
\pgf@pathmaxy=\dimen180
\pgf@xx=\dimen181
\pgf@xy=\dimen182
\pgf@yx=\dimen183
\pgf@yy=\dimen184
\pgf@zx=\dimen185
\pgf@zy=\dimen186
)
(/usr/local/texlive/2020/texmf-dist/tex/generic/pgf/basiclayer/pgfcorepathconst
ruct.code.tex
File: pgfcorepathconstruct.code.tex 2020/01/08 v3.1.5b (3.1.5b)
\pgf@path@lastx=\dimen187
\pgf@path@lasty=\dimen188
)
(/usr/local/texlive/2020/texmf-dist/tex/generic/pgf/basiclayer/pgfcorepathusage
.code.tex
File: pgfcorepathusage.code.tex 2020/01/08 v3.1.5b (3.1.5b)
\pgf@shorten@end@additional=\dimen189
\pgf@shorten@start@additional=\dimen190
)
(/usr/local/texlive/2020/texmf-dist/tex/generic/pgf/basiclayer/pgfcorescopes.co
de.tex
File: pgfcorescopes.code.tex 2020/01/08 v3.1.5b (3.1.5b)
\pgfpic=\box56
\pgf@hbox=\box57
\pgf@layerbox@main=\box58
\pgf@picture@serial@count=\count270
)
(/usr/local/texlive/2020/texmf-dist/tex/generic/pgf/basiclayer/pgfcoregraphicst
ate.code.tex
File: pgfcoregraphicstate.code.tex 2020/01/08 v3.1.5b (3.1.5b)
\pgflinewidth=\dimen191
)
(/usr/local/texlive/2020/texmf-dist/tex/generic/pgf/basiclayer/pgfcoretransform
ations.code.tex
File: pgfcoretransformations.code.tex 2020/01/08 v3.1.5b (3.1.5b)
\pgf@pt@x=\dimen192
\pgf@pt@y=\dimen193
\pgf@pt@temp=\dimen194
)
(/usr/local/texlive/2020/texmf-dist/tex/generic/pgf/basiclayer/pgfcorequick.cod
e.tex
File: pgfcorequick.code.tex 2020/01/08 v3.1.5b (3.1.5b)
)
(/usr/local/texlive/2020/texmf-dist/tex/generic/pgf/basiclayer/pgfcoreobjects.c
ode.tex
File: pgfcoreobjects.code.tex 2020/01/08 v3.1.5b (3.1.5b)
)
(/usr/local/texlive/2020/texmf-dist/tex/generic/pgf/basiclayer/pgfcorepathproce
ssing.code.tex
File: pgfcorepathprocessing.code.tex 2020/01/08 v3.1.5b (3.1.5b)
)
(/usr/local/texlive/2020/texmf-dist/tex/generic/pgf/basiclayer/pgfcorearrows.co
de.tex
File: pgfcorearrows.code.tex 2020/01/08 v3.1.5b (3.1.5b)
\pgfarrowsep=\dimen195
)
(/usr/local/texlive/2020/texmf-dist/tex/generic/pgf/basiclayer/pgfcoreshade.cod
e.tex
File: pgfcoreshade.code.tex 2020/01/08 v3.1.5b (3.1.5b)
\pgf@max=\dimen196
\pgf@sys@shading@range@num=\count271
\pgf@shadingcount=\count272
)
(/usr/local/texlive/2020/texmf-dist/tex/generic/pgf/basiclayer/pgfcoreimage.cod
e.tex
File: pgfcoreimage.code.tex 2020/01/08 v3.1.5b (3.1.5b)

(/usr/local/texlive/2020/texmf-dist/tex/generic/pgf/basiclayer/pgfcoreexternal.
code.tex
File: pgfcoreexternal.code.tex 2020/01/08 v3.1.5b (3.1.5b)
\pgfexternal@startupbox=\box59
))
(/usr/local/texlive/2020/texmf-dist/tex/generic/pgf/basiclayer/pgfcorelayers.co
de.tex
File: pgfcorelayers.code.tex 2020/01/08 v3.1.5b (3.1.5b)
)
(/usr/local/texlive/2020/texmf-dist/tex/generic/pgf/basiclayer/pgfcoretranspare
ncy.code.tex
File: pgfcoretransparency.code.tex 2020/01/08 v3.1.5b (3.1.5b)
)
(/usr/local/texlive/2020/texmf-dist/tex/generic/pgf/basiclayer/pgfcorepatterns.
code.tex
File: pgfcorepatterns.code.tex 2020/01/08 v3.1.5b (3.1.5b)
)
(/usr/local/texlive/2020/texmf-dist/tex/generic/pgf/basiclayer/pgfcorerdf.code.
tex
File: pgfcorerdf.code.tex 2020/01/08 v3.1.5b (3.1.5b)
))) (/usr/local/texlive/2020/texmf-dist/tex/latex/pgf/utilities/xxcolor.sty
Package: xxcolor 2003/10/24 ver 0.1
\XC@nummixins=\count273
\XC@countmixins=\count274
) (/usr/local/texlive/2020/texmf-dist/tex/generic/atbegshi/atbegshi.sty
Package: atbegshi 2019/12/05 v1.19 At begin shipout hook (HO)

(/usr/local/texlive/2020/texmf-dist/tex/generic/infwarerr/infwarerr.sty
Package: infwarerr 2019/12/03 v1.5 Providing info/warning/error messages (HO)
)
(/usr/local/texlive/2020/texmf-dist/tex/generic/ltxcmds/ltxcmds.sty
Package: ltxcmds 2019/12/15 v1.24 LaTeX kernel commands for general use (HO)
))
(/usr/local/texlive/2020/texmf-dist/tex/latex/hyperref/hyperref.sty
Package: hyperref 2020/01/14 v7.00d Hypertext links for LaTeX

(/usr/local/texlive/2020/texmf-dist/tex/latex/pdftexcmds/pdftexcmds.sty
Package: pdftexcmds 2019/11/24 v0.31 Utility functions of pdfTeX for LuaTeX (HO
)
Package pdftexcmds Info: \pdf@primitive is available.
Package pdftexcmds Info: \pdf@ifprimitive is available.
Package pdftexcmds Info: \pdfdraftmode found.
)
(/usr/local/texlive/2020/texmf-dist/tex/generic/kvsetkeys/kvsetkeys.sty
Package: kvsetkeys 2019/12/15 v1.18 Key value parser (HO)
)
(/usr/local/texlive/2020/texmf-dist/tex/generic/kvdefinekeys/kvdefinekeys.sty
Package: kvdefinekeys 2019-12-19 v1.6 Define keys (HO)
)
(/usr/local/texlive/2020/texmf-dist/tex/generic/pdfescape/pdfescape.sty
Package: pdfescape 2019/12/09 v1.15 Implements pdfTeX's escape features (HO)
)
(/usr/local/texlive/2020/texmf-dist/tex/latex/hycolor/hycolor.sty
Package: hycolor 2020-01-27 v1.10 Color options for hyperref/bookmark (HO)
)
(/usr/local/texlive/2020/texmf-dist/tex/latex/letltxmacro/letltxmacro.sty
Package: letltxmacro 2019/12/03 v1.6 Let assignment for LaTeX macros (HO)
)
(/usr/local/texlive/2020/texmf-dist/tex/latex/auxhook/auxhook.sty
Package: auxhook 2019-12-17 v1.6 Hooks for auxiliary files (HO)
)
(/usr/local/texlive/2020/texmf-dist/tex/latex/kvoptions/kvoptions.sty
Package: kvoptions 2019/11/29 v3.13 Key value format for package options (HO)
)
\@linkdim=\dimen197
\Hy@linkcounter=\count275
\Hy@pagecounter=\count276

(/usr/local/texlive/2020/texmf-dist/tex/latex/hyperref/pd1enc.def
File: pd1enc.def 2020/01/14 v7.00d Hyperref: PDFDocEncoding definition (HO)
Now handling font encoding PD1 ...
... no UTF-8 mapping file for font encoding PD1
)
(/usr/local/texlive/2020/texmf-dist/tex/generic/intcalc/intcalc.sty
Package: intcalc 2019/12/15 v1.3 Expandable calculations with integers (HO)
)
(/usr/local/texlive/2020/texmf-dist/tex/generic/etexcmds/etexcmds.sty
Package: etexcmds 2019/12/15 v1.7 Avoid name clashes with e-TeX commands (HO)
)
\Hy@SavedSpaceFactor=\count277
Package hyperref Info: Option `bookmarks' set `true' on input line 4421.
Package hyperref Info: Option `bookmarksopen' set `true' on input line 4421.
Package hyperref Info: Option `implicit' set `false' on input line 4421.
Package hyperref Info: Hyper figures OFF on input line 4547.
Package hyperref Info: Link nesting OFF on input line 4552.
Package hyperref Info: Hyper index ON on input line 4555.
Package hyperref Info: Plain pages OFF on input line 4562.
Package hyperref Info: Backreferencing OFF on input line 4567.
Package hyperref Info: Implicit mode OFF; no redefinition of LaTeX internals.
Package hyperref Info: Bookmarks ON on input line 4800.
\c@Hy@tempcnt=\count278

(/usr/local/texlive/2020/texmf-dist/tex/latex/url/url.sty
\Urlmuskip=\muskip16
Package: url 2013/09/16  ver 3.4  Verb mode for urls, etc.
)
LaTeX Info: Redefining \url on input line 5159.
\XeTeXLinkMargin=\dimen198

(/usr/local/texlive/2020/texmf-dist/tex/generic/bitset/bitset.sty
Package: bitset 2019/12/09 v1.3 Handle bit-vector datatype (HO)

(/usr/local/texlive/2020/texmf-dist/tex/generic/bigintcalc/bigintcalc.sty
Package: bigintcalc 2019/12/15 v1.5 Expandable calculations on big integers (HO
)
))
\Fld@menulength=\count279
\Field@Width=\dimen199
\Fld@charsize=\dimen256
Package hyperref Info: Hyper figures OFF on input line 6430.
Package hyperref Info: Link nesting OFF on input line 6435.
Package hyperref Info: Hyper index ON on input line 6438.
Package hyperref Info: backreferencing OFF on input line 6445.
Package hyperref Info: Link coloring OFF on input line 6450.
Package hyperref Info: Link coloring with OCG OFF on input line 6455.
Package hyperref Info: PDF/A mode OFF on input line 6460.
LaTeX Info: Redefining \ref on input line 6500.
LaTeX Info: Redefining \pageref on input line 6504.
\Hy@abspage=\count280


Package hyperref Message: Stopped early.

)
Package hyperref Info: Driver (autodetected): hpdftex.
 (/usr/local/texlive/2020/texmf-dist/tex/latex/hyperref/hpdftex.def
File: hpdftex.def 2020/01/14 v7.00d Hyperref driver for pdfTeX

(/usr/local/texlive/2020/texmf-dist/tex/latex/atveryend/atveryend.sty
Package: atveryend 2019-12-11 v1.11 Hooks at the very end of document (HO)
)
\Fld@listcount=\count281
\c@bookmark@seq@number=\count282

(/usr/local/texlive/2020/texmf-dist/tex/latex/rerunfilecheck/rerunfilecheck.sty
Package: rerunfilecheck 2019/12/05 v1.9 Rerun checks for auxiliary files (HO)

(/usr/local/texlive/2020/texmf-dist/tex/generic/uniquecounter/uniquecounter.sty
Package: uniquecounter 2019/12/15 v1.4 Provide unlimited unique counter (HO)
)
Package uniquecounter Info: New unique counter `rerunfilecheck' on input line 2
86.
)) (/usr/local/texlive/2020/texmf-dist/tex/latex/beamer/beamerbaserequires.sty
(/usr/local/texlive/2020/texmf-dist/tex/latex/beamer/beamerbasecompatibility.st
y) (/usr/local/texlive/2020/texmf-dist/tex/latex/beamer/beamerbasefont.sty
(/usr/local/texlive/2020/texmf-dist/tex/latex/amsfonts/amssymb.sty
Package: amssymb 2013/01/14 v3.01 AMS font symbols

(/usr/local/texlive/2020/texmf-dist/tex/latex/amsfonts/amsfonts.sty
Package: amsfonts 2013/01/14 v3.01 Basic AMSFonts support
\@emptytoks=\toks27
\symAMSa=\mathgroup4
\symAMSb=\mathgroup5
LaTeX Font Info:    Redeclaring math symbol \hbar on input line 98.
LaTeX Font Info:    Overwriting math alphabet `\mathfrak' in version `bold'
(Font)                  U/euf/m/n --> U/euf/b/n on input line 106.
))
(/usr/local/texlive/2020/texmf-dist/tex/latex/sansmathaccent/sansmathaccent.sty
Package: sansmathaccent 2020/01/31
(/usr/local/texlive/2020/texmf-dist/tex/latex/koma-script/scrlfile.sty
Package: scrlfile 2020/01/24 v3.29 KOMA-Script package (loading files)
)))
(/usr/local/texlive/2020/texmf-dist/tex/latex/beamer/beamerbasetranslator.sty
(/usr/local/texlive/2020/texmf-dist/tex/latex/translator/translator.sty
Package: translator 2019-05-31 v1.12a Easy translation of strings in LaTeX
))
(/usr/local/texlive/2020/texmf-dist/tex/latex/beamer/beamerbasemisc.sty)
(/usr/local/texlive/2020/texmf-dist/tex/latex/beamer/beamerbasetwoscreens.sty)
(/usr/local/texlive/2020/texmf-dist/tex/latex/beamer/beamerbaseoverlay.sty
\beamer@argscount=\count283
\beamer@lastskipcover=\skip50
\beamer@trivlistdepth=\count284
)
(/usr/local/texlive/2020/texmf-dist/tex/latex/beamer/beamerbasetitle.sty)
(/usr/local/texlive/2020/texmf-dist/tex/latex/beamer/beamerbasesection.sty
\c@lecture=\count285
\c@part=\count286
\c@section=\count287
\c@subsection=\count288
\c@subsubsection=\count289
)
(/usr/local/texlive/2020/texmf-dist/tex/latex/beamer/beamerbaseframe.sty
\beamer@framebox=\box60
\beamer@frametitlebox=\box61
\beamer@zoombox=\box62
\beamer@zoomcount=\count290
\beamer@zoomframecount=\count291
\beamer@frametextheight=\dimen257
\c@subsectionslide=\count292
\beamer@frametopskip=\skip51
\beamer@framebottomskip=\skip52
\beamer@frametopskipautobreak=\skip53
\beamer@framebottomskipautobreak=\skip54
\beamer@envbody=\toks28
\framewidth=\dimen258
\c@framenumber=\count293
)
(/usr/local/texlive/2020/texmf-dist/tex/latex/beamer/beamerbaseverbatim.sty
\beamer@verbatimfileout=\write4
)
(/usr/local/texlive/2020/texmf-dist/tex/latex/beamer/beamerbaseframesize.sty
\beamer@splitbox=\box63
\beamer@autobreakcount=\count294
\beamer@autobreaklastheight=\dimen259
\beamer@frametitletoks=\toks29
\beamer@framesubtitletoks=\toks30
)
(/usr/local/texlive/2020/texmf-dist/tex/latex/beamer/beamerbaseframecomponents.
sty
\beamer@footins=\box64
) (/usr/local/texlive/2020/texmf-dist/tex/latex/beamer/beamerbasecolor.sty)
(/usr/local/texlive/2020/texmf-dist/tex/latex/beamer/beamerbasenotes.sty
\beamer@frameboxcopy=\box65
)
(/usr/local/texlive/2020/texmf-dist/tex/latex/beamer/beamerbasetoc.sty)
(/usr/local/texlive/2020/texmf-dist/tex/latex/beamer/beamerbasetemplates.sty
\beamer@sbttoks=\toks31

(/usr/local/texlive/2020/texmf-dist/tex/latex/beamer/beamerbaseauxtemplates.sty
(/usr/local/texlive/2020/texmf-dist/tex/latex/beamer/beamerbaseboxes.sty
\bmb@box=\box66
\bmb@colorbox=\box67
\bmb@boxshadow=\box68
\bmb@boxshadowball=\box69
\bmb@boxshadowballlarge=\box70
\bmb@temp=\dimen260
\bmb@dima=\dimen261
\bmb@dimb=\dimen262
\bmb@prevheight=\dimen263
)
\beamer@blockheadheight=\dimen264
))
(/usr/local/texlive/2020/texmf-dist/tex/latex/beamer/beamerbaselocalstructure.s
ty (/usr/local/texlive/2020/texmf-dist/tex/latex/tools/enumerate.sty
Package: enumerate 2015/07/23 v3.00 enumerate extensions (DPC)
\@enLab=\toks32
)
\c@figure=\count295
\c@table=\count296
\abovecaptionskip=\skip55
\belowcaptionskip=\skip56
)
(/usr/local/texlive/2020/texmf-dist/tex/latex/beamer/beamerbasenavigation.sty
\beamer@section@min@dim=\dimen265
)
(/usr/local/texlive/2020/texmf-dist/tex/latex/beamer/beamerbasetheorems.sty
(/usr/local/texlive/2020/texmf-dist/tex/latex/amsmath/amsmath.sty
Package: amsmath 2020/01/20 v2.17e AMS math features
\@mathmargin=\skip57

For additional information on amsmath, use the `?' option.
(/usr/local/texlive/2020/texmf-dist/tex/latex/amsmath/amstext.sty
Package: amstext 2000/06/29 v2.01 AMS text

(/usr/local/texlive/2020/texmf-dist/tex/latex/amsmath/amsgen.sty
File: amsgen.sty 1999/11/30 v2.0 generic functions
\@emptytoks=\toks33
\ex@=\dimen266
))
(/usr/local/texlive/2020/texmf-dist/tex/latex/amsmath/amsbsy.sty
Package: amsbsy 1999/11/29 v1.2d Bold Symbols
\pmbraise@=\dimen267
)
(/usr/local/texlive/2020/texmf-dist/tex/latex/amsmath/amsopn.sty
Package: amsopn 2016/03/08 v2.02 operator names
)
\inf@bad=\count297
LaTeX Info: Redefining \frac on input line 227.
\uproot@=\count298
\leftroot@=\count299
LaTeX Info: Redefining \overline on input line 389.
\classnum@=\count300
\DOTSCASE@=\count301
LaTeX Info: Redefining \ldots on input line 486.
LaTeX Info: Redefining \dots on input line 489.
LaTeX Info: Redefining \cdots on input line 610.
\Mathstrutbox@=\box71
\strutbox@=\box72
\big@size=\dimen268
LaTeX Font Info:    Redeclaring font encoding OML on input line 733.
LaTeX Font Info:    Redeclaring font encoding OMS on input line 734.
\macc@depth=\count302
\c@MaxMatrixCols=\count303
\dotsspace@=\muskip17
\c@parentequation=\count304
\dspbrk@lvl=\count305
\tag@help=\toks34
\row@=\count306
\column@=\count307
\maxfields@=\count308
\andhelp@=\toks35
\eqnshift@=\dimen269
\alignsep@=\dimen270
\tagshift@=\dimen271
\tagwidth@=\dimen272
\totwidth@=\dimen273
\lineht@=\dimen274
\@envbody=\toks36
\multlinegap=\skip58
\multlinetaggap=\skip59
\mathdisplay@stack=\toks37
LaTeX Info: Redefining \[ on input line 2859.
LaTeX Info: Redefining \] on input line 2860.
)
(/usr/local/texlive/2020/texmf-dist/tex/latex/amscls/amsthm.sty
Package: amsthm 2017/10/31 v2.20.4
\thm@style=\toks38
\thm@bodyfont=\toks39
\thm@headfont=\toks40
\thm@notefont=\toks41
\thm@headpunct=\toks42
\thm@preskip=\skip60
\thm@postskip=\skip61
\thm@headsep=\skip62
\dth@everypar=\toks43
)
\c@theorem=\count309
)
(/usr/local/texlive/2020/texmf-dist/tex/latex/beamer/beamerbasethemes.sty))
(/usr/local/texlive/2020/texmf-dist/tex/latex/beamer/beamerthemedefault.sty
(/usr/local/texlive/2020/texmf-dist/tex/latex/beamer/beamerfontthemedefault.sty
)
(/usr/local/texlive/2020/texmf-dist/tex/latex/beamer/beamercolorthemedefault.st
y)
(/usr/local/texlive/2020/texmf-dist/tex/latex/beamer/beamerinnerthemedefault.st
y
\beamer@dima=\dimen275
\beamer@dimb=\dimen276
)
(/usr/local/texlive/2020/texmf-dist/tex/latex/beamer/beamerouterthemedefault.st
y))) (/usr/local/texlive/2020/texmf-dist/tex/generic/catchfile/catchfile.sty
Package: catchfile 2019/12/09 v1.8 Catch the contents of a file (HO)
)
(|kpsewhich -var-value=HOME)
(/usr/local/texlive/2020/texmf-dist/tex/latex/nicematrix/nicematrix.sty
(/usr/local/texlive/2020/texmf-dist/tex/generic/pgf/modules/pgfmoduleshapes.cod
e.tex
File: pgfmoduleshapes.code.tex 2020/01/08 v3.1.5b (3.1.5b)
\pgfnodeparttextbox=\box73
) (/usr/local/texlive/2020/texmf-dist/tex/latex/l3kernel/expl3.sty
Package: expl3 2020-03-06 L3 programming layer (loader) 

(/usr/local/texlive/2020/texmf-dist/tex/latex/l3backend/l3backend-pdfmode.def
File: l3backend-pdfmode.def 2020-03-12 L3 backend support: PDF mode
\l__kernel_color_stack_int=\count310
\l__pdf_internal_box=\box74
)) (/usr/local/texlive/2020/texmf-dist/tex/latex/l3packages/l3keys2e/l3keys2e.s
ty
Package: l3keys2e 2020-03-06 LaTeX2e option processing using LaTeX3 keys
)
Package: nicematrix 2020/03/23 v3.14 Mathematical matrices with PGF/TikZ
 (/usr/local/texlive/2020/texmf-dist/tex/latex/tools/array.sty
Package: array 2019/08/31 v2.4l Tabular extension package (FMi)
\col@sep=\dimen277
\ar@mcellbox=\box75
\extrarowheight=\dimen278
\NC@list=\toks44
\extratabsurround=\skip63
\backup@length=\skip64
\ar@cellbox=\box76
)
(/usr/local/texlive/2020/texmf-dist/tex/latex/l3packages/xparse/xparse.sty
Package: xparse 2020-03-06 L3 Experimental document command parser
\l__xparse_current_arg_int=\count311
\g__xparse_grabber_int=\count312
\l__xparse_m_args_int=\count313
\l__xparse_v_nesting_int=\count314
)
\g__nicematrix_env_int=\count315
\g__nicematrix_NiceMatrixBlock_int=\count316
\l__nicematrix_columns_width_dim=\dimen279
\l__nicematrix_inter_dots_dim=\dimen280
\l__nicematrix_xdots_shorten_dim=\dimen281
\l__nicematrix_radius_dim=\dimen282
\l__nicematrix_save_iRow_int=\count317
\l__nicematrix_save_jCol_int=\count318
\l__nicematrix_x_initial_dim=\dimen283
\l__nicematrix_y_initial_dim=\dimen284
\l__nicematrix_x_final_dim=\dimen285
\l__nicematrix_y_final_dim=\dimen286
\l_tmpc_dim=\dimen287
\l_tmpd_dim=\dimen288
\l__nicematrix_first_row_int=\count319
\l__nicematrix_first_col_int=\count320
\l__nicematrix_last_row_int=\count321
\l__nicematrix_last_col_int=\count322
\l__nicematrix_left_margin_dim=\dimen289
\l__nicematrix_right_margin_dim=\dimen290
\g__nicematrix_width_last_col_dim=\dimen291
\g__nicematrix_width_first_col_dim=\dimen292
\l__nicematrix_extra_left_margin_dim=\dimen293
\l__nicematrix_extra_right_margin_dim=\dimen294
\c__nicematrix_max_l_dim=\dimen295
)
(/Users/dantopa/GitHub//latex-2025//global/config//common/config-base.tex
  == BASE CONFIGURATION == /Users/dantopa/GitHub//latex-2025//global/config//co
mmon//"config-base.tex"
(/Users/dantopa/GitHub//latex-2025//global/config//common//paths-base.tex
 == BASE CONFIGURATION == /Users/dantopa/GitHub//latex-2025//global/config//com
mon//"paths-base.tex"
) (/Users/dantopa/GitHub//latex-2025//global/config//common//packages-base.tex
  == BASE CONFIGURATION == /Users/dantopa/GitHub//latex-2025//global/config//co
mmon//"packages-common.tex"
(/usr/local/texlive/2020/texmf-dist/tex/latex/mathtools/mathtools.sty
Package: mathtools 2020/03/24 v1.24 mathematical typesetting tools

(/usr/local/texlive/2020/texmf-dist/tex/latex/tools/calc.sty
Package: calc 2017/05/25 v4.3 Infix arithmetic (KKT,FJ)
\calc@Acount=\count323
\calc@Bcount=\count324
\calc@Adimen=\dimen296
\calc@Bdimen=\dimen297
\calc@Askip=\skip65
\calc@Bskip=\skip66
LaTeX Info: Redefining \setlength on input line 80.
LaTeX Info: Redefining \addtolength on input line 81.
\calc@Ccount=\count325
\calc@Cskip=\skip67
)
(/usr/local/texlive/2020/texmf-dist/tex/latex/mathtools/mhsetup.sty
Package: mhsetup 2017/03/31 v1.3 programming setup (MH)
)
LaTeX Info: Thecontrolsequence`\('isalreadyrobust on input line 130.
LaTeX Info: Thecontrolsequence`\)'isalreadyrobust on input line 130.
LaTeX Info: Thecontrolsequence`\['isalreadyrobust on input line 130.
LaTeX Info: Thecontrolsequence`\]'isalreadyrobust on input line 130.
\g_MT_multlinerow_int=\count326
\l_MT_multwidth_dim=\dimen298
\origjot=\skip68
\l_MT_shortvdotswithinadjustabove_dim=\dimen299
\l_MT_shortvdotswithinadjustbelow_dim=\dimen300
\l_MT_above_intertext_sep=\dimen301
\l_MT_below_intertext_sep=\dimen302
\l_MT_above_shortintertext_sep=\dimen303
\l_MT_below_shortintertext_sep=\dimen304
\xmathstrut@box=\box77
\xmathstrut@dim=\dimen305
)
(/usr/local/texlive/2020/texmf-dist/tex/latex/base/fontenc.sty
Package: fontenc 2020/02/11 v2.0o Standard LaTeX package
)
(/usr/local/texlive/2020/texmf-dist/tex/latex/lm/lmodern.sty
Package: lmodern 2009/10/30 v1.6 Latin Modern Fonts
LaTeX Font Info:    Overwriting symbol font `operators' in version `normal'
(Font)                  OT1/cmr/m/n --> OT1/lmr/m/n on input line 22.
LaTeX Font Info:    Overwriting symbol font `letters' in version `normal'
(Font)                  OML/cmm/m/it --> OML/lmm/m/it on input line 23.
LaTeX Font Info:    Overwriting symbol font `symbols' in version `normal'
(Font)                  OMS/cmsy/m/n --> OMS/lmsy/m/n on input line 24.
LaTeX Font Info:    Overwriting symbol font `largesymbols' in version `normal'
(Font)                  OMX/cmex/m/n --> OMX/lmex/m/n on input line 25.
LaTeX Font Info:    Overwriting symbol font `operators' in version `bold'
(Font)                  OT1/cmr/bx/n --> OT1/lmr/bx/n on input line 26.
LaTeX Font Info:    Overwriting symbol font `letters' in version `bold'
(Font)                  OML/cmm/b/it --> OML/lmm/b/it on input line 27.
LaTeX Font Info:    Overwriting symbol font `symbols' in version `bold'
(Font)                  OMS/cmsy/b/n --> OMS/lmsy/b/n on input line 28.
LaTeX Font Info:    Overwriting symbol font `largesymbols' in version `bold'
(Font)                  OMX/cmex/m/n --> OMX/lmex/m/n on input line 29.
LaTeX Font Info:    Overwriting math alphabet `\mathbf' in version `normal'
(Font)                  OT1/cmr/bx/n --> OT1/lmr/bx/n on input line 31.
LaTeX Font Info:    Overwriting math alphabet `\mathsf' in version `normal'
(Font)                  OT1/cmss/m/n --> OT1/lmss/m/n on input line 32.
LaTeX Font Info:    Overwriting math alphabet `\mathit' in version `normal'
(Font)                  OT1/cmr/m/it --> OT1/lmr/m/it on input line 33.
LaTeX Font Info:    Overwriting math alphabet `\mathtt' in version `normal'
(Font)                  OT1/cmtt/m/n --> OT1/lmtt/m/n on input line 34.
LaTeX Font Info:    Overwriting math alphabet `\mathbf' in version `bold'
(Font)                  OT1/cmr/bx/n --> OT1/lmr/bx/n on input line 35.
LaTeX Font Info:    Overwriting math alphabet `\mathsf' in version `bold'
(Font)                  OT1/cmss/bx/n --> OT1/lmss/bx/n on input line 36.
LaTeX Font Info:    Overwriting math alphabet `\mathit' in version `bold'
(Font)                  OT1/cmr/bx/it --> OT1/lmr/bx/it on input line 37.
LaTeX Font Info:    Overwriting math alphabet `\mathtt' in version `bold'
(Font)                  OT1/cmtt/m/n --> OT1/lmtt/m/n on input line 38.
)
(/usr/local/texlive/2020/texmf-dist/tex/latex/colortbl/colortbl.sty
Package: colortbl 2020/01/04 v1.0e Color table columns (DPC)
\everycr=\toks45
\minrowclearance=\skip69
)
(/usr/local/texlive/2020/texmf-dist/tex/latex/multirow/multirow.sty
Package: multirow 2019/05/31 v2.5 Span multiple rows of a table
\multirow@colwidth=\skip70
\multirow@cntb=\count327
\multirow@dima=\skip71
\bigstrutjot=\dimen306
)
(/usr/local/texlive/2020/texmf-dist/tex/latex/tools/multicol.sty
Package: multicol 2019/12/09 v1.8y multicolumn formatting (FMi)
\c@tracingmulticols=\count328
\mult@box=\box78
\multicol@leftmargin=\dimen307
\c@unbalance=\count329
\c@collectmore=\count330
\doublecol@number=\count331
\multicoltolerance=\count332
\multicolpretolerance=\count333
\full@width=\dimen308
\page@free=\dimen309
\premulticols=\dimen310
\postmulticols=\dimen311
\multicolsep=\skip72
\multicolbaselineskip=\skip73
\partial@page=\box79
\last@line=\box80
\maxbalancingoverflow=\dimen312
\mult@rightbox=\box81
\mult@grightbox=\box82
\mult@gfirstbox=\box83
\mult@firstbox=\box84
\@tempa=\box85
\@tempa=\box86
\@tempa=\box87
\@tempa=\box88
\@tempa=\box89
\@tempa=\box90
\@tempa=\box91
\@tempa=\box92
\@tempa=\box93
\@tempa=\box94
\@tempa=\box95
\@tempa=\box96
\@tempa=\box97
\@tempa=\box98
\@tempa=\box99
\@tempa=\box100
\@tempa=\box101
\@tempa=\box102
\@tempa=\box103
\@tempa=\box104
\@tempa=\box105
\@tempa=\box106
\@tempa=\box107
\@tempa=\box108
\@tempa=\box109
\@tempa=\box110
\@tempa=\box111
\@tempa=\box112
\@tempa=\box113
\@tempa=\box114
\@tempa=\box115
\@tempa=\box116
\@tempa=\box117
\@tempa=\box118
\@tempa=\box119
\@tempa=\box120
\@tempa=\box121
\c@minrows=\count334
\c@columnbadness=\count335
\c@finalcolumnbadness=\count336
\last@try=\dimen313
\multicolovershoot=\dimen314
\multicolundershoot=\dimen315
\mult@nat@firstbox=\box122
\colbreak@box=\box123
\mc@col@check@num=\count337
)
(/usr/local/texlive/2020/texmf-dist/tex/latex/booktabs/booktabs.sty
Package: booktabs 2020/01/12 v1.61803398 Publication quality tables
\heavyrulewidth=\dimen316
\lightrulewidth=\dimen317
\cmidrulewidth=\dimen318
\belowrulesep=\dimen319
\belowbottomsep=\dimen320
\aboverulesep=\dimen321
\abovetopsep=\dimen322
\cmidrulesep=\dimen323
\cmidrulekern=\dimen324
\defaultaddspace=\dimen325
\@cmidla=\count338
\@cmidlb=\count339
\@aboverulesep=\dimen326
\@belowrulesep=\dimen327
\@thisruleclass=\count340
\@lastruleclass=\count341
\@thisrulewidth=\dimen328
)
(/usr/local/texlive/2020/texmf-dist/tex/latex/overpic/overpic.sty
Package: overpic 2020/02/22 1.3 picture overlays (RN)

(/usr/local/texlive/2020/texmf-dist/tex/latex/eepic/epic.sty
Enhancements to Picture Environment. Version 1.2 - Released June 1, 1986
\@@multicnt=\count342
\d@lta=\count343
\@delta=\dimen329
\@@delta=\dimen330
\@gridcnt=\count344
\@joinkind=\count345
\@dotgap=\dimen331
\@ddotgap=\dimen332
\@x@diff=\count346
\@y@diff=\count347
\x@diff=\dimen333
\y@diff=\dimen334
\@dotbox=\box124
\num@segments=\count348
\num@segmentsi=\count349
\@datafile=\read3
)
\OVP@box=\box125
) (/usr/local/texlive/2020/texmf-dist/tex/latex/pgf/frontendlayer/tikz.sty
(/usr/local/texlive/2020/texmf-dist/tex/latex/pgf/basiclayer/pgf.sty
Package: pgf 2020/01/08 v3.1.5b (3.1.5b)

(/usr/local/texlive/2020/texmf-dist/tex/generic/pgf/modules/pgfmoduleplot.code.
tex
File: pgfmoduleplot.code.tex 2020/01/08 v3.1.5b (3.1.5b)
)
(/usr/local/texlive/2020/texmf-dist/tex/latex/pgf/compatibility/pgfcomp-version
-0-65.sty
Package: pgfcomp-version-0-65 2020/01/08 v3.1.5b (3.1.5b)
\pgf@nodesepstart=\dimen335
\pgf@nodesepend=\dimen336
)
(/usr/local/texlive/2020/texmf-dist/tex/latex/pgf/compatibility/pgfcomp-version
-1-18.sty
Package: pgfcomp-version-1-18 2020/01/08 v3.1.5b (3.1.5b)
))
(/usr/local/texlive/2020/texmf-dist/tex/latex/pgf/utilities/pgffor.sty
(/usr/local/texlive/2020/texmf-dist/tex/latex/pgf/utilities/pgfkeys.sty
(/usr/local/texlive/2020/texmf-dist/tex/generic/pgf/utilities/pgfkeys.code.tex)
) (/usr/local/texlive/2020/texmf-dist/tex/latex/pgf/math/pgfmath.sty
(/usr/local/texlive/2020/texmf-dist/tex/generic/pgf/math/pgfmath.code.tex))
(/usr/local/texlive/2020/texmf-dist/tex/generic/pgf/utilities/pgffor.code.tex
Package: pgffor 2020/01/08 v3.1.5b (3.1.5b)

(/usr/local/texlive/2020/texmf-dist/tex/generic/pgf/math/pgfmath.code.tex)
\pgffor@iter=\dimen337
\pgffor@skip=\dimen338
\pgffor@stack=\toks46
\pgffor@toks=\toks47
))
(/usr/local/texlive/2020/texmf-dist/tex/generic/pgf/frontendlayer/tikz/tikz.cod
e.tex
Package: tikz 2020/01/08 v3.1.5b (3.1.5b)

(/usr/local/texlive/2020/texmf-dist/tex/generic/pgf/libraries/pgflibraryplothan
dlers.code.tex
File: pgflibraryplothandlers.code.tex 2020/01/08 v3.1.5b (3.1.5b)
\pgf@plot@mark@count=\count350
\pgfplotmarksize=\dimen339
)
\tikz@lastx=\dimen340
\tikz@lasty=\dimen341
\tikz@lastxsaved=\dimen342
\tikz@lastysaved=\dimen343
\tikz@lastmovetox=\dimen344
\tikz@lastmovetoy=\dimen345
\tikzleveldistance=\dimen346
\tikzsiblingdistance=\dimen347
\tikz@figbox=\box126
\tikz@figbox@bg=\box127
\tikz@tempbox=\box128
\tikz@tempbox@bg=\box129
\tikztreelevel=\count351
\tikznumberofchildren=\count352
\tikznumberofcurrentchild=\count353
\tikz@fig@count=\count354

(/usr/local/texlive/2020/texmf-dist/tex/generic/pgf/modules/pgfmodulematrix.cod
e.tex
File: pgfmodulematrix.code.tex 2020/01/08 v3.1.5b (3.1.5b)
\pgfmatrixcurrentrow=\count355
\pgfmatrixcurrentcolumn=\count356
\pgf@matrix@numberofcolumns=\count357
)
\tikz@expandcount=\count358

(/usr/local/texlive/2020/texmf-dist/tex/generic/pgf/frontendlayer/tikz/librarie
s/tikzlibrarytopaths.code.tex
File: tikzlibrarytopaths.code.tex 2020/01/08 v3.1.5b (3.1.5b)
)))
(/usr/local/texlive/2020/texmf-dist/tex/generic/pgf/libraries/pgflibraryarrows.
meta.code.tex
File: pgflibraryarrows.meta.code.tex 2020/01/08 v3.1.5b (3.1.5b)
\pgfarrowinset=\dimen348
\pgfarrowlength=\dimen349
\pgfarrowwidth=\dimen350
\pgfarrowlinewidth=\dimen351
)
(/usr/local/texlive/2020/texmf-dist/tex/generic/pgf/frontendlayer/tikz/librarie
s/tikzlibraryshapes.geometric.code.tex
File: tikzlibraryshapes.geometric.code.tex 2020/01/08 v3.1.5b (3.1.5b)

(/usr/local/texlive/2020/texmf-dist/tex/generic/pgf/libraries/shapes/pgflibrary
shapes.geometric.code.tex
File: pgflibraryshapes.geometric.code.tex 2020/01/08 v3.1.5b (3.1.5b)
))
(/usr/local/texlive/2020/texmf-dist/tex/generic/pgf/frontendlayer/tikz/librarie
s/tikzlibrarypositioning.code.tex
File: tikzlibrarypositioning.code.tex 2020/01/08 v3.1.5b (3.1.5b)
)
(/usr/local/texlive/2020/texmf-dist/tex/generic/pgf/frontendlayer/tikz/librarie
s/tikzlibrarydecorations.pathmorphing.code.tex
(/usr/local/texlive/2020/texmf-dist/tex/generic/pgf/frontendlayer/tikz/librarie
s/tikzlibrarydecorations.code.tex
(/usr/local/texlive/2020/texmf-dist/tex/generic/pgf/modules/pgfmoduledecoration
s.code.tex
\pgfdecoratedcompleteddistance=\dimen352
\pgfdecoratedremainingdistance=\dimen353
\pgfdecoratedinputsegmentcompleteddistance=\dimen354
\pgfdecoratedinputsegmentremainingdistance=\dimen355
\pgf@decorate@distancetomove=\dimen356
\pgf@decorate@repeatstate=\count359
\pgfdecorationsegmentamplitude=\dimen357
\pgfdecorationsegmentlength=\dimen358
)
\tikz@lib@dec@box=\box130
)
(/usr/local/texlive/2020/texmf-dist/tex/generic/pgf/libraries/decorations/pgfli
brarydecorations.pathmorphing.code.tex))
(/usr/local/texlive/2020/texmf-dist/tex/generic/pgf/frontendlayer/tikz/librarie
s/tikzlibrarycalc.code.tex
File: tikzlibrarycalc.code.tex 2020/01/08 v3.1.5b (3.1.5b)
)
(/usr/local/texlive/2020/texmf-dist/tex/latex/pdfpages/pdfpages.sty
Package: pdfpages 2020/01/28 v0.5q Insert pages of external PDF documents (AM)

(/usr/local/texlive/2020/texmf-dist/tex/latex/base/ifthen.sty
Package: ifthen 2014/09/29 v1.1c Standard LaTeX ifthen package (DPC)
)
(/usr/local/texlive/2020/texmf-dist/tex/latex/eso-pic/eso-pic.sty
Package: eso-pic 2018/04/12 v2.0h eso-pic (RN)
)
\AM@pagewidth=\dimen359
\AM@pageheight=\dimen360

(/usr/local/texlive/2020/texmf-dist/tex/latex/pdfpages/pppdftex.def
File: pppdftex.def 2020/01/28 v0.5q Pdfpages driver for pdfTeX (AM)
)
\AM@pagebox=\box131
\AM@global@opts=\toks48
\AM@pagecnt=\count360
\AM@toc@title=\toks49
\c@AM@survey=\count361
\AM@templatesizebox=\box132
))
(/Users/dantopa/GitHub//latex-2025//global/config//common//hyperlinks-base.tex
  == BASE CONFIGURATION == /Users/dantopa/GitHub//latex-2025//global/config//co
mmon//"hyperlinks-base.tex"
) (/Users/dantopa/GitHub//latex-2025//global//libs//hyperlinks//hl-mil-org.tex
  >> AUXILIARY LIBRARY << /Users/dantopa/GitHub//latex-2025//global//libs//hype
rlinks//"hl-mil-org.tex"
) (/Users/dantopa/GitHub//latex-2025//global/config//common//listings-codes.tex
  == BASE CONFIGURATION == /Users/dantopa/GitHub//latex-2025//global/config//co
mmon//listings-codes.tex
(/usr/local/texlive/2020/texmf-dist/tex/latex/listings/listings.sty
\lst@mode=\count362
\lst@gtempboxa=\box133
\lst@token=\toks50
\lst@length=\count363
\lst@currlwidth=\dimen361
\lst@column=\count364
\lst@pos=\count365
\lst@lostspace=\dimen362
\lst@width=\dimen363
\lst@newlines=\count366
\lst@lineno=\count367
\lst@maxwidth=\dimen364

(/usr/local/texlive/2020/texmf-dist/tex/latex/listings/lstmisc.sty
File: lstmisc.sty 2020/03/24 1.8d (Carsten Heinz)
\c@lstnumber=\count368
\lst@skipnumbers=\count369
\lst@framebox=\box134
)
(/usr/local/texlive/2020/texmf-dist/tex/latex/listings/listings.cfg
File: listings.cfg 2020/03/24 1.8d listings configuration
))
Package: listings 2020/03/24 1.8d (Carsten Heinz)
File: lststyles.tex 2024/11/26 Custom Listings Styles
)
(/Users/dantopa/GitHub//latex-2025//global/config//common//num-components.tex
  == BASE CONFIGURATION == /Users/dantopa/GitHub//latex-2025//global/config//co
mmon//"num-components.tex"
) (/Users/dantopa/GitHub//latex-2025//global/config//common//num-list.tex
  == BASE CONFIGURATION == /Users/dantopa/GitHub//latex-2025//global/config//co
mmon//"num-list.tex"
(/usr/local/texlive/2020/texmf-dist/tex/latex/enumitem/enumitem.sty
Package: enumitem 2019/06/20 v3.9 Customized lists
\labelindent=\skip74
\enit@outerparindent=\dimen365
\enit@toks=\toks51
\enit@inbox=\box135
\enit@count@id=\count370
\enitdp@description=\count371
)
\c@saveenumi=\count372
)
(/Users/dantopa/GitHub//latex-2025//global/config//common//glossaries.tex
  == BASE CONFIGURATION == /Users/dantopa/GitHub//latex-2025//global/config//co
mmon//"glossaries.tex" 
(/usr/local/texlive/2020/texmf-dist/tex/latex/glossaries/base/glossaries.sty
Package: glossaries 2020/03/19 v4.46 (NLCT)

(/usr/local/texlive/2020/texmf-dist/tex/latex/xkeyval/xkeyval.sty
Package: xkeyval 2014/12/03 v2.7a package option processing (HA)

(/usr/local/texlive/2020/texmf-dist/tex/generic/xkeyval/xkeyval.tex
(/usr/local/texlive/2020/texmf-dist/tex/generic/xkeyval/xkvutils.tex
\XKV@toks=\toks52
\XKV@tempa@toks=\toks53
)
\XKV@depth=\count373
File: xkeyval.tex 2014/12/03 v2.7a key=value parser (HA)
))
(/usr/local/texlive/2020/texmf-dist/tex/latex/mfirstuc/mfirstuc.sty
Package: mfirstuc 2017/11/14 v2.06 (NLCT)
\@glsmfirst=\toks54
\@glsmrest=\toks55
)
(/usr/local/texlive/2020/texmf-dist/tex/latex/textcase/textcase.sty
Package: textcase 2019/09/14 v1.00 Text only upper/lower case changing (DPC)
)
(/usr/local/texlive/2020/texmf-dist/tex/latex/xfor/xfor.sty
Package: xfor 2009/02/05 v1.05 (NLCT)
)
(/usr/local/texlive/2020/texmf-dist/tex/latex/datatool/datatool-base.sty
Package: datatool-base 2019/09/27 v2.32 (NLCT)

(/usr/local/texlive/2020/texmf-dist/tex/latex/substr/substr.sty
Package: substr 2009/10/20 v1.2 Handle substrings
\c@su@anzahl=\count374
)
(/usr/local/texlive/2020/texmf-dist/tex/latex/datatool/datatool-fp.sty
Package: datatool-fp 2019/09/27 v2.32 (NLCT)

(/usr/local/texlive/2020/texmf-dist/tex/latex/fp/fp.sty
Package: fp 1995/04/02

`Fixed Point Package', Version 0.8, April 2, 1995 (C) Michael Mehlich
(/usr/local/texlive/2020/texmf-dist/tex/latex/fp/defpattern.sty
Package: defpattern 1994/10/12
\actioncount=\count375
)
(/usr/local/texlive/2020/texmf-dist/tex/latex/fp/fp-basic.sty
Package: fp-basic 1996/05/13
\FP@xs=\count376
\FP@xia=\count377
\FP@xib=\count378
\FP@xfa=\count379
\FP@xfb=\count380
\FP@rega=\count381
\FP@regb=\count382
\FP@regs=\count383
\FP@times=\count384
)
(/usr/local/texlive/2020/texmf-dist/tex/latex/fp/fp-addons.sty
Package: fp-addons 1995/03/15
)
(/usr/local/texlive/2020/texmf-dist/tex/latex/fp/fp-snap.sty
Package: fp-snap 1995/04/05
)
(/usr/local/texlive/2020/texmf-dist/tex/latex/fp/fp-exp.sty
Package: fp-exp 1995/04/03
)
(/usr/local/texlive/2020/texmf-dist/tex/latex/fp/fp-trigo.sty
Package: fp-trigo 1995/04/14
)
(/usr/local/texlive/2020/texmf-dist/tex/latex/fp/fp-pas.sty
Package: fp-pas 1994/08/29
)
(/usr/local/texlive/2020/texmf-dist/tex/latex/fp/fp-random.sty
Package: fp-random 1995/02/23
\FPseed=\count385
)
(/usr/local/texlive/2020/texmf-dist/tex/latex/fp/fp-eqn.sty
Package: fp-eqn 1995/04/03
)
(/usr/local/texlive/2020/texmf-dist/tex/latex/fp/fp-upn.sty
Package: fp-upn 1996/10/21
)
(/usr/local/texlive/2020/texmf-dist/tex/latex/fp/fp-eval.sty
Package: fp-eval 1995/04/03
)))
\@dtl@toks=\toks56
\@dtl@tmpcount=\count386
\dtl@tmplength=\skip75
\dtl@sortresult=\count387
\@dtl@numgrpsepcount=\count388
\@dtl@datatype=\count389
\dtl@codeA=\count390
\dtl@codeB=\count391
\@dtl@foreach@level=\count392
)
(/usr/local/texlive/2020/texmf-dist/tex/latex/glossaries/base/glossaries-compat
ible-307.sty
Package: glossaries-compatible-307 2020/03/19 v4.46 (NLCT)
)
(/usr/local/texlive/2020/texmf-dist/tex/latex/tracklang/tracklang.sty
Package: tracklang 2019/11/30 v1.4 (NLCT) Track Languages

(/usr/local/texlive/2020/texmf-dist/tex/generic/tracklang/tracklang.tex))
(/usr/local/texlive/2020/texmf-dist/tex/latex/glossaries-english/glossaries-eng
lish.ldf
File: glossaries-english.ldf 2014/11/23 v1.0
)
\gls@level=\count393
\@gls@tmpb=\toks57
\gls@tmplen=\skip76
\glskeylisttok=\toks58
\glslabeltok=\toks59
\glsshorttok=\toks60
\glslongtok=\toks61

(/usr/local/texlive/2020/texmf-dist/tex/latex/glossaries/styles/glossary-hypern
av.sty
Package: glossary-hypernav 2020/03/19 v4.46 (NLCT)
)
(/usr/local/texlive/2020/texmf-dist/tex/latex/glossaries/styles/glossary-list.s
ty
Package: glossary-list 2020/03/19 v4.46 (NLCT)
\glslistdottedwidth=\skip77
)
(/usr/local/texlive/2020/texmf-dist/tex/latex/glossaries/styles/glossary-long.s
ty
Package: glossary-long 2020/03/19 v4.46 (NLCT)
 (/usr/local/texlive/2020/texmf-dist/tex/latex/tools/longtable.sty
Package: longtable 2020/01/07 v4.13 Multi-page Table package (DPC)
\LTleft=\skip78
\LTright=\skip79
\LTpre=\skip80
\LTpost=\skip81
\LTchunksize=\count394
\LTcapwidth=\dimen366
\LT@head=\box136
\LT@firsthead=\box137
\LT@foot=\box138
\LT@lastfoot=\box139
\LT@cols=\count395
\LT@rows=\count396
\c@LT@tables=\count397
\c@LT@chunks=\count398
\LT@p@ftn=\toks62
)
\glsdescwidth=\skip82
\glspagelistwidth=\skip83
)
(/usr/local/texlive/2020/texmf-dist/tex/latex/glossaries/styles/glossary-super.
sty
Package: glossary-super 2020/03/19 v4.46 (NLCT)
 (/usr/local/texlive/2020/texmf-dist/tex/latex/supertabular/supertabular.sty
Package: supertabular 2020/02/02 v4.1g the supertabular environment
\c@tracingst=\count399
\ST@wd=\dimen367
\ST@rightskip=\skip84
\ST@leftskip=\skip85
\ST@parfillskip=\skip86
\ST@pageleft=\dimen368
\ST@headht=\dimen369
\ST@tailht=\dimen370
\ST@pagesofar=\dimen371
\ST@pboxht=\dimen372
\ST@lineht=\dimen373
\ST@prevht=\dimen374
\ST@toadd=\dimen375
\ST@dimen=\dimen376
\ST@pbox=\box140
))
(/usr/local/texlive/2020/texmf-dist/tex/latex/glossaries/styles/glossary-tree.s
ty
Package: glossary-tree 2020/03/19 v4.46 (NLCT)
\glstreeindent=\skip87
))
\glswrite=\write5
\glo@main@file=\write6
\openout6 = `main-cwh-textbook.glo'.

Package glossaries Info: Writing glossary file main-cwh-textbook.glo on input l
ine 8.
\glo@acronym@file=\write7
\openout7 = `main-cwh-textbook.acn'.

Package glossaries Info: Writing glossary file main-cwh-textbook.acn on input l
ine 8.
) (/Users/dantopa/GitHub//latex-2025//global/config//common//aux-loads.tex
  == BASE CONFIGURATION == /Users/dantopa/GitHub//latex-2025//global/config//co
mmon//"aux-loads.tex"
(/Users/dantopa/GitHub//latex-2025//global//libs//aux//lib-colors.tex
  >> AUXILIARY LIBRARY << /Users/dantopa/GitHub//latex-2025//global//libs//aux/
/"lib-colors.tex"
) (/Users/dantopa/GitHub//latex-2025//global//libs//aux//lib-delimiters.tex
  >> AUXILIARY LIBRARY << /Users/dantopa/GitHub//latex-2025//global//libs//aux/
/"lib-delimiters.tex"
) (/Users/dantopa/GitHub//latex-2025//global//libs//aux//lib-A.tex
  >> AUXILIARY LIBRARY << /Users/dantopa/GitHub//latex-2025//global//libs//aux/
/"lib-A.tex"
) (/Users/dantopa/GitHub//latex-2025//global//libs//aux//lib-bold-letters.tex
  >> AUXILIARY LIBRARY << /Users/dantopa/GitHub//latex-2025//global//libs//aux/
/"lib-bold-letters.tex"
) (/Users/dantopa/GitHub//latex-2025//global//libs//aux//lib-mat-basics.tex
  >> AUXILIARY LIBRARY << /Users/dantopa/GitHub//latex-2025//pres/cwh-textbook/
/local//libs//aux/Global/"lib-mat-basics.tex"
))) (/Users/dantopa/GitHub//latex-2025//global/config//pres/config-flavor.tex
  ** FLAVOR CONFIGURATION ** /Users/dantopa/GitHub//latex-2025//global/config//
pres//"config-flavor.tex"
(/Users/dantopa/GitHub//latex-2025//global/config//pres//aesthetics.tex
  ** FLAVOR CONFIGURATION ** /Users/dantopa/GitHub//latex-2025//global/config//
pres//"aesthetics.tex"
(/usr/local/texlive/2020/texmf-dist/tex/latex/beamer/beamerthemeCopenhagen.sty
(/usr/local/texlive/2020/texmf-dist/tex/latex/beamer/beamerouterthemesplit.sty)

(/usr/local/texlive/2020/texmf-dist/tex/latex/beamer/beamerinnerthemerounded.st
y)
(/usr/local/texlive/2020/texmf-dist/tex/latex/beamer/beamercolorthemewhale.sty)

(/usr/local/texlive/2020/texmf-dist/tex/latex/beamer/beamercolorthemeorchid.sty
))
(/usr/local/texlive/2020/texmf-dist/tex/latex/beamer/beamercolorthemebeaver.sty
)
(/usr/local/texlive/2020/texmf-dist/tex/latex/beamer/beamerfontthemestructurebo
ld.sty)
(/usr/local/texlive/2020/texmf-dist/tex/latex/beamer/beamerfontthemeserif.sty))
(/Users/dantopa/GitHub//latex-2025//global/config//pres//jumps.tex
  ** FLAVOR CONFIGURATION ** /Users/dantopa/GitHub//latex-2025//global/config//
pres//"jumps.tex"
) (/Users/dantopa/GitHub//latex-2025//global/config//pres//packages-flavor.tex
  ** FLAVOR CONFIGURATION ** /Users/dantopa/GitHub//latex-2025//global/config//
pres//"packages-flavor.tex"
(/usr/local/texlive/2020/texmf-dist/tex/latex/textpos/textpos.sty
Package: textpos 2019/04/15 v1.9.1

Package: textpos 2019/04/15 1.9.1, absolute positioning of text on the page
\TP@textbox=\box141
\TP@holdbox=\box142
\TPHorizModule=\dimen377
\TPVertModule=\dimen378
\TP@margin=\dimen379
\TP@absmargin=\dimen380
Grid set 16 x 16 = 22.7622pt x 17.07166pt
\TPboxrulesize=\dimen381
\TP@ox=\dimen382
\TP@oy=\dimen383
\TP@tbargs=\toks63
\TP@prevdepth=\dimen384
TextBlockOrigin set to 0pt x 0pt
)) (/Users/dantopa/GitHub//latex-2025//global/config//pres//theorems-flavor.tex
  ** FLAVOR CONFIGURATION ** /Users/dantopa/GitHub//latex-2025//global/config//
pres//"theorems-flavor.tex"
(/Users/dantopa/GitHub//latex-2025//global//libs//aux//lib-proofs.tex
  >> AUXILIARY LIBRARY << /Users/dantopa/GitHub//latex-2025//global//libs//aux/
/"lib-proofs.tex"
)))
(/Users/dantopa/GitHub//latex-2025//pres/cwh-textbook//local//config/config-loc
al.tex
  -- LOCAL CONFIGURATION -- /Users/dantopa/GitHub//latex-2025//pres/cwh-textboo
k//local//config//"config-local.tex"

(/Users/dantopa/GitHub//latex-2025//pres/cwh-textbook//local//config/hyperlinks
-local.tex
  -- LOCAL CONFIGURATION -- /Users/dantopa/GitHub//latex-2025//pres/cwh-textboo
k//local//config//"hyperlinks-local.tex"
(/Users/dantopa/GitHub//latex-2025//global//libs//hyperlinks//hl-theorems.tex
  >> AUXILIARY LIBRARY << /Users/dantopa/GitHub//latex-2025//global//libs//hype
rlinks//"hi-theorems.tex"
))
(/Users/dantopa/GitHub//latex-2025//pres/cwh-textbook//local//config/aux-local.
tex
  -- LOCAL CONFIGURATION -- /Users/dantopa/GitHub//latex-2025//pres/cwh-textboo
k//local//config//"aux-local.tex"
(/Users/dantopa/GitHub//latex-2025//global//libs//aux//lib-fields.tex
  >> AUXILIARY LIBRARY << /Users/dantopa/GitHub//latex-2025//pres/cwh-textbook/
/local//libs//aux/Global/"lib-fields.tex"
))
(/Users/dantopa/GitHub//latex-2025//pres/cwh-textbook//local//config/macros-loc
al.tex
  -- LOCAL CONFIGURATION -- /Users/dantopa/GitHub//latex-2025//pres/cwh-textboo
k//local//config//"macros-local.tex"
\xcoord=\count400
\ycoord=\count401
\yoffset=\count402
)
(/Users/dantopa/GitHub//latex-2025//pres/cwh-textbook//local//config/packages-l
ocal.tex
  -- LOCAL CONFIGURATION -- /Users/dantopa/GitHub//latex-2025//pres/cwh-textboo
k//local//config//"packages-local.tex"
(/Users/dantopa/GitHub//latex-2025//global//libs//aux//lib-norms.tex
  >> AUXILIARY LIBRARY << /Users/dantopa/GitHub//latex-2025//global//libs//aux/
/"lib-norms.tex"
) (/usr/local/texlive/2020/texmf-dist/tex/latex/pgfplots/pgfplots.sty
(/usr/local/texlive/2020/texmf-dist/tex/generic/pgfplots/pgfplots.revision.tex)
Package: pgfplots 2020/02/29 v1.17 Data Visualization (1.17)
(/usr/local/texlive/2020/texmf-dist/tex/generic/pgfplots/pgfplots.code.tex
(/usr/local/texlive/2020/texmf-dist/tex/generic/pgfplots/pgfplotscore.code.tex
\t@pgfplots@toka=\toks64
\t@pgfplots@tokb=\toks65
\t@pgfplots@tokc=\toks66
\pgfplots@tmpa=\dimen385
\c@pgfplots@coordindex=\count403
\c@pgfplots@scanlineindex=\count404

(/usr/local/texlive/2020/texmf-dist/tex/generic/pgfplots/sys/pgfplotssysgeneric
.code.tex))
(/usr/local/texlive/2020/texmf-dist/tex/generic/pgfplots/libs/pgfplotslibrary.c
ode.tex)
(/usr/local/texlive/2020/texmf-dist/tex/generic/pgfplots/oldpgfcompatib/pgfplot
soldpgfsupp_loader.code.tex
(/usr/local/texlive/2020/texmf-dist/tex/generic/pgf/libraries/pgflibraryfpu.cod
e.tex))
(/usr/local/texlive/2020/texmf-dist/tex/generic/pgfplots/util/pgfplotsutil.code
.tex
(/usr/local/texlive/2020/texmf-dist/tex/generic/pgfplots/liststructure/pgfplots
liststructure.code.tex)
(/usr/local/texlive/2020/texmf-dist/tex/generic/pgfplots/liststructure/pgfplots
liststructureext.code.tex)
(/usr/local/texlive/2020/texmf-dist/tex/generic/pgfplots/liststructure/pgfplots
array.code.tex
\c@pgfplotsarray@tmp=\count405
)
(/usr/local/texlive/2020/texmf-dist/tex/generic/pgfplots/liststructure/pgfplots
matrix.code.tex)
(/usr/local/texlive/2020/texmf-dist/tex/generic/pgfplots/numtable/pgfplotstable
shared.code.tex
\c@pgfplotstable@counta=\count406
\t@pgfplotstable@a=\toks67
)
(/usr/local/texlive/2020/texmf-dist/tex/generic/pgfplots/liststructure/pgfplots
deque.code.tex)
(/usr/local/texlive/2020/texmf-dist/tex/generic/pgfplots/util/pgfplotsbinary.co
de.tex
(/usr/local/texlive/2020/texmf-dist/tex/generic/pgfplots/util/pgfplotsbinary.da
ta.code.tex))
(/usr/local/texlive/2020/texmf-dist/tex/generic/pgfplots/util/pgfplotsutil.verb
.code.tex)
(/usr/local/texlive/2020/texmf-dist/tex/generic/pgfplots/libs/pgflibrarypgfplot
s.surfshading.code.tex
\c@pgfplotslibrarysurf@no=\count407

(/usr/local/texlive/2020/texmf-dist/tex/generic/pgfplots/sys/pgflibrarypgfplots
.surfshading.pgfsys-pdftex.def)))
(/usr/local/texlive/2020/texmf-dist/tex/generic/pgfplots/util/pgfplotscolormap.
code.tex
(/usr/local/texlive/2020/texmf-dist/tex/generic/pgfplots/util/pgfplotscolor.cod
e.tex))
(/usr/local/texlive/2020/texmf-dist/tex/generic/pgfplots/pgfplotsstackedplots.c
ode.tex)
(/usr/local/texlive/2020/texmf-dist/tex/generic/pgfplots/pgfplotsplothandlers.c
ode.tex
(/usr/local/texlive/2020/texmf-dist/tex/generic/pgfplots/pgfplotsmeshplothandle
r.code.tex
(/usr/local/texlive/2020/texmf-dist/tex/generic/pgfplots/pgfplotsmeshplotimage.
code.tex)))
(/usr/local/texlive/2020/texmf-dist/tex/generic/pgfplots/pgfplots.scaling.code.
tex)
(/usr/local/texlive/2020/texmf-dist/tex/generic/pgfplots/pgfplotscoordprocessin
g.code.tex)
(/usr/local/texlive/2020/texmf-dist/tex/generic/pgfplots/pgfplots.errorbars.cod
e.tex)
(/usr/local/texlive/2020/texmf-dist/tex/generic/pgfplots/pgfplots.markers.code.
tex)
(/usr/local/texlive/2020/texmf-dist/tex/generic/pgfplots/pgfplotsticks.code.tex
)
(/usr/local/texlive/2020/texmf-dist/tex/generic/pgfplots/pgfplots.paths.code.te
x)
(/usr/local/texlive/2020/texmf-dist/tex/generic/pgf/frontendlayer/tikz/librarie
s/tikzlibrarydecorations.pathreplacing.code.tex
(/usr/local/texlive/2020/texmf-dist/tex/generic/pgf/libraries/decorations/pgfli
brarydecorations.pathreplacing.code.tex))
\pgfplots@numplots=\count408
\pgfplots@xmin@reg=\dimen386
\pgfplots@xmax@reg=\dimen387
\pgfplots@ymin@reg=\dimen388
\pgfplots@ymax@reg=\dimen389
\pgfplots@zmin@reg=\dimen390
\pgfplots@zmax@reg=\dimen391
)
(/usr/local/texlive/2020/texmf-dist/tex/generic/pgf/frontendlayer/tikz/librarie
s/tikzlibraryplotmarks.code.tex
File: tikzlibraryplotmarks.code.tex 2020/01/08 v3.1.5b (3.1.5b)

(/usr/local/texlive/2020/texmf-dist/tex/generic/pgf/libraries/pgflibraryplotmar
ks.code.tex
File: pgflibraryplotmarks.code.tex 2020/01/08 v3.1.5b (3.1.5b)
))) (/usr/local/texlive/2020/texmf-dist/tex/latex/cancel/cancel.sty
Package: cancel 2013/04/12 v2.2 Cancel math terms
)))
 @@ DOCUMENT SETUP @@ 
(/Users/dantopa/GitHub//latex-2025//global/config//common//href-hidden.tex
  == BASE CONFIGURATION == /Users/dantopa/GitHub//latex-2025//global/config//co
mmon//"href-hidden.tex"
) (/Users/dantopa/GitHub//latex-2025//global/config//common//bib-config-a.tex
  == BASE CONFIGURATION == /Users/dantopa/GitHub//latex-2025//global/config//co
mmon//"bib-config-a.tex"
(/usr/local/texlive/2020/texmf-dist/tex/latex/biblatex/biblatex.sty
Package: biblatex 2019/12/01 v3.14 programmable bibliographies (PK/MW)

(/usr/local/texlive/2020/texmf-dist/tex/latex/logreq/logreq.sty
Package: logreq 2010/08/04 v1.0 xml request logger
\lrq@indent=\count409

(/usr/local/texlive/2020/texmf-dist/tex/latex/logreq/logreq.def
File: logreq.def 2010/08/04 v1.0 logreq spec v1.0
))
\c@tabx@nest=\count410
\c@listtotal=\count411
\c@listcount=\count412
\c@liststart=\count413
\c@liststop=\count414
\c@citecount=\count415
\c@citetotal=\count416
\c@multicitecount=\count417
\c@multicitetotal=\count418
\c@instcount=\count419
\c@maxnames=\count420
\c@minnames=\count421
\c@maxitems=\count422
\c@minitems=\count423
\c@citecounter=\count424
\c@maxcitecounter=\count425
\c@savedcitecounter=\count426
\c@uniquelist=\count427
\c@uniquename=\count428
\c@refsection=\count429
\c@refsegment=\count430
\c@maxextratitle=\count431
\c@maxextratitleyear=\count432
\c@maxextraname=\count433
\c@maxextradate=\count434
\c@maxextraalpha=\count435
\c@abbrvpenalty=\count436
\c@highnamepenalty=\count437
\c@lownamepenalty=\count438
\c@maxparens=\count439
\c@parenlevel=\count440
\blx@tempcnta=\count441
\blx@tempcntb=\count442
\blx@tempcntc=\count443
\blx@maxsection=\count444
\blx@maxsegment@0=\count445
\blx@notetype=\count446
\blx@parenlevel@text=\count447
\blx@parenlevel@foot=\count448
\blx@sectionciteorder@0=\count449
\blx@entrysetcounter=\count450
\labelnumberwidth=\skip88
\labelalphawidth=\skip89
\biblabelsep=\skip90
\bibitemsep=\skip91
\bibnamesep=\skip92
\bibinitsep=\skip93
\bibparsep=\skip94
\bibhang=\skip95
\blx@bcfin=\read4
\blx@bcfout=\write8
\blx@langwohyphens=\language86
\c@mincomprange=\count451
\c@maxcomprange=\count452
\c@mincompwidth=\count453
Package biblatex Info: Trying to load biblatex default data model...
Package biblatex Info: ... file 'blx-dm.def' found.

(/usr/local/texlive/2020/texmf-dist/tex/latex/biblatex/blx-dm.def
File: blx-dm.def 2019/12/01 v3.14 biblatex localization (PK/MW)
)
Package biblatex Info: Trying to load biblatex style data model...
Package biblatex Info: ... file 'numeric.dbx' not found.
Package biblatex Info: Trying to load biblatex custom data model...
Package biblatex Info: ... file 'biblatex-dm.cfg' not found.
\c@afterword=\count454
\c@savedafterword=\count455
\c@annotator=\count456
\c@savedannotator=\count457
\c@author=\count458
\c@savedauthor=\count459
\c@bookauthor=\count460
\c@savedbookauthor=\count461
\c@commentator=\count462
\c@savedcommentator=\count463
\c@editor=\count464
\c@savededitor=\count465
\c@editora=\count466
\c@savededitora=\count467
\c@editorb=\count468
\c@savededitorb=\count469
\c@editorc=\count470
\c@savededitorc=\count471
\c@foreword=\count472
\c@savedforeword=\count473
\c@holder=\count474
\c@savedholder=\count475
\c@introduction=\count476
\c@savedintroduction=\count477
\c@namea=\count478
\c@savednamea=\count479
\c@nameb=\count480
\c@savednameb=\count481
\c@namec=\count482
\c@savednamec=\count483
\c@translator=\count484
\c@savedtranslator=\count485
\c@shortauthor=\count486
\c@savedshortauthor=\count487
\c@shorteditor=\count488
\c@savedshorteditor=\count489
\c@labelname=\count490
\c@savedlabelname=\count491
\c@institution=\count492
\c@savedinstitution=\count493
\c@lista=\count494
\c@savedlista=\count495
\c@listb=\count496
\c@savedlistb=\count497
\c@listc=\count498
\c@savedlistc=\count499
\c@listd=\count500
\c@savedlistd=\count501
\c@liste=\count502
\c@savedliste=\count503
\c@listf=\count504
\c@savedlistf=\count505
\c@location=\count506
\c@savedlocation=\count507
\c@organization=\count508
\c@savedorganization=\count509
\c@origlocation=\count510
\c@savedoriglocation=\count511
\c@origpublisher=\count512
\c@savedorigpublisher=\count513
\c@publisher=\count514
\c@savedpublisher=\count515
\c@language=\count516
\c@savedlanguage=\count517
\c@origlanguage=\count518
\c@savedoriglanguage=\count519
\c@pageref=\count520
\c@savedpageref=\count521
\shorthandwidth=\skip96
\shortjournalwidth=\skip97
\shortserieswidth=\skip98
\shorttitlewidth=\skip99
\shortauthorwidth=\skip100
\shorteditorwidth=\skip101
\locallabelnumberwidth=\skip102
\locallabelalphawidth=\skip103
\localshorthandwidth=\skip104
\localshortjournalwidth=\skip105
\localshortserieswidth=\skip106
\localshorttitlewidth=\skip107
\localshortauthorwidth=\skip108
\localshorteditorwidth=\skip109
Package biblatex Info: Trying to load compatibility code...
Package biblatex Info: ... file 'blx-compat.def' found.

(/usr/local/texlive/2020/texmf-dist/tex/latex/biblatex/blx-compat.def
File: blx-compat.def 2019/12/01 v3.14 biblatex compatibility (PK/MW)
)
Package biblatex Info: Trying to load generic definitions...
Package biblatex Info: ... file 'biblatex.def' found.

(/usr/local/texlive/2020/texmf-dist/tex/latex/biblatex/biblatex.def
File: biblatex.def 2019/12/01 v3.14 biblatex compatibility (PK/MW)
\c@textcitecount=\count522
\c@textcitetotal=\count523
\c@textcitemaxnames=\count524
\c@biburlbigbreakpenalty=\count525
\c@biburlbreakpenalty=\count526
\c@biburlnumpenalty=\count527
\c@biburlucpenalty=\count528
\c@biburllcpenalty=\count529
\biburlbigskip=\muskip18
\biburlnumskip=\muskip19
\biburlucskip=\muskip20
\biburllcskip=\muskip21
\c@smartand=\count530
)
Package biblatex Info: Trying to load bibliography style 'numeric'...
Package biblatex Info: ... file 'numeric.bbx' found.

(/usr/local/texlive/2020/texmf-dist/tex/latex/biblatex/bbx/numeric.bbx
File: numeric.bbx 2019/12/01 v3.14 biblatex bibliography style (PK/MW)
Package biblatex Info: Trying to load bibliography style 'standard'...
Package biblatex Info: ... file 'standard.bbx' found.

(/usr/local/texlive/2020/texmf-dist/tex/latex/biblatex/bbx/standard.bbx
File: standard.bbx 2019/12/01 v3.14 biblatex bibliography style (PK/MW)
\c@bbx:relatedcount=\count531
\c@bbx:relatedtotal=\count532
))
Package biblatex Info: Trying to load citation style 'numeric'...
Package biblatex Info: ... file 'numeric.cbx' found.

(/usr/local/texlive/2020/texmf-dist/tex/latex/biblatex/cbx/numeric.cbx
File: numeric.cbx 2019/12/01 v3.14 biblatex citation style (PK/MW)
Package biblatex Info: Redefining '\cite'.
Package biblatex Info: Redefining '\parencite'.
Package biblatex Info: Redefining '\footcite'.
Package biblatex Info: Redefining '\footcitetext'.
Package biblatex Info: Redefining '\smartcite'.
Package biblatex Info: Redefining '\supercite'.
Package biblatex Info: Redefining '\textcite'.
Package biblatex Info: Redefining '\textcites'.
Package biblatex Info: Redefining '\cites'.
Package biblatex Info: Redefining '\parencites'.
Package biblatex Info: Redefining '\smartcites'.
)
Package biblatex Info: Trying to load configuration file...
Package biblatex Info: ... file 'biblatex.cfg' found.

(/usr/local/texlive/2020/texmf-dist/tex/latex/biblatex/biblatex.cfg
File: biblatex.cfg 
)))

Package hyperref Warning: Token not allowed in a PDF string (PDFDocEncoding):
(hyperref)                removing `\\' on input line 67.

\@quotelevel=\count533
\@quotereset=\count534
(./main-cwh-textbook.aux

LaTeX Warning: Label `eq:soln-complete' multiply defined.


LaTeX Warning: Label `eq:soln-complete' multiply defined.


LaTeX Warning: Label `eq:def:autonomous' multiply defined.


LaTeX Warning: Label `eq:flow' multiply defined.


LaTeX Warning: Label `thm:ftols' multiply defined.


LaTeX Warning: Label `eq:thm:ftols:system' multiply defined.


LaTeX Warning: Label `eq:thm:ftols:soln' multiply defined.


LaTeX Warning: Label `eq:characteristic' multiply defined.


LaTeX Warning: Label `def:matrix-exp' multiply defined.


LaTeX Warning: Label `thm:ftols' multiply defined.


LaTeX Warning: Label `eq:thm:ftols:system' multiply defined.


LaTeX Warning: Label `eq:thm:ftols:soln' multiply defined.


LaTeX Warning: Label `eq:proof:1' multiply defined.


LaTeX Warning: Label `eq:proof:2' multiply defined.


LaTeX Warning: Label `eq:proof:3' multiply defined.


LaTeX Warning: Label `eq:slo-mo' multiply defined.

)
Runaway argument?
{\de 
./main-cwh-textbook.tex:71: File ended while scanning use of \@writefile.
<inserted text> 
                \par 
l.71 \begin{document}
                     
? 
\openout1 = `main-cwh-textbook.aux'.

LaTeX Font Info:    Checking defaults for OML/cmm/m/it on input line 71.
LaTeX Font Info:    ... okay on input line 71.
LaTeX Font Info:    Checking defaults for OMS/cmsy/m/n on input line 71.
LaTeX Font Info:    ... okay on input line 71.
LaTeX Font Info:    Checking defaults for OT1/cmr/m/n on input line 71.
LaTeX Font Info:    ... okay on input line 71.
LaTeX Font Info:    Checking defaults for T1/cmr/m/n on input line 71.
LaTeX Font Info:    ... okay on input line 71.
LaTeX Font Info:    Checking defaults for TS1/cmr/m/n on input line 71.
LaTeX Font Info:    ... okay on input line 71.
LaTeX Font Info:    Checking defaults for OMX/cmex/m/n on input line 71.
LaTeX Font Info:    ... okay on input line 71.
LaTeX Font Info:    Checking defaults for U/cmr/m/n on input line 71.
LaTeX Font Info:    ... okay on input line 71.
LaTeX Font Info:    Checking defaults for PD1/pdf/m/n on input line 71.
LaTeX Font Info:    ... okay on input line 71.
LaTeX Font Info:    Trying to load font information for T1+lmss on input line 7
1.
(/usr/local/texlive/2020/texmf-dist/tex/latex/lm/t1lmss.fd
File: t1lmss.fd 2009/10/30 v1.6 Font defs for Latin Modern
)
LaTeX Font Info:    Font shape `T1/lmss/b/n' in size <10.95> not available
(Font)              Font shape `T1/lmss/bx/n' tried instead on input line 71.

*geometry* driver: auto-detecting
*geometry* detected driver: pdftex
*geometry* verbose mode - [ preamble ] result:
* driver: pdftex
* paper: custom
* layout: <same size as paper>
* layoutoffset:(h,v)=(0.0pt,0.0pt)
* modes: includehead includefoot 
* h-part:(L,W,R)=(28.45274pt, 307.28987pt, 28.45274pt)
* v-part:(T,H,B)=(0.0pt, 273.14662pt, 0.0pt)
* \paperwidth=364.19536pt
* \paperheight=273.14662pt
* \textwidth=307.28987pt
* \textheight=244.6939pt
* \oddsidemargin=-43.81725pt
* \evensidemargin=-43.81725pt
* \topmargin=-72.26999pt
* \headheight=14.22636pt
* \headsep=0.0pt
* \topskip=11.0pt
* \footskip=14.22636pt
* \marginparwidth=4.0pt
* \marginparsep=10.0pt
* \columnsep=10.0pt
* \skip\footins=10.0pt plus 4.0pt minus 2.0pt
* \hoffset=0.0pt
* \voffset=0.0pt
* \mag=1000
* \@twocolumnfalse
* \@twosidefalse
* \@mparswitchfalse
* \@reversemarginfalse
* (1in=72.27pt=25.4mm, 1cm=28.453pt)

(/usr/local/texlive/2020/texmf-dist/tex/context/base/mkii/supp-pdf.mkii
[Loading MPS to PDF converter (version 2006.09.02).]
\scratchcounter=\count535
\scratchdimen=\dimen392
\scratchbox=\box143
\nofMPsegments=\count536
\nofMParguments=\count537
\everyMPshowfont=\toks68
\MPscratchCnt=\count538
\MPscratchDim=\dimen393
\MPnumerator=\count539
\makeMPintoPDFobject=\count540
\everyMPtoPDFconversion=\toks69
) (/usr/local/texlive/2020/texmf-dist/tex/latex/epstopdf-pkg/epstopdf-base.sty
Package: epstopdf-base 2020-01-24 v2.11 Base part for package epstopdf

(/usr/local/texlive/2020/texmf-dist/tex/latex/grfext/grfext.sty
Package: grfext 2019/12/03 v1.3 Manage graphics extensions (HO)
)
Package epstopdf-base Info: Redefining graphics rule for `.eps' on input line 4
85.
Package grfext Info: Graphics extension search list:
(grfext)             [.pdf,.png,.jpg,.mps,.jpeg,.jbig2,.jb2,.PDF,.PNG,.JPG,.JPE
G,.JBIG2,.JB2,.eps]
(grfext)             \AppendGraphicsExtensions on input line 504.

(/usr/local/texlive/2020/texmf-dist/tex/latex/latexconfig/epstopdf-sys.cfg
File: epstopdf-sys.cfg 2010/07/13 v1.3 Configuration of (r)epstopdf for TeX Liv
e
))
ABD: EveryShipout initializing macros
\AtBeginShipoutBox=\box144
Package hyperref Info: Link coloring OFF on input line 71.

(/usr/local/texlive/2020/texmf-dist/tex/latex/hyperref/nameref.sty
Package: nameref 2019/09/16 v2.46 Cross-referencing by name of section

(/usr/local/texlive/2020/texmf-dist/tex/latex/refcount/refcount.sty
Package: refcount 2019/12/15 v3.6 Data extraction from label references (HO)
)
(/usr/local/texlive/2020/texmf-dist/tex/generic/gettitlestring/gettitlestring.s
ty
Package: gettitlestring 2019/12/15 v1.6 Cleanup title references (HO)
)
\c@section@level=\count541
)
LaTeX Info: Redefining \ref on input line 71.
LaTeX Info: Redefining \pageref on input line 71.
LaTeX Info: Redefining \nameref on input line 71.
 (./main-cwh-textbook.out) (./main-cwh-textbook.out)
\@outlinefile=\write9
\openout9 = `main-cwh-textbook.out'.


(/usr/local/texlive/2020/texmf-dist/tex/latex/translator/translator-basic-dicti
onary-English.dict
Dictionary: translator-basic-dictionary, Language: English 
)
(/usr/local/texlive/2020/texmf-dist/tex/latex/translator/translator-bibliograph
y-dictionary-English.dict
Dictionary: translator-bibliography-dictionary, Language: English 
)
(/usr/local/texlive/2020/texmf-dist/tex/latex/translator/translator-environment
-dictionary-English.dict
Dictionary: translator-environment-dictionary, Language: English 
)
(/usr/local/texlive/2020/texmf-dist/tex/latex/translator/translator-months-dict
ionary-English.dict
Dictionary: translator-months-dictionary, Language: English 
)
(/usr/local/texlive/2020/texmf-dist/tex/latex/translator/translator-numbers-dic
tionary-English.dict
Dictionary: translator-numbers-dictionary, Language: English 
)
(/usr/local/texlive/2020/texmf-dist/tex/latex/translator/translator-theorem-dic
tionary-English.dict
Dictionary: translator-theorem-dictionary, Language: English 
)
(/usr/local/texlive/2020/texmf-dist/tex/latex/pdflscape/pdflscape.sty
Package: pdflscape 2019/12/05 v0.12 Display of landscape pages in PDF (HO)

(/usr/local/texlive/2020/texmf-dist/tex/latex/graphics/lscape.sty
Package: lscape 2000/10/22 v3.01 Landscape Pages (DPC)
)
Package pdflscape Info: Auto-detected driver: pdftex on input line 81.
)
\c@lstlisting=\count542


Package pgfplots Warning: running in backwards compatibility mode (unsuitable t
ick labels; missing features). Consider writing \pgfplotsset{compat=1.17} into 
your preamble.
 on input line 71.

Package biblatex Info: Trying to load language 'english'...
Package biblatex Info: ... file 'english.lbx' found.
(/usr/local/texlive/2020/texmf-dist/tex/latex/biblatex/lbx/english.lbx
File: english.lbx 2019/12/01 v3.14 biblatex localization (PK/MW)
)
Package biblatex Info: Input encoding 'utf8' detected.
Package biblatex Info: Automatic encoding selection.
(biblatex)             Assuming data encoding 'utf8'.
\openout8 = `main-cwh-textbook.bcf'.

Package biblatex Info: Trying to load bibliographic data...
Package biblatex Info: ... file 'main-cwh-textbook.bbl' found.

(./main-cwh-textbook.bbl)
Package biblatex Info: Reference section=0 on input line 71.
Package biblatex Info: Reference segment=0 on input line 71.
 (./main-cwh-textbook.nav)
LaTeX Font Info:    Font shape `T1/lmss/b/n' in size <6> not available
(Font)              Font shape `T1/lmss/bx/n' tried instead on input line 71.
LaTeX Font Info:    Trying to load font information for OT1+lmr on input line 7
1.

(/usr/local/texlive/2020/texmf-dist/tex/latex/lm/ot1lmr.fd
File: ot1lmr.fd 2009/10/30 v1.6 Font defs for Latin Modern
)
LaTeX Font Info:    Trying to load font information for OML+lmm on input line 7
1.

(/usr/local/texlive/2020/texmf-dist/tex/latex/lm/omllmm.fd
File: omllmm.fd 2009/10/30 v1.6 Font defs for Latin Modern
)
LaTeX Font Info:    Trying to load font information for OMS+lmsy on input line 
71.

(/usr/local/texlive/2020/texmf-dist/tex/latex/lm/omslmsy.fd
File: omslmsy.fd 2009/10/30 v1.6 Font defs for Latin Modern
)
LaTeX Font Info:    Trying to load font information for OMX+lmex on input line 
71.

(/usr/local/texlive/2020/texmf-dist/tex/latex/lm/omxlmex.fd
File: omxlmex.fd 2009/10/30 v1.6 Font defs for Latin Modern
)
LaTeX Font Info:    External font `lmex10' loaded for size
(Font)              <6> on input line 71.
LaTeX Font Info:    External font `lmex10' loaded for size
(Font)              <5> on input line 71.
LaTeX Font Info:    Trying to load font information for U+msa on input line 71.


(/usr/local/texlive/2020/texmf-dist/tex/latex/amsfonts/umsa.fd
File: umsa.fd 2013/01/14 v3.01 AMS symbols A
)
LaTeX Font Info:    Trying to load font information for U+msb on input line 71.


(/usr/local/texlive/2020/texmf-dist/tex/latex/amsfonts/umsb.fd
File: umsb.fd 2013/01/14 v3.01 AMS symbols B
)
</Users/dantopa/GitHub//latex-2025//global//graphics/logos/afrl-logo.png, id=20
, 1003.75pt x 326.21875pt>
File: /Users/dantopa/GitHub//latex-2025//global//graphics/logos/afrl-logo.png G
raphic file (type png)
<use /Users/dantopa/GitHub//latex-2025//global//graphics/logos/afrl-logo.png>
Package pdftex.def Info: /Users/dantopa/GitHub//latex-2025//global//graphics/lo
gos/afrl-logo.png  used on input line 71.
(pdftex.def)             Requested size: 43.77304pt x 14.22636pt.
</Users/dantopa/GitHub//latex-2025//global//graphics/logos/af-01.png, id=23, 17
7.66376pt x 156.585pt>
File: /Users/dantopa/GitHub//latex-2025//global//graphics/logos/af-01.png Graph
ic file (type png)
<use /Users/dantopa/GitHub//latex-2025//global//graphics/logos/af-01.png>
Package pdftex.def Info: /Users/dantopa/GitHub//latex-2025//global//graphics/lo
gos/af-01.png  used on input line 71.
(pdftex.def)             Requested size: 14.84773pt x 13.08846pt.
</Users/dantopa/GitHub//latex-2025//global//graphics/logos/sf-best.png, id=25, 
1525.7pt x 1525.7pt>
File: /Users/dantopa/GitHub//latex-2025//global//graphics/logos/sf-best.png Gra
phic file (type png)
<use /Users/dantopa/GitHub//latex-2025//global//graphics/logos/sf-best.png>
Package pdftex.def Info: /Users/dantopa/GitHub//latex-2025//global//graphics/lo
gos/sf-best.png  used on input line 71.
(pdftex.def)             Requested size: 16.20306pt x 16.21828pt.
</Users/dantopa/GitHub//latex-2025//global//graphics/logos/hii-01.png, id=27, 6
2.1522pt x 65.043pt>
File: /Users/dantopa/GitHub//latex-2025//global//graphics/logos/hii-01.png Grap
hic file (type png)
<use /Users/dantopa/GitHub//latex-2025//global//graphics/logos/hii-01.png>
Package pdftex.def Info: /Users/dantopa/GitHub//latex-2025//global//graphics/lo
gos/hii-01.png  used on input line 71.
(pdftex.def)             Requested size: 13.59386pt x 14.22636pt.
LaTeX Font Info:    Font shape `T1/lmss/b/n' in size <4> not available
(Font)              Font shape `T1/lmss/bx/n' tried instead on input line 76.
File: /Users/dantopa/GitHub//latex-2025//global//graphics/logos/afrl-logo.png G
raphic file (type png)
<use /Users/dantopa/GitHub//latex-2025//global//graphics/logos/afrl-logo.png>
Package pdftex.def Info: /Users/dantopa/GitHub//latex-2025//global//graphics/lo
gos/afrl-logo.png  used on input line 76.
(pdftex.def)             Requested size: 43.77304pt x 14.22636pt.
File: /Users/dantopa/GitHub//latex-2025//global//graphics/logos/af-01.png Graph
ic file (type png)
<use /Users/dantopa/GitHub//latex-2025//global//graphics/logos/af-01.png>
Package pdftex.def Info: /Users/dantopa/GitHub//latex-2025//global//graphics/lo
gos/af-01.png  used on input line 76.
(pdftex.def)             Requested size: 14.84773pt x 13.08846pt.
File: /Users/dantopa/GitHub//latex-2025//global//graphics/logos/sf-best.png Gra
phic file (type png)
<use /Users/dantopa/GitHub//latex-2025//global//graphics/logos/sf-best.png>
Package pdftex.def Info: /Users/dantopa/GitHub//latex-2025//global//graphics/lo
gos/sf-best.png  used on input line 76.
(pdftex.def)             Requested size: 16.20306pt x 16.21828pt.
File: /Users/dantopa/GitHub//latex-2025//global//graphics/logos/hii-01.png Grap
hic file (type png)
<use /Users/dantopa/GitHub//latex-2025//global//graphics/logos/hii-01.png>
Package pdftex.def Info: /Users/dantopa/GitHub//latex-2025//global//graphics/lo
gos/hii-01.png  used on input line 76.
(pdftex.def)             Requested size: 13.59386pt x 14.22636pt.

Overfull \hbox (1.46664pt too wide) has occurred while \output is active
[][][] [][][] 
 []

[1{/usr/local/texlive/2020/texmf-var/fonts/map/pdftex/updmap/pdftex.map}

\openout5 = `main-cwh-textbook.ist'.

 </Users/dantopa/GitHub//latex-2025//global//graphics/logos/afrl-logo.png> </Us
ers/dantopa/GitHub//latex-2025//global//graphics/logos/af-01.png> </Users/danto
pa/GitHub//latex-2025//global//graphics/logos/sf-best.png> </Users/dantopa/GitH
ub//latex-2025//global//graphics/logos/hii-01.png>]
</Users/dantopa/GitHub//latex-2025//pres/cwh-textbook//local//graphics//mm-cwh.
png, id=93, 804.00375pt x 718.685pt>
File: /Users/dantopa/GitHub//latex-2025//pres/cwh-textbook//local//graphics//mm
-cwh.png Graphic file (type png)
<use /Users/dantopa/GitHub//latex-2025//pres/cwh-textbook//local//graphics//mm-
cwh.png>
Package pdftex.def Info: /Users/dantopa/GitHub//latex-2025//pres/cwh-textbook//
local//graphics//mm-cwh.png  used on input line 87.
(pdftex.def)             Requested size: 201.00044pt x 179.6708pt.
File: /Users/dantopa/GitHub//latex-2025//global//graphics/logos/afrl-logo.png G
raphic file (type png)
<use /Users/dantopa/GitHub//latex-2025//global//graphics/logos/afrl-logo.png>
Package pdftex.def Info: /Users/dantopa/GitHub//latex-2025//global//graphics/lo
gos/afrl-logo.png  used on input line 87.
(pdftex.def)             Requested size: 43.77304pt x 14.22636pt.
File: /Users/dantopa/GitHub//latex-2025//global//graphics/logos/af-01.png Graph
ic file (type png)
<use /Users/dantopa/GitHub//latex-2025//global//graphics/logos/af-01.png>
Package pdftex.def Info: /Users/dantopa/GitHub//latex-2025//global//graphics/lo
gos/af-01.png  used on input line 87.
(pdftex.def)             Requested size: 14.84773pt x 13.08846pt.
File: /Users/dantopa/GitHub//latex-2025//global//graphics/logos/sf-best.png Gra
phic file (type png)
<use /Users/dantopa/GitHub//latex-2025//global//graphics/logos/sf-best.png>
Package pdftex.def Info: /Users/dantopa/GitHub//latex-2025//global//graphics/lo
gos/sf-best.png  used on input line 87.
(pdftex.def)             Requested size: 16.20306pt x 16.21828pt.
File: /Users/dantopa/GitHub//latex-2025//global//graphics/logos/hii-01.png Grap
hic file (type png)
<use /Users/dantopa/GitHub//latex-2025//global//graphics/logos/hii-01.png>
Package pdftex.def Info: /Users/dantopa/GitHub//latex-2025//global//graphics/lo
gos/hii-01.png  used on input line 87.
(pdftex.def)             Requested size: 13.59386pt x 14.22636pt.

Overfull \hbox (1.46664pt too wide) has occurred while \output is active
[][][] [][][] 
 []

[2

 </Users/dantopa/GitHub//latex-2025//pres/cwh-textbook//local//graphics//mm-cwh
.png>]
LaTeX Font Info:    External font `lmex10' loaded for size
(Font)              <14.4> on input line 98.
LaTeX Font Info:    External font `lmex10' loaded for size
(Font)              <10> on input line 98.
LaTeX Font Info:    External font `lmex10' loaded for size
(Font)              <7> on input line 98.
LaTeX Font Info:    Font shape `T1/lmss/b/n' in size <14.4> not available
(Font)              Font shape `T1/lmss/bx/n' tried instead on input line 98.
File: /Users/dantopa/GitHub//latex-2025//global//graphics/logos/afrl-logo.png G
raphic file (type png)
<use /Users/dantopa/GitHub//latex-2025//global//graphics/logos/afrl-logo.png>
Package pdftex.def Info: /Users/dantopa/GitHub//latex-2025//global//graphics/lo
gos/afrl-logo.png  used on input line 98.
(pdftex.def)             Requested size: 43.77304pt x 14.22636pt.
File: /Users/dantopa/GitHub//latex-2025//global//graphics/logos/af-01.png Graph
ic file (type png)
<use /Users/dantopa/GitHub//latex-2025//global//graphics/logos/af-01.png>
Package pdftex.def Info: /Users/dantopa/GitHub//latex-2025//global//graphics/lo
gos/af-01.png  used on input line 98.
(pdftex.def)             Requested size: 14.84773pt x 13.08846pt.
File: /Users/dantopa/GitHub//latex-2025//global//graphics/logos/sf-best.png Gra
phic file (type png)
<use /Users/dantopa/GitHub//latex-2025//global//graphics/logos/sf-best.png>
Package pdftex.def Info: /Users/dantopa/GitHub//latex-2025//global//graphics/lo
gos/sf-best.png  used on input line 98.
(pdftex.def)             Requested size: 16.20306pt x 16.21828pt.
File: /Users/dantopa/GitHub//latex-2025//global//graphics/logos/hii-01.png Grap
hic file (type png)
<use /Users/dantopa/GitHub//latex-2025//global//graphics/logos/hii-01.png>
Package pdftex.def Info: /Users/dantopa/GitHub//latex-2025//global//graphics/lo
gos/hii-01.png  used on input line 98.
(pdftex.def)             Requested size: 13.59386pt x 14.22636pt.

Overfull \hbox (1.46664pt too wide) has occurred while \output is active
[][][] [][][] 
 []

[3

] (./main-cwh-textbook.toc
LaTeX Font Info:    External font `lmex10' loaded for size
(Font)              <10.95> on input line 3.
LaTeX Font Info:    External font `lmex10' loaded for size
(Font)              <8> on input line 3.
LaTeX Font Info:    External font `lmex10' loaded for size
(Font)              <9> on input line 41.
)
File: /Users/dantopa/GitHub//latex-2025//global//graphics/logos/afrl-logo.png G
raphic file (type png)
<use /Users/dantopa/GitHub//latex-2025//global//graphics/logos/afrl-logo.png>
Package pdftex.def Info: /Users/dantopa/GitHub//latex-2025//global//graphics/lo
gos/afrl-logo.png  used on input line 102.
(pdftex.def)             Requested size: 43.77304pt x 14.22636pt.
File: /Users/dantopa/GitHub//latex-2025//global//graphics/logos/af-01.png Graph
ic file (type png)
<use /Users/dantopa/GitHub//latex-2025//global//graphics/logos/af-01.png>
Package pdftex.def Info: /Users/dantopa/GitHub//latex-2025//global//graphics/lo
gos/af-01.png  used on input line 102.
(pdftex.def)             Requested size: 14.84773pt x 13.08846pt.
File: /Users/dantopa/GitHub//latex-2025//global//graphics/logos/sf-best.png Gra
phic file (type png)
<use /Users/dantopa/GitHub//latex-2025//global//graphics/logos/sf-best.png>
Package pdftex.def Info: /Users/dantopa/GitHub//latex-2025//global//graphics/lo
gos/sf-best.png  used on input line 102.
(pdftex.def)             Requested size: 16.20306pt x 16.21828pt.
File: /Users/dantopa/GitHub//latex-2025//global//graphics/logos/hii-01.png Grap
hic file (type png)
<use /Users/dantopa/GitHub//latex-2025//global//graphics/logos/hii-01.png>
Package pdftex.def Info: /Users/dantopa/GitHub//latex-2025//global//graphics/lo
gos/hii-01.png  used on input line 102.
(pdftex.def)             Requested size: 13.59386pt x 14.22636pt.

Overfull \hbox (1.46664pt too wide) has occurred while \output is active
[][][] [][][] 
 []

[4

]
File: /Users/dantopa/GitHub//latex-2025//global//graphics/logos/afrl-logo.png G
raphic file (type png)
<use /Users/dantopa/GitHub//latex-2025//global//graphics/logos/afrl-logo.png>
Package pdftex.def Info: /Users/dantopa/GitHub//latex-2025//global//graphics/lo
gos/afrl-logo.png  used on input line 102.
(pdftex.def)             Requested size: 43.77304pt x 14.22636pt.
File: /Users/dantopa/GitHub//latex-2025//global//graphics/logos/af-01.png Graph
ic file (type png)
<use /Users/dantopa/GitHub//latex-2025//global//graphics/logos/af-01.png>
Package pdftex.def Info: /Users/dantopa/GitHub//latex-2025//global//graphics/lo
gos/af-01.png  used on input line 102.
(pdftex.def)             Requested size: 14.84773pt x 13.08846pt.
File: /Users/dantopa/GitHub//latex-2025//global//graphics/logos/sf-best.png Gra
phic file (type png)
<use /Users/dantopa/GitHub//latex-2025//global//graphics/logos/sf-best.png>
Package pdftex.def Info: /Users/dantopa/GitHub//latex-2025//global//graphics/lo
gos/sf-best.png  used on input line 102.
(pdftex.def)             Requested size: 16.20306pt x 16.21828pt.
File: /Users/dantopa/GitHub//latex-2025//global//graphics/logos/hii-01.png Grap
hic file (type png)
<use /Users/dantopa/GitHub//latex-2025//global//graphics/logos/hii-01.png>
Package pdftex.def Info: /Users/dantopa/GitHub//latex-2025//global//graphics/lo
gos/hii-01.png  used on input line 102.
(pdftex.def)             Requested size: 13.59386pt x 14.22636pt.

Overfull \hbox (1.46664pt too wide) has occurred while \output is active
[][][] [][][] 
 []

[5


]
File: /Users/dantopa/GitHub//latex-2025//global//graphics/logos/afrl-logo.png G
raphic file (type png)
<use /Users/dantopa/GitHub//latex-2025//global//graphics/logos/afrl-logo.png>
Package pdftex.def Info: /Users/dantopa/GitHub//latex-2025//global//graphics/lo
gos/afrl-logo.png  used on input line 102.
(pdftex.def)             Requested size: 43.77304pt x 14.22636pt.
File: /Users/dantopa/GitHub//latex-2025//global//graphics/logos/af-01.png Graph
ic file (type png)
<use /Users/dantopa/GitHub//latex-2025//global//graphics/logos/af-01.png>
Package pdftex.def Info: /Users/dantopa/GitHub//latex-2025//global//graphics/lo
gos/af-01.png  used on input line 102.
(pdftex.def)             Requested size: 14.84773pt x 13.08846pt.
File: /Users/dantopa/GitHub//latex-2025//global//graphics/logos/sf-best.png Gra
phic file (type png)
<use /Users/dantopa/GitHub//latex-2025//global//graphics/logos/sf-best.png>
Package pdftex.def Info: /Users/dantopa/GitHub//latex-2025//global//graphics/lo
gos/sf-best.png  used on input line 102.
(pdftex.def)             Requested size: 16.20306pt x 16.21828pt.
File: /Users/dantopa/GitHub//latex-2025//global//graphics/logos/hii-01.png Grap
hic file (type png)
<use /Users/dantopa/GitHub//latex-2025//global//graphics/logos/hii-01.png>
Package pdftex.def Info: /Users/dantopa/GitHub//latex-2025//global//graphics/lo
gos/hii-01.png  used on input line 102.
(pdftex.def)             Requested size: 13.59386pt x 14.22636pt.

Overfull \hbox (1.46664pt too wide) has occurred while \output is active
[][][] [][][] 
 []

[6


]
File: /Users/dantopa/GitHub//latex-2025//global//graphics/logos/afrl-logo.png G
raphic file (type png)
<use /Users/dantopa/GitHub//latex-2025//global//graphics/logos/afrl-logo.png>
Package pdftex.def Info: /Users/dantopa/GitHub//latex-2025//global//graphics/lo
gos/afrl-logo.png  used on input line 102.
(pdftex.def)             Requested size: 43.77304pt x 14.22636pt.
File: /Users/dantopa/GitHub//latex-2025//global//graphics/logos/af-01.png Graph
ic file (type png)
<use /Users/dantopa/GitHub//latex-2025//global//graphics/logos/af-01.png>
Package pdftex.def Info: /Users/dantopa/GitHub//latex-2025//global//graphics/lo
gos/af-01.png  used on input line 102.
(pdftex.def)             Requested size: 14.84773pt x 13.08846pt.
File: /Users/dantopa/GitHub//latex-2025//global//graphics/logos/sf-best.png Gra
phic file (type png)
<use /Users/dantopa/GitHub//latex-2025//global//graphics/logos/sf-best.png>
Package pdftex.def Info: /Users/dantopa/GitHub//latex-2025//global//graphics/lo
gos/sf-best.png  used on input line 102.
(pdftex.def)             Requested size: 16.20306pt x 16.21828pt.
File: /Users/dantopa/GitHub//latex-2025//global//graphics/logos/hii-01.png Grap
hic file (type png)
<use /Users/dantopa/GitHub//latex-2025//global//graphics/logos/hii-01.png>
Package pdftex.def Info: /Users/dantopa/GitHub//latex-2025//global//graphics/lo
gos/hii-01.png  used on input line 102.
(pdftex.def)             Requested size: 13.59386pt x 14.22636pt.

Overfull \hbox (1.46664pt too wide) has occurred while \output is active
[][][] [][][] 
 []

[7


]
(/Users/dantopa/GitHub//latex-2025//pres/cwh-textbook//sections/sec-abstract.te
x
 !! CONTENT SETUP !! /Users/dantopa/GitHub//latex-2025//pres/cwh-textbook//sect
ions/"ssec-abstract.tex"
File: /Users/dantopa/GitHub//latex-2025//global//graphics/logos/afrl-logo.png G
raphic file (type png)
<use /Users/dantopa/GitHub//latex-2025//global//graphics/logos/afrl-logo.png>
Package pdftex.def Info: /Users/dantopa/GitHub//latex-2025//global//graphics/lo
gos/afrl-logo.png  used on input line 16.
(pdftex.def)             Requested size: 43.77304pt x 14.22636pt.
File: /Users/dantopa/GitHub//latex-2025//global//graphics/logos/af-01.png Graph
ic file (type png)
<use /Users/dantopa/GitHub//latex-2025//global//graphics/logos/af-01.png>
Package pdftex.def Info: /Users/dantopa/GitHub//latex-2025//global//graphics/lo
gos/af-01.png  used on input line 16.
(pdftex.def)             Requested size: 14.84773pt x 13.08846pt.
File: /Users/dantopa/GitHub//latex-2025//global//graphics/logos/sf-best.png Gra
phic file (type png)
<use /Users/dantopa/GitHub//latex-2025//global//graphics/logos/sf-best.png>
Package pdftex.def Info: /Users/dantopa/GitHub//latex-2025//global//graphics/lo
gos/sf-best.png  used on input line 16.
(pdftex.def)             Requested size: 16.20306pt x 16.21828pt.
File: /Users/dantopa/GitHub//latex-2025//global//graphics/logos/hii-01.png Grap
hic file (type png)
<use /Users/dantopa/GitHub//latex-2025//global//graphics/logos/hii-01.png>
Package pdftex.def Info: /Users/dantopa/GitHub//latex-2025//global//graphics/lo
gos/hii-01.png  used on input line 16.
(pdftex.def)             Requested size: 13.59386pt x 14.22636pt.

Overfull \hbox (1.46664pt too wide) has occurred while \output is active
[][][] [][][] 
 []

[8

])
(/Users/dantopa/GitHub//latex-2025//global//libs//elements//slides//slide-about
-this-deck.tex
  >> ELEMENTS LIBRARY << /Users/dantopa/GitHub//latex-2025//global//libs//eleme
nts//slides//"slide-about-this-deck.tex"
LaTeX Font Info:    Trying to load font information for TS1+lmss on input line 
16.
(/usr/local/texlive/2020/texmf-dist/tex/latex/lm/ts1lmss.fd
File: ts1lmss.fd 2009/10/30 v1.6 Font defs for Latin Modern
)
File: /Users/dantopa/GitHub//latex-2025//global//graphics/logos/afrl-logo.png G
raphic file (type png)
<use /Users/dantopa/GitHub//latex-2025//global//graphics/logos/afrl-logo.png>
Package pdftex.def Info: /Users/dantopa/GitHub//latex-2025//global//graphics/lo
gos/afrl-logo.png  used on input line 16.
(pdftex.def)             Requested size: 43.77304pt x 14.22636pt.
File: /Users/dantopa/GitHub//latex-2025//global//graphics/logos/af-01.png Graph
ic file (type png)
<use /Users/dantopa/GitHub//latex-2025//global//graphics/logos/af-01.png>
Package pdftex.def Info: /Users/dantopa/GitHub//latex-2025//global//graphics/lo
gos/af-01.png  used on input line 16.
(pdftex.def)             Requested size: 14.84773pt x 13.08846pt.
File: /Users/dantopa/GitHub//latex-2025//global//graphics/logos/sf-best.png Gra
phic file (type png)
<use /Users/dantopa/GitHub//latex-2025//global//graphics/logos/sf-best.png>
Package pdftex.def Info: /Users/dantopa/GitHub//latex-2025//global//graphics/lo
gos/sf-best.png  used on input line 16.
(pdftex.def)             Requested size: 16.20306pt x 16.21828pt.
File: /Users/dantopa/GitHub//latex-2025//global//graphics/logos/hii-01.png Grap
hic file (type png)
<use /Users/dantopa/GitHub//latex-2025//global//graphics/logos/hii-01.png>
Package pdftex.def Info: /Users/dantopa/GitHub//latex-2025//global//graphics/lo
gos/hii-01.png  used on input line 16.
(pdftex.def)             Requested size: 13.59386pt x 14.22636pt.

Overfull \hbox (1.46664pt too wide) has occurred while \output is active
[][][] [][][] 
 []

[9

])
(/Users/dantopa/GitHub//latex-2025//pres/cwh-textbook//sections//sec-eom.tex
 !! CONTENT SETUP !! /Users/dantopa/GitHub//latex-2025//pres/cwh-textbook//sect
ions/"sec-eom.tex"

Package hyperref Warning: Token not allowed in a PDF string (PDFDocEncoding):
(hyperref)                removing `math shift' on input line 5.


Package hyperref Warning: Token not allowed in a PDF string (PDFDocEncoding):
(hyperref)                removing `math shift' on input line 5.


(/Users/dantopa/GitHub//latex-2025//pres/cwh-textbook//sections/ssec-eom-basics
.tex
 !! CONTENT SETUP !! /Users/dantopa/GitHub//latex-2025//pres/cwh-textbook//sect
ions/"ssec-eom-basics.tex"
File: /Users/dantopa/GitHub//latex-2025//global//graphics/logos/afrl-logo.png G
raphic file (type png)
<use /Users/dantopa/GitHub//latex-2025//global//graphics/logos/afrl-logo.png>
Package pdftex.def Info: /Users/dantopa/GitHub//latex-2025//global//graphics/lo
gos/afrl-logo.png  used on input line 19.
(pdftex.def)             Requested size: 43.77304pt x 14.22636pt.
File: /Users/dantopa/GitHub//latex-2025//global//graphics/logos/af-01.png Graph
ic file (type png)
<use /Users/dantopa/GitHub//latex-2025//global//graphics/logos/af-01.png>
Package pdftex.def Info: /Users/dantopa/GitHub//latex-2025//global//graphics/lo
gos/af-01.png  used on input line 19.
(pdftex.def)             Requested size: 14.84773pt x 13.08846pt.
File: /Users/dantopa/GitHub//latex-2025//global//graphics/logos/sf-best.png Gra
phic file (type png)
<use /Users/dantopa/GitHub//latex-2025//global//graphics/logos/sf-best.png>
Package pdftex.def Info: /Users/dantopa/GitHub//latex-2025//global//graphics/lo
gos/sf-best.png  used on input line 19.
(pdftex.def)             Requested size: 16.20306pt x 16.21828pt.
File: /Users/dantopa/GitHub//latex-2025//global//graphics/logos/hii-01.png Grap
hic file (type png)
<use /Users/dantopa/GitHub//latex-2025//global//graphics/logos/hii-01.png>
Package pdftex.def Info: /Users/dantopa/GitHub//latex-2025//global//graphics/lo
gos/hii-01.png  used on input line 19.
(pdftex.def)             Requested size: 13.59386pt x 14.22636pt.

Overfull \hbox (1.46664pt too wide) has occurred while \output is active
[][][] [][][] 
 []

[10

]
Overfull \vbox (7.90402pt too high) detected at line 43
 []

File: /Users/dantopa/GitHub//latex-2025//global//graphics/logos/afrl-logo.png G
raphic file (type png)
<use /Users/dantopa/GitHub//latex-2025//global//graphics/logos/afrl-logo.png>
Package pdftex.def Info: /Users/dantopa/GitHub//latex-2025//global//graphics/lo
gos/afrl-logo.png  used on input line 43.
(pdftex.def)             Requested size: 43.77304pt x 14.22636pt.
File: /Users/dantopa/GitHub//latex-2025//global//graphics/logos/af-01.png Graph
ic file (type png)
<use /Users/dantopa/GitHub//latex-2025//global//graphics/logos/af-01.png>
Package pdftex.def Info: /Users/dantopa/GitHub//latex-2025//global//graphics/lo
gos/af-01.png  used on input line 43.
(pdftex.def)             Requested size: 14.84773pt x 13.08846pt.
File: /Users/dantopa/GitHub//latex-2025//global//graphics/logos/sf-best.png Gra
phic file (type png)
<use /Users/dantopa/GitHub//latex-2025//global//graphics/logos/sf-best.png>
Package pdftex.def Info: /Users/dantopa/GitHub//latex-2025//global//graphics/lo
gos/sf-best.png  used on input line 43.
(pdftex.def)             Requested size: 16.20306pt x 16.21828pt.
File: /Users/dantopa/GitHub//latex-2025//global//graphics/logos/hii-01.png Grap
hic file (type png)
<use /Users/dantopa/GitHub//latex-2025//global//graphics/logos/hii-01.png>
Package pdftex.def Info: /Users/dantopa/GitHub//latex-2025//global//graphics/lo
gos/hii-01.png  used on input line 43.
(pdftex.def)             Requested size: 13.59386pt x 14.22636pt.

Overfull \hbox (1.46664pt too wide) has occurred while \output is active
[][][] [][][] 
 []

[11

]
File: /Users/dantopa/GitHub//latex-2025//global//graphics/logos/afrl-logo.png G
raphic file (type png)
<use /Users/dantopa/GitHub//latex-2025//global//graphics/logos/afrl-logo.png>
Package pdftex.def Info: /Users/dantopa/GitHub//latex-2025//global//graphics/lo
gos/afrl-logo.png  used on input line 67.
(pdftex.def)             Requested size: 43.77304pt x 14.22636pt.
File: /Users/dantopa/GitHub//latex-2025//global//graphics/logos/af-01.png Graph
ic file (type png)
<use /Users/dantopa/GitHub//latex-2025//global//graphics/logos/af-01.png>
Package pdftex.def Info: /Users/dantopa/GitHub//latex-2025//global//graphics/lo
gos/af-01.png  used on input line 67.
(pdftex.def)             Requested size: 14.84773pt x 13.08846pt.
File: /Users/dantopa/GitHub//latex-2025//global//graphics/logos/sf-best.png Gra
phic file (type png)
<use /Users/dantopa/GitHub//latex-2025//global//graphics/logos/sf-best.png>
Package pdftex.def Info: /Users/dantopa/GitHub//latex-2025//global//graphics/lo
gos/sf-best.png  used on input line 67.
(pdftex.def)             Requested size: 16.20306pt x 16.21828pt.
File: /Users/dantopa/GitHub//latex-2025//global//graphics/logos/hii-01.png Grap
hic file (type png)
<use /Users/dantopa/GitHub//latex-2025//global//graphics/logos/hii-01.png>
Package pdftex.def Info: /Users/dantopa/GitHub//latex-2025//global//graphics/lo
gos/hii-01.png  used on input line 67.
(pdftex.def)             Requested size: 13.59386pt x 14.22636pt.

Overfull \hbox (1.46664pt too wide) has occurred while \output is active
[][][] [][][] 
 []

[12

])
(/Users/dantopa/GitHub//latex-2025//pres/cwh-textbook//sections/ssec-physics-fo
undation.tex
  !! CONTENT SETUP !! /Users/dantopa/GitHub//latex-2025//pres/cwh-textbook//sec
tions/"ssec-physics-foundation.tex"
File: /Users/dantopa/GitHub//latex-2025//global//graphics/logos/afrl-logo.png G
raphic file (type png)
<use /Users/dantopa/GitHub//latex-2025//global//graphics/logos/afrl-logo.png>
Package pdftex.def Info: /Users/dantopa/GitHub//latex-2025//global//graphics/lo
gos/afrl-logo.png  used on input line 29.
(pdftex.def)             Requested size: 43.77304pt x 14.22636pt.
File: /Users/dantopa/GitHub//latex-2025//global//graphics/logos/af-01.png Graph
ic file (type png)
<use /Users/dantopa/GitHub//latex-2025//global//graphics/logos/af-01.png>
Package pdftex.def Info: /Users/dantopa/GitHub//latex-2025//global//graphics/lo
gos/af-01.png  used on input line 29.
(pdftex.def)             Requested size: 14.84773pt x 13.08846pt.
File: /Users/dantopa/GitHub//latex-2025//global//graphics/logos/sf-best.png Gra
phic file (type png)
<use /Users/dantopa/GitHub//latex-2025//global//graphics/logos/sf-best.png>
Package pdftex.def Info: /Users/dantopa/GitHub//latex-2025//global//graphics/lo
gos/sf-best.png  used on input line 29.
(pdftex.def)             Requested size: 16.20306pt x 16.21828pt.
File: /Users/dantopa/GitHub//latex-2025//global//graphics/logos/hii-01.png Grap
hic file (type png)
<use /Users/dantopa/GitHub//latex-2025//global//graphics/logos/hii-01.png>
Package pdftex.def Info: /Users/dantopa/GitHub//latex-2025//global//graphics/lo
gos/hii-01.png  used on input line 29.
(pdftex.def)             Requested size: 13.59386pt x 14.22636pt.

Overfull \hbox (1.46664pt too wide) has occurred while \output is active
[][][] [][][] 
 []

[13

]
File: /Users/dantopa/GitHub//latex-2025//global//graphics/logos/afrl-logo.png G
raphic file (type png)
<use /Users/dantopa/GitHub//latex-2025//global//graphics/logos/afrl-logo.png>
Package pdftex.def Info: /Users/dantopa/GitHub//latex-2025//global//graphics/lo
gos/afrl-logo.png  used on input line 39.
(pdftex.def)             Requested size: 43.77304pt x 14.22636pt.
File: /Users/dantopa/GitHub//latex-2025//global//graphics/logos/af-01.png Graph
ic file (type png)
<use /Users/dantopa/GitHub//latex-2025//global//graphics/logos/af-01.png>
Package pdftex.def Info: /Users/dantopa/GitHub//latex-2025//global//graphics/lo
gos/af-01.png  used on input line 39.
(pdftex.def)             Requested size: 14.84773pt x 13.08846pt.
File: /Users/dantopa/GitHub//latex-2025//global//graphics/logos/sf-best.png Gra
phic file (type png)
<use /Users/dantopa/GitHub//latex-2025//global//graphics/logos/sf-best.png>
Package pdftex.def Info: /Users/dantopa/GitHub//latex-2025//global//graphics/lo
gos/sf-best.png  used on input line 39.
(pdftex.def)             Requested size: 16.20306pt x 16.21828pt.
File: /Users/dantopa/GitHub//latex-2025//global//graphics/logos/hii-01.png Grap
hic file (type png)
<use /Users/dantopa/GitHub//latex-2025//global//graphics/logos/hii-01.png>
Package pdftex.def Info: /Users/dantopa/GitHub//latex-2025//global//graphics/lo
gos/hii-01.png  used on input line 39.
(pdftex.def)             Requested size: 13.59386pt x 14.22636pt.

Overfull \hbox (1.46664pt too wide) has occurred while \output is active
[][][] [][][] 
 []

[14

]
File: /Users/dantopa/GitHub//latex-2025//global//graphics/logos/afrl-logo.png G
raphic file (type png)
<use /Users/dantopa/GitHub//latex-2025//global//graphics/logos/afrl-logo.png>
Package pdftex.def Info: /Users/dantopa/GitHub//latex-2025//global//graphics/lo
gos/afrl-logo.png  used on input line 51.
(pdftex.def)             Requested size: 43.77304pt x 14.22636pt.
File: /Users/dantopa/GitHub//latex-2025//global//graphics/logos/af-01.png Graph
ic file (type png)
<use /Users/dantopa/GitHub//latex-2025//global//graphics/logos/af-01.png>
Package pdftex.def Info: /Users/dantopa/GitHub//latex-2025//global//graphics/lo
gos/af-01.png  used on input line 51.
(pdftex.def)             Requested size: 14.84773pt x 13.08846pt.
File: /Users/dantopa/GitHub//latex-2025//global//graphics/logos/sf-best.png Gra
phic file (type png)
<use /Users/dantopa/GitHub//latex-2025//global//graphics/logos/sf-best.png>
Package pdftex.def Info: /Users/dantopa/GitHub//latex-2025//global//graphics/lo
gos/sf-best.png  used on input line 51.
(pdftex.def)             Requested size: 16.20306pt x 16.21828pt.
File: /Users/dantopa/GitHub//latex-2025//global//graphics/logos/hii-01.png Grap
hic file (type png)
<use /Users/dantopa/GitHub//latex-2025//global//graphics/logos/hii-01.png>
Package pdftex.def Info: /Users/dantopa/GitHub//latex-2025//global//graphics/lo
gos/hii-01.png  used on input line 51.
(pdftex.def)             Requested size: 13.59386pt x 14.22636pt.

Overfull \hbox (1.46664pt too wide) has occurred while \output is active
[][][] [][][] 
 []

[15

])
File: /Users/dantopa/GitHub//latex-2025//global//graphics/logos/afrl-logo.png G
raphic file (type png)
<use /Users/dantopa/GitHub//latex-2025//global//graphics/logos/afrl-logo.png>
Package pdftex.def Info: /Users/dantopa/GitHub//latex-2025//global//graphics/lo
gos/afrl-logo.png  used on input line 41.
(pdftex.def)             Requested size: 43.77304pt x 14.22636pt.
File: /Users/dantopa/GitHub//latex-2025//global//graphics/logos/af-01.png Graph
ic file (type png)
<use /Users/dantopa/GitHub//latex-2025//global//graphics/logos/af-01.png>
Package pdftex.def Info: /Users/dantopa/GitHub//latex-2025//global//graphics/lo
gos/af-01.png  used on input line 41.
(pdftex.def)             Requested size: 14.84773pt x 13.08846pt.
File: /Users/dantopa/GitHub//latex-2025//global//graphics/logos/sf-best.png Gra
phic file (type png)
<use /Users/dantopa/GitHub//latex-2025//global//graphics/logos/sf-best.png>
Package pdftex.def Info: /Users/dantopa/GitHub//latex-2025//global//graphics/lo
gos/sf-best.png  used on input line 41.
(pdftex.def)             Requested size: 16.20306pt x 16.21828pt.
File: /Users/dantopa/GitHub//latex-2025//global//graphics/logos/hii-01.png Grap
hic file (type png)
<use /Users/dantopa/GitHub//latex-2025//global//graphics/logos/hii-01.png>
Package pdftex.def Info: /Users/dantopa/GitHub//latex-2025//global//graphics/lo
gos/hii-01.png  used on input line 41.
(pdftex.def)             Requested size: 13.59386pt x 14.22636pt.

Overfull \hbox (1.46664pt too wide) has occurred while \output is active
[][][] [][][] 
 []

[16

]
File: /Users/dantopa/GitHub//latex-2025//global//graphics/logos/afrl-logo.png G
raphic file (type png)
<use /Users/dantopa/GitHub//latex-2025//global//graphics/logos/afrl-logo.png>
Package pdftex.def Info: /Users/dantopa/GitHub//latex-2025//global//graphics/lo
gos/afrl-logo.png  used on input line 52.
(pdftex.def)             Requested size: 43.77304pt x 14.22636pt.
File: /Users/dantopa/GitHub//latex-2025//global//graphics/logos/af-01.png Graph
ic file (type png)
<use /Users/dantopa/GitHub//latex-2025//global//graphics/logos/af-01.png>
Package pdftex.def Info: /Users/dantopa/GitHub//latex-2025//global//graphics/lo
gos/af-01.png  used on input line 52.
(pdftex.def)             Requested size: 14.84773pt x 13.08846pt.
File: /Users/dantopa/GitHub//latex-2025//global//graphics/logos/sf-best.png Gra
phic file (type png)
<use /Users/dantopa/GitHub//latex-2025//global//graphics/logos/sf-best.png>
Package pdftex.def Info: /Users/dantopa/GitHub//latex-2025//global//graphics/lo
gos/sf-best.png  used on input line 52.
(pdftex.def)             Requested size: 16.20306pt x 16.21828pt.
File: /Users/dantopa/GitHub//latex-2025//global//graphics/logos/hii-01.png Grap
hic file (type png)
<use /Users/dantopa/GitHub//latex-2025//global//graphics/logos/hii-01.png>
Package pdftex.def Info: /Users/dantopa/GitHub//latex-2025//global//graphics/lo
gos/hii-01.png  used on input line 52.
(pdftex.def)             Requested size: 13.59386pt x 14.22636pt.

Overfull \hbox (1.46664pt too wide) has occurred while \output is active
[][][] [][][] 
 []

[17

]
</Users/dantopa/GitHub//latex-2025//pres/cwh-textbook//local//graphics//tombsto
ne-hill.png, id=852, 1184.425pt x 843.15pt>
File: /Users/dantopa/GitHub//latex-2025//pres/cwh-textbook//local//graphics//to
mbstone-hill.png Graphic file (type png)
<use /Users/dantopa/GitHub//latex-2025//pres/cwh-textbook//local//graphics//tom
bstone-hill.png>
Package pdftex.def Info: /Users/dantopa/GitHub//latex-2025//pres/cwh-textbook//
local//graphics//tombstone-hill.png  used on input line 61.
(pdftex.def)             Requested size: 230.46739pt x 164.05978pt.


LaTeX Warning: Citation 'hill1878researches' on page 18 undefined on input line
 61.

File: /Users/dantopa/GitHub//latex-2025//global//graphics/logos/afrl-logo.png G
raphic file (type png)
<use /Users/dantopa/GitHub//latex-2025//global//graphics/logos/afrl-logo.png>
Package pdftex.def Info: /Users/dantopa/GitHub//latex-2025//global//graphics/lo
gos/afrl-logo.png  used on input line 61.
(pdftex.def)             Requested size: 43.77304pt x 14.22636pt.
File: /Users/dantopa/GitHub//latex-2025//global//graphics/logos/af-01.png Graph
ic file (type png)
<use /Users/dantopa/GitHub//latex-2025//global//graphics/logos/af-01.png>
Package pdftex.def Info: /Users/dantopa/GitHub//latex-2025//global//graphics/lo
gos/af-01.png  used on input line 61.
(pdftex.def)             Requested size: 14.84773pt x 13.08846pt.
File: /Users/dantopa/GitHub//latex-2025//global//graphics/logos/sf-best.png Gra
phic file (type png)
<use /Users/dantopa/GitHub//latex-2025//global//graphics/logos/sf-best.png>
Package pdftex.def Info: /Users/dantopa/GitHub//latex-2025//global//graphics/lo
gos/sf-best.png  used on input line 61.
(pdftex.def)             Requested size: 16.20306pt x 16.21828pt.
File: /Users/dantopa/GitHub//latex-2025//global//graphics/logos/hii-01.png Grap
hic file (type png)
<use /Users/dantopa/GitHub//latex-2025//global//graphics/logos/hii-01.png>
Package pdftex.def Info: /Users/dantopa/GitHub//latex-2025//global//graphics/lo
gos/hii-01.png  used on input line 61.
(pdftex.def)             Requested size: 13.59386pt x 14.22636pt.

Overfull \hbox (1.46664pt too wide) has occurred while \output is active
[][][] [][][] 
 []

[18

 </Users/dantopa/GitHub//latex-2025//pres/cwh-textbook//local//graphics//tombst
one-hill.png>]
File: /Users/dantopa/GitHub//latex-2025//global//graphics/logos/afrl-logo.png G
raphic file (type png)
<use /Users/dantopa/GitHub//latex-2025//global//graphics/logos/afrl-logo.png>
Package pdftex.def Info: /Users/dantopa/GitHub//latex-2025//global//graphics/lo
gos/afrl-logo.png  used on input line 74.
(pdftex.def)             Requested size: 43.77304pt x 14.22636pt.
File: /Users/dantopa/GitHub//latex-2025//global//graphics/logos/af-01.png Graph
ic file (type png)
<use /Users/dantopa/GitHub//latex-2025//global//graphics/logos/af-01.png>
Package pdftex.def Info: /Users/dantopa/GitHub//latex-2025//global//graphics/lo
gos/af-01.png  used on input line 74.
(pdftex.def)             Requested size: 14.84773pt x 13.08846pt.
File: /Users/dantopa/GitHub//latex-2025//global//graphics/logos/sf-best.png Gra
phic file (type png)
<use /Users/dantopa/GitHub//latex-2025//global//graphics/logos/sf-best.png>
Package pdftex.def Info: /Users/dantopa/GitHub//latex-2025//global//graphics/lo
gos/sf-best.png  used on input line 74.
(pdftex.def)             Requested size: 16.20306pt x 16.21828pt.
File: /Users/dantopa/GitHub//latex-2025//global//graphics/logos/hii-01.png Grap
hic file (type png)
<use /Users/dantopa/GitHub//latex-2025//global//graphics/logos/hii-01.png>
Package pdftex.def Info: /Users/dantopa/GitHub//latex-2025//global//graphics/lo
gos/hii-01.png  used on input line 74.
(pdftex.def)             Requested size: 13.59386pt x 14.22636pt.

Overfull \hbox (1.46664pt too wide) has occurred while \output is active
[][][] [][][] 
 []

[19

]
File: /Users/dantopa/GitHub//latex-2025//global//graphics/logos/afrl-logo.png G
raphic file (type png)
<use /Users/dantopa/GitHub//latex-2025//global//graphics/logos/afrl-logo.png>
Package pdftex.def Info: /Users/dantopa/GitHub//latex-2025//global//graphics/lo
gos/afrl-logo.png  used on input line 93.
(pdftex.def)             Requested size: 43.77304pt x 14.22636pt.
File: /Users/dantopa/GitHub//latex-2025//global//graphics/logos/af-01.png Graph
ic file (type png)
<use /Users/dantopa/GitHub//latex-2025//global//graphics/logos/af-01.png>
Package pdftex.def Info: /Users/dantopa/GitHub//latex-2025//global//graphics/lo
gos/af-01.png  used on input line 93.
(pdftex.def)             Requested size: 14.84773pt x 13.08846pt.
File: /Users/dantopa/GitHub//latex-2025//global//graphics/logos/sf-best.png Gra
phic file (type png)
<use /Users/dantopa/GitHub//latex-2025//global//graphics/logos/sf-best.png>
Package pdftex.def Info: /Users/dantopa/GitHub//latex-2025//global//graphics/lo
gos/sf-best.png  used on input line 93.
(pdftex.def)             Requested size: 16.20306pt x 16.21828pt.
File: /Users/dantopa/GitHub//latex-2025//global//graphics/logos/hii-01.png Grap
hic file (type png)
<use /Users/dantopa/GitHub//latex-2025//global//graphics/logos/hii-01.png>
Package pdftex.def Info: /Users/dantopa/GitHub//latex-2025//global//graphics/lo
gos/hii-01.png  used on input line 93.
(pdftex.def)             Requested size: 13.59386pt x 14.22636pt.

Overfull \hbox (1.46664pt too wide) has occurred while \output is active
[][][] [][][] 
 []

[20

]
</Users/dantopa/GitHub//latex-2025//pres/cwh-textbook//local//graphics//hill-od
es.png, id=981, 1646.15pt x 542.025pt>
File: /Users/dantopa/GitHub//latex-2025//pres/cwh-textbook//local//graphics//hi
ll-odes.png Graphic file (type png)
<use /Users/dantopa/GitHub//latex-2025//pres/cwh-textbook//local//graphics//hil
l-odes.png>
Package pdftex.def Info: /Users/dantopa/GitHub//latex-2025//pres/cwh-textbook//
local//graphics//hill-odes.png  used on input line 101.
(pdftex.def)             Requested size: 276.559pt x 91.05957pt.
File: /Users/dantopa/GitHub//latex-2025//global//graphics/logos/afrl-logo.png G
raphic file (type png)
<use /Users/dantopa/GitHub//latex-2025//global//graphics/logos/afrl-logo.png>
Package pdftex.def Info: /Users/dantopa/GitHub//latex-2025//global//graphics/lo
gos/afrl-logo.png  used on input line 101.
(pdftex.def)             Requested size: 43.77304pt x 14.22636pt.
File: /Users/dantopa/GitHub//latex-2025//global//graphics/logos/af-01.png Graph
ic file (type png)
<use /Users/dantopa/GitHub//latex-2025//global//graphics/logos/af-01.png>
Package pdftex.def Info: /Users/dantopa/GitHub//latex-2025//global//graphics/lo
gos/af-01.png  used on input line 101.
(pdftex.def)             Requested size: 14.84773pt x 13.08846pt.
File: /Users/dantopa/GitHub//latex-2025//global//graphics/logos/sf-best.png Gra
phic file (type png)
<use /Users/dantopa/GitHub//latex-2025//global//graphics/logos/sf-best.png>
Package pdftex.def Info: /Users/dantopa/GitHub//latex-2025//global//graphics/lo
gos/sf-best.png  used on input line 101.
(pdftex.def)             Requested size: 16.20306pt x 16.21828pt.
File: /Users/dantopa/GitHub//latex-2025//global//graphics/logos/hii-01.png Grap
hic file (type png)
<use /Users/dantopa/GitHub//latex-2025//global//graphics/logos/hii-01.png>
Package pdftex.def Info: /Users/dantopa/GitHub//latex-2025//global//graphics/lo
gos/hii-01.png  used on input line 101.
(pdftex.def)             Requested size: 13.59386pt x 14.22636pt.

Overfull \hbox (1.46664pt too wide) has occurred while \output is active
[][][] [][][] 
 []

[21

 </Users/dantopa/GitHub//latex-2025//pres/cwh-textbook//local//graphics//hill-o
des.png>]

LaTeX Warning: Citation 'clohessy1960terminal' on page 22 undefined on input li
ne 111.


LaTeX Warning: Citation 'starek2017fast' on page 22 undefined on input line 111
.


LaTeX Warning: Citation 'price1968derivation' on page 22 undefined on input lin
e 111.


LaTeX Warning: Citation 'hill1878researches' on page 22 undefined on input line
 111.

File: /Users/dantopa/GitHub//latex-2025//global//graphics/logos/afrl-logo.png G
raphic file (type png)
<use /Users/dantopa/GitHub//latex-2025//global//graphics/logos/afrl-logo.png>
Package pdftex.def Info: /Users/dantopa/GitHub//latex-2025//global//graphics/lo
gos/afrl-logo.png  used on input line 111.
(pdftex.def)             Requested size: 43.77304pt x 14.22636pt.
File: /Users/dantopa/GitHub//latex-2025//global//graphics/logos/af-01.png Graph
ic file (type png)
<use /Users/dantopa/GitHub//latex-2025//global//graphics/logos/af-01.png>
Package pdftex.def Info: /Users/dantopa/GitHub//latex-2025//global//graphics/lo
gos/af-01.png  used on input line 111.
(pdftex.def)             Requested size: 14.84773pt x 13.08846pt.
File: /Users/dantopa/GitHub//latex-2025//global//graphics/logos/sf-best.png Gra
phic file (type png)
<use /Users/dantopa/GitHub//latex-2025//global//graphics/logos/sf-best.png>
Package pdftex.def Info: /Users/dantopa/GitHub//latex-2025//global//graphics/lo
gos/sf-best.png  used on input line 111.
(pdftex.def)             Requested size: 16.20306pt x 16.21828pt.
File: /Users/dantopa/GitHub//latex-2025//global//graphics/logos/hii-01.png Grap
hic file (type png)
<use /Users/dantopa/GitHub//latex-2025//global//graphics/logos/hii-01.png>
Package pdftex.def Info: /Users/dantopa/GitHub//latex-2025//global//graphics/lo
gos/hii-01.png  used on input line 111.
(pdftex.def)             Requested size: 13.59386pt x 14.22636pt.

Overfull \hbox (1.46664pt too wide) has occurred while \output is active
[][][] [][][] 
 []

[22

]

LaTeX Warning: Citation 'ai_solutions_j2_perturbation' on page 23 undefined on 
input line 121.


LaTeX Warning: Citation 'henderson1992reference' on page 23 undefined on input 
line 121.

File: /Users/dantopa/GitHub//latex-2025//global//graphics/logos/afrl-logo.png G
raphic file (type png)
<use /Users/dantopa/GitHub//latex-2025//global//graphics/logos/afrl-logo.png>
Package pdftex.def Info: /Users/dantopa/GitHub//latex-2025//global//graphics/lo
gos/afrl-logo.png  used on input line 121.
(pdftex.def)             Requested size: 43.77304pt x 14.22636pt.
File: /Users/dantopa/GitHub//latex-2025//global//graphics/logos/af-01.png Graph
ic file (type png)
<use /Users/dantopa/GitHub//latex-2025//global//graphics/logos/af-01.png>
Package pdftex.def Info: /Users/dantopa/GitHub//latex-2025//global//graphics/lo
gos/af-01.png  used on input line 121.
(pdftex.def)             Requested size: 14.84773pt x 13.08846pt.
File: /Users/dantopa/GitHub//latex-2025//global//graphics/logos/sf-best.png Gra
phic file (type png)
<use /Users/dantopa/GitHub//latex-2025//global//graphics/logos/sf-best.png>
Package pdftex.def Info: /Users/dantopa/GitHub//latex-2025//global//graphics/lo
gos/sf-best.png  used on input line 121.
(pdftex.def)             Requested size: 16.20306pt x 16.21828pt.
File: /Users/dantopa/GitHub//latex-2025//global//graphics/logos/hii-01.png Grap
hic file (type png)
<use /Users/dantopa/GitHub//latex-2025//global//graphics/logos/hii-01.png>
Package pdftex.def Info: /Users/dantopa/GitHub//latex-2025//global//graphics/lo
gos/hii-01.png  used on input line 121.
(pdftex.def)             Requested size: 13.59386pt x 14.22636pt.

Overfull \hbox (1.46664pt too wide) has occurred while \output is active
[][][] [][][] 
 []

[23

]
File: /Users/dantopa/GitHub//latex-2025//global//graphics/logos/afrl-logo.png G
raphic file (type png)
<use /Users/dantopa/GitHub//latex-2025//global//graphics/logos/afrl-logo.png>
Package pdftex.def Info: /Users/dantopa/GitHub//latex-2025//global//graphics/lo
gos/afrl-logo.png  used on input line 158.
(pdftex.def)             Requested size: 43.77304pt x 14.22636pt.
File: /Users/dantopa/GitHub//latex-2025//global//graphics/logos/af-01.png Graph
ic file (type png)
<use /Users/dantopa/GitHub//latex-2025//global//graphics/logos/af-01.png>
Package pdftex.def Info: /Users/dantopa/GitHub//latex-2025//global//graphics/lo
gos/af-01.png  used on input line 158.
(pdftex.def)             Requested size: 14.84773pt x 13.08846pt.
File: /Users/dantopa/GitHub//latex-2025//global//graphics/logos/sf-best.png Gra
phic file (type png)
<use /Users/dantopa/GitHub//latex-2025//global//graphics/logos/sf-best.png>
Package pdftex.def Info: /Users/dantopa/GitHub//latex-2025//global//graphics/lo
gos/sf-best.png  used on input line 158.
(pdftex.def)             Requested size: 16.20306pt x 16.21828pt.
File: /Users/dantopa/GitHub//latex-2025//global//graphics/logos/hii-01.png Grap
hic file (type png)
<use /Users/dantopa/GitHub//latex-2025//global//graphics/logos/hii-01.png>
Package pdftex.def Info: /Users/dantopa/GitHub//latex-2025//global//graphics/lo
gos/hii-01.png  used on input line 158.
(pdftex.def)             Requested size: 13.59386pt x 14.22636pt.

Overfull \hbox (1.46664pt too wide) has occurred while \output is active
[][][] [][][] 
 []

[24

]
File: /Users/dantopa/GitHub//latex-2025//global//graphics/logos/afrl-logo.png G
raphic file (type png)
<use /Users/dantopa/GitHub//latex-2025//global//graphics/logos/afrl-logo.png>
Package pdftex.def Info: /Users/dantopa/GitHub//latex-2025//global//graphics/lo
gos/afrl-logo.png  used on input line 182.
(pdftex.def)             Requested size: 43.77304pt x 14.22636pt.
File: /Users/dantopa/GitHub//latex-2025//global//graphics/logos/af-01.png Graph
ic file (type png)
<use /Users/dantopa/GitHub//latex-2025//global//graphics/logos/af-01.png>
Package pdftex.def Info: /Users/dantopa/GitHub//latex-2025//global//graphics/lo
gos/af-01.png  used on input line 182.
(pdftex.def)             Requested size: 14.84773pt x 13.08846pt.
File: /Users/dantopa/GitHub//latex-2025//global//graphics/logos/sf-best.png Gra
phic file (type png)
<use /Users/dantopa/GitHub//latex-2025//global//graphics/logos/sf-best.png>
Package pdftex.def Info: /Users/dantopa/GitHub//latex-2025//global//graphics/lo
gos/sf-best.png  used on input line 182.
(pdftex.def)             Requested size: 16.20306pt x 16.21828pt.
File: /Users/dantopa/GitHub//latex-2025//global//graphics/logos/hii-01.png Grap
hic file (type png)
<use /Users/dantopa/GitHub//latex-2025//global//graphics/logos/hii-01.png>
Package pdftex.def Info: /Users/dantopa/GitHub//latex-2025//global//graphics/lo
gos/hii-01.png  used on input line 182.
(pdftex.def)             Requested size: 13.59386pt x 14.22636pt.

Overfull \hbox (1.46664pt too wide) has occurred while \output is active
[][][] [][][] 
 []

[25

])
(/Users/dantopa/GitHub//latex-2025//pres/cwh-textbook//sections//sec-ode.tex
 !! CONTENT SETUP !! /Users/dantopa/GitHub//latex-2025//pres/cwh-textbook//sect
ions/"sec-ode.tex"

Package hyperref Warning: Token not allowed in a PDF string (PDFDocEncoding):
(hyperref)                removing `math shift' on input line 4.


Package hyperref Warning: Token not allowed in a PDF string (PDFDocEncoding):
(hyperref)                removing `\alpha' on input line 4.


Package hyperref Warning: Token not allowed in a PDF string (PDFDocEncoding):
(hyperref)                removing `subscript' on input line 4.


Package hyperref Warning: Token not allowed in a PDF string (PDFDocEncoding):
(hyperref)                removing `math shift' on input line 4.


(/Users/dantopa/GitHub//latex-2025//pres/cwh-textbook//sections/ssec-scalar-ode
.tex
 !! CONTENT SETUP !! /Users/dantopa/GitHub//latex-2025//pres/cwh-textbook//sect
ions/"ssec-scalar-ode.tex"
File: /Users/dantopa/GitHub//latex-2025//global//graphics/logos/afrl-logo.png G
raphic file (type png)
<use /Users/dantopa/GitHub//latex-2025//global//graphics/logos/afrl-logo.png>
Package pdftex.def Info: /Users/dantopa/GitHub//latex-2025//global//graphics/lo
gos/afrl-logo.png  used on input line 16.
(pdftex.def)             Requested size: 43.77304pt x 14.22636pt.
File: /Users/dantopa/GitHub//latex-2025//global//graphics/logos/af-01.png Graph
ic file (type png)
<use /Users/dantopa/GitHub//latex-2025//global//graphics/logos/af-01.png>
Package pdftex.def Info: /Users/dantopa/GitHub//latex-2025//global//graphics/lo
gos/af-01.png  used on input line 16.
(pdftex.def)             Requested size: 14.84773pt x 13.08846pt.
File: /Users/dantopa/GitHub//latex-2025//global//graphics/logos/sf-best.png Gra
phic file (type png)
<use /Users/dantopa/GitHub//latex-2025//global//graphics/logos/sf-best.png>
Package pdftex.def Info: /Users/dantopa/GitHub//latex-2025//global//graphics/lo
gos/sf-best.png  used on input line 16.
(pdftex.def)             Requested size: 16.20306pt x 16.21828pt.
File: /Users/dantopa/GitHub//latex-2025//global//graphics/logos/hii-01.png Grap
hic file (type png)
<use /Users/dantopa/GitHub//latex-2025//global//graphics/logos/hii-01.png>
Package pdftex.def Info: /Users/dantopa/GitHub//latex-2025//global//graphics/lo
gos/hii-01.png  used on input line 16.
(pdftex.def)             Requested size: 13.59386pt x 14.22636pt.

Overfull \hbox (1.46664pt too wide) has occurred while \output is active
[][][] [][][] 
 []

[26

]
File: /Users/dantopa/GitHub//latex-2025//global//graphics/logos/afrl-logo.png G
raphic file (type png)
<use /Users/dantopa/GitHub//latex-2025//global//graphics/logos/afrl-logo.png>
Package pdftex.def Info: /Users/dantopa/GitHub//latex-2025//global//graphics/lo
gos/afrl-logo.png  used on input line 44.
(pdftex.def)             Requested size: 43.77304pt x 14.22636pt.
File: /Users/dantopa/GitHub//latex-2025//global//graphics/logos/af-01.png Graph
ic file (type png)
<use /Users/dantopa/GitHub//latex-2025//global//graphics/logos/af-01.png>
Package pdftex.def Info: /Users/dantopa/GitHub//latex-2025//global//graphics/lo
gos/af-01.png  used on input line 44.
(pdftex.def)             Requested size: 14.84773pt x 13.08846pt.
File: /Users/dantopa/GitHub//latex-2025//global//graphics/logos/sf-best.png Gra
phic file (type png)
<use /Users/dantopa/GitHub//latex-2025//global//graphics/logos/sf-best.png>
Package pdftex.def Info: /Users/dantopa/GitHub//latex-2025//global//graphics/lo
gos/sf-best.png  used on input line 44.
(pdftex.def)             Requested size: 16.20306pt x 16.21828pt.
File: /Users/dantopa/GitHub//latex-2025//global//graphics/logos/hii-01.png Grap
hic file (type png)
<use /Users/dantopa/GitHub//latex-2025//global//graphics/logos/hii-01.png>
Package pdftex.def Info: /Users/dantopa/GitHub//latex-2025//global//graphics/lo
gos/hii-01.png  used on input line 44.
(pdftex.def)             Requested size: 13.59386pt x 14.22636pt.

Overfull \hbox (1.46664pt too wide) has occurred while \output is active
[][][] [][][] 
 []

[27

]
File: /Users/dantopa/GitHub//latex-2025//global//graphics/logos/afrl-logo.png G
raphic file (type png)
<use /Users/dantopa/GitHub//latex-2025//global//graphics/logos/afrl-logo.png>
Package pdftex.def Info: /Users/dantopa/GitHub//latex-2025//global//graphics/lo
gos/afrl-logo.png  used on input line 44.
(pdftex.def)             Requested size: 43.77304pt x 14.22636pt.
File: /Users/dantopa/GitHub//latex-2025//global//graphics/logos/af-01.png Graph
ic file (type png)
<use /Users/dantopa/GitHub//latex-2025//global//graphics/logos/af-01.png>
Package pdftex.def Info: /Users/dantopa/GitHub//latex-2025//global//graphics/lo
gos/af-01.png  used on input line 44.
(pdftex.def)             Requested size: 14.84773pt x 13.08846pt.
File: /Users/dantopa/GitHub//latex-2025//global//graphics/logos/sf-best.png Gra
phic file (type png)
<use /Users/dantopa/GitHub//latex-2025//global//graphics/logos/sf-best.png>
Package pdftex.def Info: /Users/dantopa/GitHub//latex-2025//global//graphics/lo
gos/sf-best.png  used on input line 44.
(pdftex.def)             Requested size: 16.20306pt x 16.21828pt.
File: /Users/dantopa/GitHub//latex-2025//global//graphics/logos/hii-01.png Grap
hic file (type png)
<use /Users/dantopa/GitHub//latex-2025//global//graphics/logos/hii-01.png>
Package pdftex.def Info: /Users/dantopa/GitHub//latex-2025//global//graphics/lo
gos/hii-01.png  used on input line 44.
(pdftex.def)             Requested size: 13.59386pt x 14.22636pt.

Overfull \hbox (1.46664pt too wide) has occurred while \output is active
[][][] [][][] 
 []

[28


]
File: /Users/dantopa/GitHub//latex-2025//global//graphics/logos/afrl-logo.png G
raphic file (type png)
<use /Users/dantopa/GitHub//latex-2025//global//graphics/logos/afrl-logo.png>
Package pdftex.def Info: /Users/dantopa/GitHub//latex-2025//global//graphics/lo
gos/afrl-logo.png  used on input line 58.
(pdftex.def)             Requested size: 43.77304pt x 14.22636pt.
File: /Users/dantopa/GitHub//latex-2025//global//graphics/logos/af-01.png Graph
ic file (type png)
<use /Users/dantopa/GitHub//latex-2025//global//graphics/logos/af-01.png>
Package pdftex.def Info: /Users/dantopa/GitHub//latex-2025//global//graphics/lo
gos/af-01.png  used on input line 58.
(pdftex.def)             Requested size: 14.84773pt x 13.08846pt.
File: /Users/dantopa/GitHub//latex-2025//global//graphics/logos/sf-best.png Gra
phic file (type png)
<use /Users/dantopa/GitHub//latex-2025//global//graphics/logos/sf-best.png>
Package pdftex.def Info: /Users/dantopa/GitHub//latex-2025//global//graphics/lo
gos/sf-best.png  used on input line 58.
(pdftex.def)             Requested size: 16.20306pt x 16.21828pt.
File: /Users/dantopa/GitHub//latex-2025//global//graphics/logos/hii-01.png Grap
hic file (type png)
<use /Users/dantopa/GitHub//latex-2025//global//graphics/logos/hii-01.png>
Package pdftex.def Info: /Users/dantopa/GitHub//latex-2025//global//graphics/lo
gos/hii-01.png  used on input line 58.
(pdftex.def)             Requested size: 13.59386pt x 14.22636pt.

Overfull \hbox (1.46664pt too wide) has occurred while \output is active
[][][] [][][] 
 []

[29

]
File: /Users/dantopa/GitHub//latex-2025//global//graphics/logos/afrl-logo.png G
raphic file (type png)
<use /Users/dantopa/GitHub//latex-2025//global//graphics/logos/afrl-logo.png>
Package pdftex.def Info: /Users/dantopa/GitHub//latex-2025//global//graphics/lo
gos/afrl-logo.png  used on input line 76.
(pdftex.def)             Requested size: 43.77304pt x 14.22636pt.
File: /Users/dantopa/GitHub//latex-2025//global//graphics/logos/af-01.png Graph
ic file (type png)
<use /Users/dantopa/GitHub//latex-2025//global//graphics/logos/af-01.png>
Package pdftex.def Info: /Users/dantopa/GitHub//latex-2025//global//graphics/lo
gos/af-01.png  used on input line 76.
(pdftex.def)             Requested size: 14.84773pt x 13.08846pt.
File: /Users/dantopa/GitHub//latex-2025//global//graphics/logos/sf-best.png Gra
phic file (type png)
<use /Users/dantopa/GitHub//latex-2025//global//graphics/logos/sf-best.png>
Package pdftex.def Info: /Users/dantopa/GitHub//latex-2025//global//graphics/lo
gos/sf-best.png  used on input line 76.
(pdftex.def)             Requested size: 16.20306pt x 16.21828pt.
File: /Users/dantopa/GitHub//latex-2025//global//graphics/logos/hii-01.png Grap
hic file (type png)
<use /Users/dantopa/GitHub//latex-2025//global//graphics/logos/hii-01.png>
Package pdftex.def Info: /Users/dantopa/GitHub//latex-2025//global//graphics/lo
gos/hii-01.png  used on input line 76.
(pdftex.def)             Requested size: 13.59386pt x 14.22636pt.

Overfull \hbox (1.46664pt too wide) has occurred while \output is active
[][][] [][][] 
 []

[30

]
File: /Users/dantopa/GitHub//latex-2025//global//graphics/logos/afrl-logo.png G
raphic file (type png)
<use /Users/dantopa/GitHub//latex-2025//global//graphics/logos/afrl-logo.png>
Package pdftex.def Info: /Users/dantopa/GitHub//latex-2025//global//graphics/lo
gos/afrl-logo.png  used on input line 84.
(pdftex.def)             Requested size: 43.77304pt x 14.22636pt.
File: /Users/dantopa/GitHub//latex-2025//global//graphics/logos/af-01.png Graph
ic file (type png)
<use /Users/dantopa/GitHub//latex-2025//global//graphics/logos/af-01.png>
Package pdftex.def Info: /Users/dantopa/GitHub//latex-2025//global//graphics/lo
gos/af-01.png  used on input line 84.
(pdftex.def)             Requested size: 14.84773pt x 13.08846pt.
File: /Users/dantopa/GitHub//latex-2025//global//graphics/logos/sf-best.png Gra
phic file (type png)
<use /Users/dantopa/GitHub//latex-2025//global//graphics/logos/sf-best.png>
Package pdftex.def Info: /Users/dantopa/GitHub//latex-2025//global//graphics/lo
gos/sf-best.png  used on input line 84.
(pdftex.def)             Requested size: 16.20306pt x 16.21828pt.
File: /Users/dantopa/GitHub//latex-2025//global//graphics/logos/hii-01.png Grap
hic file (type png)
<use /Users/dantopa/GitHub//latex-2025//global//graphics/logos/hii-01.png>
Package pdftex.def Info: /Users/dantopa/GitHub//latex-2025//global//graphics/lo
gos/hii-01.png  used on input line 84.
(pdftex.def)             Requested size: 13.59386pt x 14.22636pt.

Overfull \hbox (1.46664pt too wide) has occurred while \output is active
[][][] [][][] 
 []

[31

]
File: /Users/dantopa/GitHub//latex-2025//global//graphics/logos/afrl-logo.png G
raphic file (type png)
<use /Users/dantopa/GitHub//latex-2025//global//graphics/logos/afrl-logo.png>
Package pdftex.def Info: /Users/dantopa/GitHub//latex-2025//global//graphics/lo
gos/afrl-logo.png  used on input line 102.
(pdftex.def)             Requested size: 43.77304pt x 14.22636pt.
File: /Users/dantopa/GitHub//latex-2025//global//graphics/logos/af-01.png Graph
ic file (type png)
<use /Users/dantopa/GitHub//latex-2025//global//graphics/logos/af-01.png>
Package pdftex.def Info: /Users/dantopa/GitHub//latex-2025//global//graphics/lo
gos/af-01.png  used on input line 102.
(pdftex.def)             Requested size: 14.84773pt x 13.08846pt.
File: /Users/dantopa/GitHub//latex-2025//global//graphics/logos/sf-best.png Gra
phic file (type png)
<use /Users/dantopa/GitHub//latex-2025//global//graphics/logos/sf-best.png>
Package pdftex.def Info: /Users/dantopa/GitHub//latex-2025//global//graphics/lo
gos/sf-best.png  used on input line 102.
(pdftex.def)             Requested size: 16.20306pt x 16.21828pt.
File: /Users/dantopa/GitHub//latex-2025//global//graphics/logos/hii-01.png Grap
hic file (type png)
<use /Users/dantopa/GitHub//latex-2025//global//graphics/logos/hii-01.png>
Package pdftex.def Info: /Users/dantopa/GitHub//latex-2025//global//graphics/lo
gos/hii-01.png  used on input line 102.
(pdftex.def)             Requested size: 13.59386pt x 14.22636pt.

Overfull \hbox (1.46664pt too wide) has occurred while \output is active
[][][] [][][] 
 []

[32

])
(/Users/dantopa/GitHub//latex-2025//pres/cwh-textbook//sections/ssec-ambiguous-
I.tex
 !! CONTENT SETUP !! /Users/dantopa/GitHub//latex-2025//pres/cwh-textbook//sect
ions/"ssec-ambiguous-I.tex"
File: /Users/dantopa/GitHub//latex-2025//global//graphics/logos/afrl-logo.png G
raphic file (type png)
<use /Users/dantopa/GitHub//latex-2025//global//graphics/logos/afrl-logo.png>
Package pdftex.def Info: /Users/dantopa/GitHub//latex-2025//global//graphics/lo
gos/afrl-logo.png  used on input line 30.
(pdftex.def)             Requested size: 43.77304pt x 14.22636pt.
File: /Users/dantopa/GitHub//latex-2025//global//graphics/logos/af-01.png Graph
ic file (type png)
<use /Users/dantopa/GitHub//latex-2025//global//graphics/logos/af-01.png>
Package pdftex.def Info: /Users/dantopa/GitHub//latex-2025//global//graphics/lo
gos/af-01.png  used on input line 30.
(pdftex.def)             Requested size: 14.84773pt x 13.08846pt.
File: /Users/dantopa/GitHub//latex-2025//global//graphics/logos/sf-best.png Gra
phic file (type png)
<use /Users/dantopa/GitHub//latex-2025//global//graphics/logos/sf-best.png>
Package pdftex.def Info: /Users/dantopa/GitHub//latex-2025//global//graphics/lo
gos/sf-best.png  used on input line 30.
(pdftex.def)             Requested size: 16.20306pt x 16.21828pt.
File: /Users/dantopa/GitHub//latex-2025//global//graphics/logos/hii-01.png Grap
hic file (type png)
<use /Users/dantopa/GitHub//latex-2025//global//graphics/logos/hii-01.png>
Package pdftex.def Info: /Users/dantopa/GitHub//latex-2025//global//graphics/lo
gos/hii-01.png  used on input line 30.
(pdftex.def)             Requested size: 13.59386pt x 14.22636pt.

Overfull \hbox (1.46664pt too wide) has occurred while \output is active
[][][] [][][] 
 []

[33

]
File: /Users/dantopa/GitHub//latex-2025//global//graphics/logos/afrl-logo.png G
raphic file (type png)
<use /Users/dantopa/GitHub//latex-2025//global//graphics/logos/afrl-logo.png>
Package pdftex.def Info: /Users/dantopa/GitHub//latex-2025//global//graphics/lo
gos/afrl-logo.png  used on input line 51.
(pdftex.def)             Requested size: 43.77304pt x 14.22636pt.
File: /Users/dantopa/GitHub//latex-2025//global//graphics/logos/af-01.png Graph
ic file (type png)
<use /Users/dantopa/GitHub//latex-2025//global//graphics/logos/af-01.png>
Package pdftex.def Info: /Users/dantopa/GitHub//latex-2025//global//graphics/lo
gos/af-01.png  used on input line 51.
(pdftex.def)             Requested size: 14.84773pt x 13.08846pt.
File: /Users/dantopa/GitHub//latex-2025//global//graphics/logos/sf-best.png Gra
phic file (type png)
<use /Users/dantopa/GitHub//latex-2025//global//graphics/logos/sf-best.png>
Package pdftex.def Info: /Users/dantopa/GitHub//latex-2025//global//graphics/lo
gos/sf-best.png  used on input line 51.
(pdftex.def)             Requested size: 16.20306pt x 16.21828pt.
File: /Users/dantopa/GitHub//latex-2025//global//graphics/logos/hii-01.png Grap
hic file (type png)
<use /Users/dantopa/GitHub//latex-2025//global//graphics/logos/hii-01.png>
Package pdftex.def Info: /Users/dantopa/GitHub//latex-2025//global//graphics/lo
gos/hii-01.png  used on input line 51.
(pdftex.def)             Requested size: 13.59386pt x 14.22636pt.

Overfull \hbox (1.46664pt too wide) has occurred while \output is active
[][][] [][][] 
 []

[34

]
File: /Users/dantopa/GitHub//latex-2025//global//graphics/logos/afrl-logo.png G
raphic file (type png)
<use /Users/dantopa/GitHub//latex-2025//global//graphics/logos/afrl-logo.png>
Package pdftex.def Info: /Users/dantopa/GitHub//latex-2025//global//graphics/lo
gos/afrl-logo.png  used on input line 92.
(pdftex.def)             Requested size: 43.77304pt x 14.22636pt.
File: /Users/dantopa/GitHub//latex-2025//global//graphics/logos/af-01.png Graph
ic file (type png)
<use /Users/dantopa/GitHub//latex-2025//global//graphics/logos/af-01.png>
Package pdftex.def Info: /Users/dantopa/GitHub//latex-2025//global//graphics/lo
gos/af-01.png  used on input line 92.
(pdftex.def)             Requested size: 14.84773pt x 13.08846pt.
File: /Users/dantopa/GitHub//latex-2025//global//graphics/logos/sf-best.png Gra
phic file (type png)
<use /Users/dantopa/GitHub//latex-2025//global//graphics/logos/sf-best.png>
Package pdftex.def Info: /Users/dantopa/GitHub//latex-2025//global//graphics/lo
gos/sf-best.png  used on input line 92.
(pdftex.def)             Requested size: 16.20306pt x 16.21828pt.
File: /Users/dantopa/GitHub//latex-2025//global//graphics/logos/hii-01.png Grap
hic file (type png)
<use /Users/dantopa/GitHub//latex-2025//global//graphics/logos/hii-01.png>
Package pdftex.def Info: /Users/dantopa/GitHub//latex-2025//global//graphics/lo
gos/hii-01.png  used on input line 92.
(pdftex.def)             Requested size: 13.59386pt x 14.22636pt.

Overfull \hbox (1.46664pt too wide) has occurred while \output is active
[][][] [][][] 
 []

[35

]
File: /Users/dantopa/GitHub//latex-2025//global//graphics/logos/afrl-logo.png G
raphic file (type png)
<use /Users/dantopa/GitHub//latex-2025//global//graphics/logos/afrl-logo.png>
Package pdftex.def Info: /Users/dantopa/GitHub//latex-2025//global//graphics/lo
gos/afrl-logo.png  used on input line 107.
(pdftex.def)             Requested size: 43.77304pt x 14.22636pt.
File: /Users/dantopa/GitHub//latex-2025//global//graphics/logos/af-01.png Graph
ic file (type png)
<use /Users/dantopa/GitHub//latex-2025//global//graphics/logos/af-01.png>
Package pdftex.def Info: /Users/dantopa/GitHub//latex-2025//global//graphics/lo
gos/af-01.png  used on input line 107.
(pdftex.def)             Requested size: 14.84773pt x 13.08846pt.
File: /Users/dantopa/GitHub//latex-2025//global//graphics/logos/sf-best.png Gra
phic file (type png)
<use /Users/dantopa/GitHub//latex-2025//global//graphics/logos/sf-best.png>
Package pdftex.def Info: /Users/dantopa/GitHub//latex-2025//global//graphics/lo
gos/sf-best.png  used on input line 107.
(pdftex.def)             Requested size: 16.20306pt x 16.21828pt.
File: /Users/dantopa/GitHub//latex-2025//global//graphics/logos/hii-01.png Grap
hic file (type png)
<use /Users/dantopa/GitHub//latex-2025//global//graphics/logos/hii-01.png>
Package pdftex.def Info: /Users/dantopa/GitHub//latex-2025//global//graphics/lo
gos/hii-01.png  used on input line 107.
(pdftex.def)             Requested size: 13.59386pt x 14.22636pt.

Overfull \hbox (1.46664pt too wide) has occurred while \output is active
[][][] [][][] 
 []

[36

]
LaTeX Font Info:    Font shape `T1/lmss/bx/it' in size <10.95> not available
(Font)              Font shape `T1/lmss/bx/sl' tried instead on input line 122.

File: /Users/dantopa/GitHub//latex-2025//global//graphics/logos/afrl-logo.png G
raphic file (type png)
<use /Users/dantopa/GitHub//latex-2025//global//graphics/logos/afrl-logo.png>
Package pdftex.def Info: /Users/dantopa/GitHub//latex-2025//global//graphics/lo
gos/afrl-logo.png  used on input line 122.
(pdftex.def)             Requested size: 43.77304pt x 14.22636pt.
File: /Users/dantopa/GitHub//latex-2025//global//graphics/logos/af-01.png Graph
ic file (type png)
<use /Users/dantopa/GitHub//latex-2025//global//graphics/logos/af-01.png>
Package pdftex.def Info: /Users/dantopa/GitHub//latex-2025//global//graphics/lo
gos/af-01.png  used on input line 122.
(pdftex.def)             Requested size: 14.84773pt x 13.08846pt.
File: /Users/dantopa/GitHub//latex-2025//global//graphics/logos/sf-best.png Gra
phic file (type png)
<use /Users/dantopa/GitHub//latex-2025//global//graphics/logos/sf-best.png>
Package pdftex.def Info: /Users/dantopa/GitHub//latex-2025//global//graphics/lo
gos/sf-best.png  used on input line 122.
(pdftex.def)             Requested size: 16.20306pt x 16.21828pt.
File: /Users/dantopa/GitHub//latex-2025//global//graphics/logos/hii-01.png Grap
hic file (type png)
<use /Users/dantopa/GitHub//latex-2025//global//graphics/logos/hii-01.png>
Package pdftex.def Info: /Users/dantopa/GitHub//latex-2025//global//graphics/lo
gos/hii-01.png  used on input line 122.
(pdftex.def)             Requested size: 13.59386pt x 14.22636pt.

Overfull \hbox (1.46664pt too wide) has occurred while \output is active
[][][] [][][] 
 []

[37

]pdfTeX warning (ext4): destination with the same identifier (name{eq:soln-comp
lete}) has been already used, duplicate ignored
<to be read again> 
                   \relax 
l.138 \end{frame}
                 
File: /Users/dantopa/GitHub//latex-2025//global//graphics/logos/afrl-logo.png G
raphic file (type png)
<use /Users/dantopa/GitHub//latex-2025//global//graphics/logos/afrl-logo.png>
Package pdftex.def Info: /Users/dantopa/GitHub//latex-2025//global//graphics/lo
gos/afrl-logo.png  used on input line 138.
(pdftex.def)             Requested size: 43.77304pt x 14.22636pt.
File: /Users/dantopa/GitHub//latex-2025//global//graphics/logos/af-01.png Graph
ic file (type png)
<use /Users/dantopa/GitHub//latex-2025//global//graphics/logos/af-01.png>
Package pdftex.def Info: /Users/dantopa/GitHub//latex-2025//global//graphics/lo
gos/af-01.png  used on input line 138.
(pdftex.def)             Requested size: 14.84773pt x 13.08846pt.
File: /Users/dantopa/GitHub//latex-2025//global//graphics/logos/sf-best.png Gra
phic file (type png)
<use /Users/dantopa/GitHub//latex-2025//global//graphics/logos/sf-best.png>
Package pdftex.def Info: /Users/dantopa/GitHub//latex-2025//global//graphics/lo
gos/sf-best.png  used on input line 138.
(pdftex.def)             Requested size: 16.20306pt x 16.21828pt.
File: /Users/dantopa/GitHub//latex-2025//global//graphics/logos/hii-01.png Grap
hic file (type png)
<use /Users/dantopa/GitHub//latex-2025//global//graphics/logos/hii-01.png>
Package pdftex.def Info: /Users/dantopa/GitHub//latex-2025//global//graphics/lo
gos/hii-01.png  used on input line 138.
(pdftex.def)             Requested size: 13.59386pt x 14.22636pt.

Overfull \hbox (1.46664pt too wide) has occurred while \output is active
[][][] [][][] 
 []

[38

]
LaTeX Font Info:    Font shape `T1/lmss/b/it' in size <10.95> not available
(Font)              Font shape `T1/lmss/bx/it' tried instead on input line 149.

LaTeX Font Info:    Font shape `T1/lmss/bx/it' in size <10.95> not available
(Font)              Font shape `T1/lmss/bx/sl' tried instead on input line 149.

File: /Users/dantopa/GitHub//latex-2025//global//graphics/logos/afrl-logo.png G
raphic file (type png)
<use /Users/dantopa/GitHub//latex-2025//global//graphics/logos/afrl-logo.png>
Package pdftex.def Info: /Users/dantopa/GitHub//latex-2025//global//graphics/lo
gos/afrl-logo.png  used on input line 149.
(pdftex.def)             Requested size: 43.77304pt x 14.22636pt.
File: /Users/dantopa/GitHub//latex-2025//global//graphics/logos/af-01.png Graph
ic file (type png)
<use /Users/dantopa/GitHub//latex-2025//global//graphics/logos/af-01.png>
Package pdftex.def Info: /Users/dantopa/GitHub//latex-2025//global//graphics/lo
gos/af-01.png  used on input line 149.
(pdftex.def)             Requested size: 14.84773pt x 13.08846pt.
File: /Users/dantopa/GitHub//latex-2025//global//graphics/logos/sf-best.png Gra
phic file (type png)
<use /Users/dantopa/GitHub//latex-2025//global//graphics/logos/sf-best.png>
Package pdftex.def Info: /Users/dantopa/GitHub//latex-2025//global//graphics/lo
gos/sf-best.png  used on input line 149.
(pdftex.def)             Requested size: 16.20306pt x 16.21828pt.
File: /Users/dantopa/GitHub//latex-2025//global//graphics/logos/hii-01.png Grap
hic file (type png)
<use /Users/dantopa/GitHub//latex-2025//global//graphics/logos/hii-01.png>
Package pdftex.def Info: /Users/dantopa/GitHub//latex-2025//global//graphics/lo
gos/hii-01.png  used on input line 149.
(pdftex.def)             Requested size: 13.59386pt x 14.22636pt.

Overfull \hbox (1.46664pt too wide) has occurred while \output is active
[][][] [][][] 
 []

[39

]pdfTeX warning (ext4): destination with the same identifier (name{eq:soln-comp
lete}) has been already used, duplicate ignored
<to be read again> 
                   \relax 
l.170 \end{frame}
                 %
File: /Users/dantopa/GitHub//latex-2025//global//graphics/logos/afrl-logo.png G
raphic file (type png)
<use /Users/dantopa/GitHub//latex-2025//global//graphics/logos/afrl-logo.png>
Package pdftex.def Info: /Users/dantopa/GitHub//latex-2025//global//graphics/lo
gos/afrl-logo.png  used on input line 170.
(pdftex.def)             Requested size: 43.77304pt x 14.22636pt.
File: /Users/dantopa/GitHub//latex-2025//global//graphics/logos/af-01.png Graph
ic file (type png)
<use /Users/dantopa/GitHub//latex-2025//global//graphics/logos/af-01.png>
Package pdftex.def Info: /Users/dantopa/GitHub//latex-2025//global//graphics/lo
gos/af-01.png  used on input line 170.
(pdftex.def)             Requested size: 14.84773pt x 13.08846pt.
File: /Users/dantopa/GitHub//latex-2025//global//graphics/logos/sf-best.png Gra
phic file (type png)
<use /Users/dantopa/GitHub//latex-2025//global//graphics/logos/sf-best.png>
Package pdftex.def Info: /Users/dantopa/GitHub//latex-2025//global//graphics/lo
gos/sf-best.png  used on input line 170.
(pdftex.def)             Requested size: 16.20306pt x 16.21828pt.
File: /Users/dantopa/GitHub//latex-2025//global//graphics/logos/hii-01.png Grap
hic file (type png)
<use /Users/dantopa/GitHub//latex-2025//global//graphics/logos/hii-01.png>
Package pdftex.def Info: /Users/dantopa/GitHub//latex-2025//global//graphics/lo
gos/hii-01.png  used on input line 170.
(pdftex.def)             Requested size: 13.59386pt x 14.22636pt.

Overfull \hbox (1.46664pt too wide) has occurred while \output is active
[][][] [][][] 
 []

[40

]
File: /Users/dantopa/GitHub//latex-2025//global//graphics/logos/afrl-logo.png G
raphic file (type png)
<use /Users/dantopa/GitHub//latex-2025//global//graphics/logos/afrl-logo.png>
Package pdftex.def Info: /Users/dantopa/GitHub//latex-2025//global//graphics/lo
gos/afrl-logo.png  used on input line 176.
(pdftex.def)             Requested size: 43.77304pt x 14.22636pt.
File: /Users/dantopa/GitHub//latex-2025//global//graphics/logos/af-01.png Graph
ic file (type png)
<use /Users/dantopa/GitHub//latex-2025//global//graphics/logos/af-01.png>
Package pdftex.def Info: /Users/dantopa/GitHub//latex-2025//global//graphics/lo
gos/af-01.png  used on input line 176.
(pdftex.def)             Requested size: 14.84773pt x 13.08846pt.
File: /Users/dantopa/GitHub//latex-2025//global//graphics/logos/sf-best.png Gra
phic file (type png)
<use /Users/dantopa/GitHub//latex-2025//global//graphics/logos/sf-best.png>
Package pdftex.def Info: /Users/dantopa/GitHub//latex-2025//global//graphics/lo
gos/sf-best.png  used on input line 176.
(pdftex.def)             Requested size: 16.20306pt x 16.21828pt.
File: /Users/dantopa/GitHub//latex-2025//global//graphics/logos/hii-01.png Grap
hic file (type png)
<use /Users/dantopa/GitHub//latex-2025//global//graphics/logos/hii-01.png>
Package pdftex.def Info: /Users/dantopa/GitHub//latex-2025//global//graphics/lo
gos/hii-01.png  used on input line 176.
(pdftex.def)             Requested size: 13.59386pt x 14.22636pt.

Overfull \hbox (1.46664pt too wide) has occurred while \output is active
[][][] [][][] 
 []

[41

])
(/Users/dantopa/GitHub//latex-2025//pres/cwh-textbook//sections/ssec-ode-method
s.tex
 !! CONTENT SETUP !! /Users/dantopa/GitHub//latex-2025//pres/cwh-textbook//sect
ions/"ssec-ode-methods.tex"

Overfull \hbox (2.64876pt too wide) in paragraph at lines 22--22
 [] 
 []

File: /Users/dantopa/GitHub//latex-2025//global//graphics/logos/afrl-logo.png G
raphic file (type png)
<use /Users/dantopa/GitHub//latex-2025//global//graphics/logos/afrl-logo.png>
Package pdftex.def Info: /Users/dantopa/GitHub//latex-2025//global//graphics/lo
gos/afrl-logo.png  used on input line 22.
(pdftex.def)             Requested size: 43.77304pt x 14.22636pt.
File: /Users/dantopa/GitHub//latex-2025//global//graphics/logos/af-01.png Graph
ic file (type png)
<use /Users/dantopa/GitHub//latex-2025//global//graphics/logos/af-01.png>
Package pdftex.def Info: /Users/dantopa/GitHub//latex-2025//global//graphics/lo
gos/af-01.png  used on input line 22.
(pdftex.def)             Requested size: 14.84773pt x 13.08846pt.
File: /Users/dantopa/GitHub//latex-2025//global//graphics/logos/sf-best.png Gra
phic file (type png)
<use /Users/dantopa/GitHub//latex-2025//global//graphics/logos/sf-best.png>
Package pdftex.def Info: /Users/dantopa/GitHub//latex-2025//global//graphics/lo
gos/sf-best.png  used on input line 22.
(pdftex.def)             Requested size: 16.20306pt x 16.21828pt.
File: /Users/dantopa/GitHub//latex-2025//global//graphics/logos/hii-01.png Grap
hic file (type png)
<use /Users/dantopa/GitHub//latex-2025//global//graphics/logos/hii-01.png>
Package pdftex.def Info: /Users/dantopa/GitHub//latex-2025//global//graphics/lo
gos/hii-01.png  used on input line 22.
(pdftex.def)             Requested size: 13.59386pt x 14.22636pt.

Overfull \hbox (1.46664pt too wide) has occurred while \output is active
[][][] [][][] 
 []

[42

]
File: /Users/dantopa/GitHub//latex-2025//global//graphics/logos/afrl-logo.png G
raphic file (type png)
<use /Users/dantopa/GitHub//latex-2025//global//graphics/logos/afrl-logo.png>
Package pdftex.def Info: /Users/dantopa/GitHub//latex-2025//global//graphics/lo
gos/afrl-logo.png  used on input line 32.
(pdftex.def)             Requested size: 43.77304pt x 14.22636pt.
File: /Users/dantopa/GitHub//latex-2025//global//graphics/logos/af-01.png Graph
ic file (type png)
<use /Users/dantopa/GitHub//latex-2025//global//graphics/logos/af-01.png>
Package pdftex.def Info: /Users/dantopa/GitHub//latex-2025//global//graphics/lo
gos/af-01.png  used on input line 32.
(pdftex.def)             Requested size: 14.84773pt x 13.08846pt.
File: /Users/dantopa/GitHub//latex-2025//global//graphics/logos/sf-best.png Gra
phic file (type png)
<use /Users/dantopa/GitHub//latex-2025//global//graphics/logos/sf-best.png>
Package pdftex.def Info: /Users/dantopa/GitHub//latex-2025//global//graphics/lo
gos/sf-best.png  used on input line 32.
(pdftex.def)             Requested size: 16.20306pt x 16.21828pt.
File: /Users/dantopa/GitHub//latex-2025//global//graphics/logos/hii-01.png Grap
hic file (type png)
<use /Users/dantopa/GitHub//latex-2025//global//graphics/logos/hii-01.png>
Package pdftex.def Info: /Users/dantopa/GitHub//latex-2025//global//graphics/lo
gos/hii-01.png  used on input line 32.
(pdftex.def)             Requested size: 13.59386pt x 14.22636pt.

Overfull \hbox (1.46664pt too wide) has occurred while \output is active
[][][] [][][] 
 []

[43

]
(/Users/dantopa/GitHub//latex-2025//global//libs//elements//theorems/thm-fto-li
near-systems.tex
 !! CONTENT SETUP !! /Users/dantopa/GitHub//latex-2025//global//libs//elements/
/theorems/"thm-fto-linear-systems.tex"
)
File: /Users/dantopa/GitHub//latex-2025//global//graphics/logos/afrl-logo.png G
raphic file (type png)
<use /Users/dantopa/GitHub//latex-2025//global//graphics/logos/afrl-logo.png>
Package pdftex.def Info: /Users/dantopa/GitHub//latex-2025//global//graphics/lo
gos/afrl-logo.png  used on input line 36.
(pdftex.def)             Requested size: 43.77304pt x 14.22636pt.
File: /Users/dantopa/GitHub//latex-2025//global//graphics/logos/af-01.png Graph
ic file (type png)
<use /Users/dantopa/GitHub//latex-2025//global//graphics/logos/af-01.png>
Package pdftex.def Info: /Users/dantopa/GitHub//latex-2025//global//graphics/lo
gos/af-01.png  used on input line 36.
(pdftex.def)             Requested size: 14.84773pt x 13.08846pt.
File: /Users/dantopa/GitHub//latex-2025//global//graphics/logos/sf-best.png Gra
phic file (type png)
<use /Users/dantopa/GitHub//latex-2025//global//graphics/logos/sf-best.png>
Package pdftex.def Info: /Users/dantopa/GitHub//latex-2025//global//graphics/lo
gos/sf-best.png  used on input line 36.
(pdftex.def)             Requested size: 16.20306pt x 16.21828pt.
File: /Users/dantopa/GitHub//latex-2025//global//graphics/logos/hii-01.png Grap
hic file (type png)
<use /Users/dantopa/GitHub//latex-2025//global//graphics/logos/hii-01.png>
Package pdftex.def Info: /Users/dantopa/GitHub//latex-2025//global//graphics/lo
gos/hii-01.png  used on input line 36.
(pdftex.def)             Requested size: 13.59386pt x 14.22636pt.

Overfull \hbox (1.46664pt too wide) has occurred while \output is active
[][][] [][][] 
 []

[44

]
File: /Users/dantopa/GitHub//latex-2025//global//graphics/logos/afrl-logo.png G
raphic file (type png)
<use /Users/dantopa/GitHub//latex-2025//global//graphics/logos/afrl-logo.png>
Package pdftex.def Info: /Users/dantopa/GitHub//latex-2025//global//graphics/lo
gos/afrl-logo.png  used on input line 43.
(pdftex.def)             Requested size: 43.77304pt x 14.22636pt.
File: /Users/dantopa/GitHub//latex-2025//global//graphics/logos/af-01.png Graph
ic file (type png)
<use /Users/dantopa/GitHub//latex-2025//global//graphics/logos/af-01.png>
Package pdftex.def Info: /Users/dantopa/GitHub//latex-2025//global//graphics/lo
gos/af-01.png  used on input line 43.
(pdftex.def)             Requested size: 14.84773pt x 13.08846pt.
File: /Users/dantopa/GitHub//latex-2025//global//graphics/logos/sf-best.png Gra
phic file (type png)
<use /Users/dantopa/GitHub//latex-2025//global//graphics/logos/sf-best.png>
Package pdftex.def Info: /Users/dantopa/GitHub//latex-2025//global//graphics/lo
gos/sf-best.png  used on input line 43.
(pdftex.def)             Requested size: 16.20306pt x 16.21828pt.
File: /Users/dantopa/GitHub//latex-2025//global//graphics/logos/hii-01.png Grap
hic file (type png)
<use /Users/dantopa/GitHub//latex-2025//global//graphics/logos/hii-01.png>
Package pdftex.def Info: /Users/dantopa/GitHub//latex-2025//global//graphics/lo
gos/hii-01.png  used on input line 43.
(pdftex.def)             Requested size: 13.59386pt x 14.22636pt.

Overfull \hbox (1.46664pt too wide) has occurred while \output is active
[][][] [][][] 
 []

[45

]
File: /Users/dantopa/GitHub//latex-2025//global//graphics/logos/afrl-logo.png G
raphic file (type png)
<use /Users/dantopa/GitHub//latex-2025//global//graphics/logos/afrl-logo.png>
Package pdftex.def Info: /Users/dantopa/GitHub//latex-2025//global//graphics/lo
gos/afrl-logo.png  used on input line 49.
(pdftex.def)             Requested size: 43.77304pt x 14.22636pt.
File: /Users/dantopa/GitHub//latex-2025//global//graphics/logos/af-01.png Graph
ic file (type png)
<use /Users/dantopa/GitHub//latex-2025//global//graphics/logos/af-01.png>
Package pdftex.def Info: /Users/dantopa/GitHub//latex-2025//global//graphics/lo
gos/af-01.png  used on input line 49.
(pdftex.def)             Requested size: 14.84773pt x 13.08846pt.
File: /Users/dantopa/GitHub//latex-2025//global//graphics/logos/sf-best.png Gra
phic file (type png)
<use /Users/dantopa/GitHub//latex-2025//global//graphics/logos/sf-best.png>
Package pdftex.def Info: /Users/dantopa/GitHub//latex-2025//global//graphics/lo
gos/sf-best.png  used on input line 49.
(pdftex.def)             Requested size: 16.20306pt x 16.21828pt.
File: /Users/dantopa/GitHub//latex-2025//global//graphics/logos/hii-01.png Grap
hic file (type png)
<use /Users/dantopa/GitHub//latex-2025//global//graphics/logos/hii-01.png>
Package pdftex.def Info: /Users/dantopa/GitHub//latex-2025//global//graphics/lo
gos/hii-01.png  used on input line 49.
(pdftex.def)             Requested size: 13.59386pt x 14.22636pt.

Overfull \hbox (1.46664pt too wide) has occurred while \output is active
[][][] [][][] 
 []

[46

]

LaTeX Warning: Citation 'yt-ftols' on page 47 undefined on input line 58.

File: /Users/dantopa/GitHub//latex-2025//global//graphics/logos/afrl-logo.png G
raphic file (type png)
<use /Users/dantopa/GitHub//latex-2025//global//graphics/logos/afrl-logo.png>
Package pdftex.def Info: /Users/dantopa/GitHub//latex-2025//global//graphics/lo
gos/afrl-logo.png  used on input line 58.
(pdftex.def)             Requested size: 43.77304pt x 14.22636pt.
File: /Users/dantopa/GitHub//latex-2025//global//graphics/logos/af-01.png Graph
ic file (type png)
<use /Users/dantopa/GitHub//latex-2025//global//graphics/logos/af-01.png>
Package pdftex.def Info: /Users/dantopa/GitHub//latex-2025//global//graphics/lo
gos/af-01.png  used on input line 58.
(pdftex.def)             Requested size: 14.84773pt x 13.08846pt.
File: /Users/dantopa/GitHub//latex-2025//global//graphics/logos/sf-best.png Gra
phic file (type png)
<use /Users/dantopa/GitHub//latex-2025//global//graphics/logos/sf-best.png>
Package pdftex.def Info: /Users/dantopa/GitHub//latex-2025//global//graphics/lo
gos/sf-best.png  used on input line 58.
(pdftex.def)             Requested size: 16.20306pt x 16.21828pt.
File: /Users/dantopa/GitHub//latex-2025//global//graphics/logos/hii-01.png Grap
hic file (type png)
<use /Users/dantopa/GitHub//latex-2025//global//graphics/logos/hii-01.png>
Package pdftex.def Info: /Users/dantopa/GitHub//latex-2025//global//graphics/lo
gos/hii-01.png  used on input line 58.
(pdftex.def)             Requested size: 13.59386pt x 14.22636pt.

Overfull \hbox (1.46664pt too wide) has occurred while \output is active
[][][] [][][] 
 []

[47

]
File: /Users/dantopa/GitHub//latex-2025//global//graphics/logos/afrl-logo.png G
raphic file (type png)
<use /Users/dantopa/GitHub//latex-2025//global//graphics/logos/afrl-logo.png>
Package pdftex.def Info: /Users/dantopa/GitHub//latex-2025//global//graphics/lo
gos/afrl-logo.png  used on input line 78.
(pdftex.def)             Requested size: 43.77304pt x 14.22636pt.
File: /Users/dantopa/GitHub//latex-2025//global//graphics/logos/af-01.png Graph
ic file (type png)
<use /Users/dantopa/GitHub//latex-2025//global//graphics/logos/af-01.png>
Package pdftex.def Info: /Users/dantopa/GitHub//latex-2025//global//graphics/lo
gos/af-01.png  used on input line 78.
(pdftex.def)             Requested size: 14.84773pt x 13.08846pt.
File: /Users/dantopa/GitHub//latex-2025//global//graphics/logos/sf-best.png Gra
phic file (type png)
<use /Users/dantopa/GitHub//latex-2025//global//graphics/logos/sf-best.png>
Package pdftex.def Info: /Users/dantopa/GitHub//latex-2025//global//graphics/lo
gos/sf-best.png  used on input line 78.
(pdftex.def)             Requested size: 16.20306pt x 16.21828pt.
File: /Users/dantopa/GitHub//latex-2025//global//graphics/logos/hii-01.png Grap
hic file (type png)
<use /Users/dantopa/GitHub//latex-2025//global//graphics/logos/hii-01.png>
Package pdftex.def Info: /Users/dantopa/GitHub//latex-2025//global//graphics/lo
gos/hii-01.png  used on input line 78.
(pdftex.def)             Requested size: 13.59386pt x 14.22636pt.

Overfull \hbox (1.46664pt too wide) has occurred while \output is active
[][][] [][][] 
 []

[48

]
Overfull \vbox (3.57784pt too high) detected at line 101
 []

File: /Users/dantopa/GitHub//latex-2025//global//graphics/logos/afrl-logo.png G
raphic file (type png)
<use /Users/dantopa/GitHub//latex-2025//global//graphics/logos/afrl-logo.png>
Package pdftex.def Info: /Users/dantopa/GitHub//latex-2025//global//graphics/lo
gos/afrl-logo.png  used on input line 101.
(pdftex.def)             Requested size: 43.77304pt x 14.22636pt.
File: /Users/dantopa/GitHub//latex-2025//global//graphics/logos/af-01.png Graph
ic file (type png)
<use /Users/dantopa/GitHub//latex-2025//global//graphics/logos/af-01.png>
Package pdftex.def Info: /Users/dantopa/GitHub//latex-2025//global//graphics/lo
gos/af-01.png  used on input line 101.
(pdftex.def)             Requested size: 14.84773pt x 13.08846pt.
File: /Users/dantopa/GitHub//latex-2025//global//graphics/logos/sf-best.png Gra
phic file (type png)
<use /Users/dantopa/GitHub//latex-2025//global//graphics/logos/sf-best.png>
Package pdftex.def Info: /Users/dantopa/GitHub//latex-2025//global//graphics/lo
gos/sf-best.png  used on input line 101.
(pdftex.def)             Requested size: 16.20306pt x 16.21828pt.
File: /Users/dantopa/GitHub//latex-2025//global//graphics/logos/hii-01.png Grap
hic file (type png)
<use /Users/dantopa/GitHub//latex-2025//global//graphics/logos/hii-01.png>
Package pdftex.def Info: /Users/dantopa/GitHub//latex-2025//global//graphics/lo
gos/hii-01.png  used on input line 101.
(pdftex.def)             Requested size: 13.59386pt x 14.22636pt.

Overfull \hbox (1.46664pt too wide) has occurred while \output is active
[][][] [][][] 
 []

[49

]
File: /Users/dantopa/GitHub//latex-2025//global//graphics/logos/afrl-logo.png G
raphic file (type png)
<use /Users/dantopa/GitHub//latex-2025//global//graphics/logos/afrl-logo.png>
Package pdftex.def Info: /Users/dantopa/GitHub//latex-2025//global//graphics/lo
gos/afrl-logo.png  used on input line 120.
(pdftex.def)             Requested size: 43.77304pt x 14.22636pt.
File: /Users/dantopa/GitHub//latex-2025//global//graphics/logos/af-01.png Graph
ic file (type png)
<use /Users/dantopa/GitHub//latex-2025//global//graphics/logos/af-01.png>
Package pdftex.def Info: /Users/dantopa/GitHub//latex-2025//global//graphics/lo
gos/af-01.png  used on input line 120.
(pdftex.def)             Requested size: 14.84773pt x 13.08846pt.
File: /Users/dantopa/GitHub//latex-2025//global//graphics/logos/sf-best.png Gra
phic file (type png)
<use /Users/dantopa/GitHub//latex-2025//global//graphics/logos/sf-best.png>
Package pdftex.def Info: /Users/dantopa/GitHub//latex-2025//global//graphics/lo
gos/sf-best.png  used on input line 120.
(pdftex.def)             Requested size: 16.20306pt x 16.21828pt.
File: /Users/dantopa/GitHub//latex-2025//global//graphics/logos/hii-01.png Grap
hic file (type png)
<use /Users/dantopa/GitHub//latex-2025//global//graphics/logos/hii-01.png>
Package pdftex.def Info: /Users/dantopa/GitHub//latex-2025//global//graphics/lo
gos/hii-01.png  used on input line 120.
(pdftex.def)             Requested size: 13.59386pt x 14.22636pt.

Overfull \hbox (1.46664pt too wide) has occurred while \output is active
[][][] [][][] 
 []

[50

]
File: /Users/dantopa/GitHub//latex-2025//global//graphics/logos/afrl-logo.png G
raphic file (type png)
<use /Users/dantopa/GitHub//latex-2025//global//graphics/logos/afrl-logo.png>
Package pdftex.def Info: /Users/dantopa/GitHub//latex-2025//global//graphics/lo
gos/afrl-logo.png  used on input line 139.
(pdftex.def)             Requested size: 43.77304pt x 14.22636pt.
File: /Users/dantopa/GitHub//latex-2025//global//graphics/logos/af-01.png Graph
ic file (type png)
<use /Users/dantopa/GitHub//latex-2025//global//graphics/logos/af-01.png>
Package pdftex.def Info: /Users/dantopa/GitHub//latex-2025//global//graphics/lo
gos/af-01.png  used on input line 139.
(pdftex.def)             Requested size: 14.84773pt x 13.08846pt.
File: /Users/dantopa/GitHub//latex-2025//global//graphics/logos/sf-best.png Gra
phic file (type png)
<use /Users/dantopa/GitHub//latex-2025//global//graphics/logos/sf-best.png>
Package pdftex.def Info: /Users/dantopa/GitHub//latex-2025//global//graphics/lo
gos/sf-best.png  used on input line 139.
(pdftex.def)             Requested size: 16.20306pt x 16.21828pt.
File: /Users/dantopa/GitHub//latex-2025//global//graphics/logos/hii-01.png Grap
hic file (type png)
<use /Users/dantopa/GitHub//latex-2025//global//graphics/logos/hii-01.png>
Package pdftex.def Info: /Users/dantopa/GitHub//latex-2025//global//graphics/lo
gos/hii-01.png  used on input line 139.
(pdftex.def)             Requested size: 13.59386pt x 14.22636pt.

Overfull \hbox (1.46664pt too wide) has occurred while \output is active
[][][] [][][] 
 []

[51

]
File: /Users/dantopa/GitHub//latex-2025//global//graphics/logos/afrl-logo.png G
raphic file (type png)
<use /Users/dantopa/GitHub//latex-2025//global//graphics/logos/afrl-logo.png>
Package pdftex.def Info: /Users/dantopa/GitHub//latex-2025//global//graphics/lo
gos/afrl-logo.png  used on input line 174.
(pdftex.def)             Requested size: 43.77304pt x 14.22636pt.
File: /Users/dantopa/GitHub//latex-2025//global//graphics/logos/af-01.png Graph
ic file (type png)
<use /Users/dantopa/GitHub//latex-2025//global//graphics/logos/af-01.png>
Package pdftex.def Info: /Users/dantopa/GitHub//latex-2025//global//graphics/lo
gos/af-01.png  used on input line 174.
(pdftex.def)             Requested size: 14.84773pt x 13.08846pt.
File: /Users/dantopa/GitHub//latex-2025//global//graphics/logos/sf-best.png Gra
phic file (type png)
<use /Users/dantopa/GitHub//latex-2025//global//graphics/logos/sf-best.png>
Package pdftex.def Info: /Users/dantopa/GitHub//latex-2025//global//graphics/lo
gos/sf-best.png  used on input line 174.
(pdftex.def)             Requested size: 16.20306pt x 16.21828pt.
File: /Users/dantopa/GitHub//latex-2025//global//graphics/logos/hii-01.png Grap
hic file (type png)
<use /Users/dantopa/GitHub//latex-2025//global//graphics/logos/hii-01.png>
Package pdftex.def Info: /Users/dantopa/GitHub//latex-2025//global//graphics/lo
gos/hii-01.png  used on input line 174.
(pdftex.def)             Requested size: 13.59386pt x 14.22636pt.

Overfull \hbox (1.46664pt too wide) has occurred while \output is active
[][][] [][][] 
 []

[52

]
File: /Users/dantopa/GitHub//latex-2025//global//graphics/logos/afrl-logo.png G
raphic file (type png)
<use /Users/dantopa/GitHub//latex-2025//global//graphics/logos/afrl-logo.png>
Package pdftex.def Info: /Users/dantopa/GitHub//latex-2025//global//graphics/lo
gos/afrl-logo.png  used on input line 174.
(pdftex.def)             Requested size: 43.77304pt x 14.22636pt.
File: /Users/dantopa/GitHub//latex-2025//global//graphics/logos/af-01.png Graph
ic file (type png)
<use /Users/dantopa/GitHub//latex-2025//global//graphics/logos/af-01.png>
Package pdftex.def Info: /Users/dantopa/GitHub//latex-2025//global//graphics/lo
gos/af-01.png  used on input line 174.
(pdftex.def)             Requested size: 14.84773pt x 13.08846pt.
File: /Users/dantopa/GitHub//latex-2025//global//graphics/logos/sf-best.png Gra
phic file (type png)
<use /Users/dantopa/GitHub//latex-2025//global//graphics/logos/sf-best.png>
Package pdftex.def Info: /Users/dantopa/GitHub//latex-2025//global//graphics/lo
gos/sf-best.png  used on input line 174.
(pdftex.def)             Requested size: 16.20306pt x 16.21828pt.
File: /Users/dantopa/GitHub//latex-2025//global//graphics/logos/hii-01.png Grap
hic file (type png)
<use /Users/dantopa/GitHub//latex-2025//global//graphics/logos/hii-01.png>
Package pdftex.def Info: /Users/dantopa/GitHub//latex-2025//global//graphics/lo
gos/hii-01.png  used on input line 174.
(pdftex.def)             Requested size: 13.59386pt x 14.22636pt.

Overfull \hbox (1.46664pt too wide) has occurred while \output is active
[][][] [][][] 
 []

[53


]
File: /Users/dantopa/GitHub//latex-2025//global//graphics/logos/afrl-logo.png G
raphic file (type png)
<use /Users/dantopa/GitHub//latex-2025//global//graphics/logos/afrl-logo.png>
Package pdftex.def Info: /Users/dantopa/GitHub//latex-2025//global//graphics/lo
gos/afrl-logo.png  used on input line 174.
(pdftex.def)             Requested size: 43.77304pt x 14.22636pt.
File: /Users/dantopa/GitHub//latex-2025//global//graphics/logos/af-01.png Graph
ic file (type png)
<use /Users/dantopa/GitHub//latex-2025//global//graphics/logos/af-01.png>
Package pdftex.def Info: /Users/dantopa/GitHub//latex-2025//global//graphics/lo
gos/af-01.png  used on input line 174.
(pdftex.def)             Requested size: 14.84773pt x 13.08846pt.
File: /Users/dantopa/GitHub//latex-2025//global//graphics/logos/sf-best.png Gra
phic file (type png)
<use /Users/dantopa/GitHub//latex-2025//global//graphics/logos/sf-best.png>
Package pdftex.def Info: /Users/dantopa/GitHub//latex-2025//global//graphics/lo
gos/sf-best.png  used on input line 174.
(pdftex.def)             Requested size: 16.20306pt x 16.21828pt.
File: /Users/dantopa/GitHub//latex-2025//global//graphics/logos/hii-01.png Grap
hic file (type png)
<use /Users/dantopa/GitHub//latex-2025//global//graphics/logos/hii-01.png>
Package pdftex.def Info: /Users/dantopa/GitHub//latex-2025//global//graphics/lo
gos/hii-01.png  used on input line 174.
(pdftex.def)             Requested size: 13.59386pt x 14.22636pt.

Overfull \hbox (1.46664pt too wide) has occurred while \output is active
[][][] [][][] 
 []

[54


]
File: /Users/dantopa/GitHub//latex-2025//global//graphics/logos/afrl-logo.png G
raphic file (type png)
<use /Users/dantopa/GitHub//latex-2025//global//graphics/logos/afrl-logo.png>
Package pdftex.def Info: /Users/dantopa/GitHub//latex-2025//global//graphics/lo
gos/afrl-logo.png  used on input line 181.
(pdftex.def)             Requested size: 43.77304pt x 14.22636pt.
File: /Users/dantopa/GitHub//latex-2025//global//graphics/logos/af-01.png Graph
ic file (type png)
<use /Users/dantopa/GitHub//latex-2025//global//graphics/logos/af-01.png>
Package pdftex.def Info: /Users/dantopa/GitHub//latex-2025//global//graphics/lo
gos/af-01.png  used on input line 181.
(pdftex.def)             Requested size: 14.84773pt x 13.08846pt.
File: /Users/dantopa/GitHub//latex-2025//global//graphics/logos/sf-best.png Gra
phic file (type png)
<use /Users/dantopa/GitHub//latex-2025//global//graphics/logos/sf-best.png>
Package pdftex.def Info: /Users/dantopa/GitHub//latex-2025//global//graphics/lo
gos/sf-best.png  used on input line 181.
(pdftex.def)             Requested size: 16.20306pt x 16.21828pt.
File: /Users/dantopa/GitHub//latex-2025//global//graphics/logos/hii-01.png Grap
hic file (type png)
<use /Users/dantopa/GitHub//latex-2025//global//graphics/logos/hii-01.png>
Package pdftex.def Info: /Users/dantopa/GitHub//latex-2025//global//graphics/lo
gos/hii-01.png  used on input line 181.
(pdftex.def)             Requested size: 13.59386pt x 14.22636pt.

Overfull \hbox (1.46664pt too wide) has occurred while \output is active
[][][] [][][] 
 []

[55

]
File: /Users/dantopa/GitHub//latex-2025//global//graphics/logos/afrl-logo.png G
raphic file (type png)
<use /Users/dantopa/GitHub//latex-2025//global//graphics/logos/afrl-logo.png>
Package pdftex.def Info: /Users/dantopa/GitHub//latex-2025//global//graphics/lo
gos/afrl-logo.png  used on input line 188.
(pdftex.def)             Requested size: 43.77304pt x 14.22636pt.
File: /Users/dantopa/GitHub//latex-2025//global//graphics/logos/af-01.png Graph
ic file (type png)
<use /Users/dantopa/GitHub//latex-2025//global//graphics/logos/af-01.png>
Package pdftex.def Info: /Users/dantopa/GitHub//latex-2025//global//graphics/lo
gos/af-01.png  used on input line 188.
(pdftex.def)             Requested size: 14.84773pt x 13.08846pt.
File: /Users/dantopa/GitHub//latex-2025//global//graphics/logos/sf-best.png Gra
phic file (type png)
<use /Users/dantopa/GitHub//latex-2025//global//graphics/logos/sf-best.png>
Package pdftex.def Info: /Users/dantopa/GitHub//latex-2025//global//graphics/lo
gos/sf-best.png  used on input line 188.
(pdftex.def)             Requested size: 16.20306pt x 16.21828pt.
File: /Users/dantopa/GitHub//latex-2025//global//graphics/logos/hii-01.png Grap
hic file (type png)
<use /Users/dantopa/GitHub//latex-2025//global//graphics/logos/hii-01.png>
Package pdftex.def Info: /Users/dantopa/GitHub//latex-2025//global//graphics/lo
gos/hii-01.png  used on input line 188.
(pdftex.def)             Requested size: 13.59386pt x 14.22636pt.

Overfull \hbox (1.46664pt too wide) has occurred while \output is active
[][][] [][][] 
 []

[56

]))
(/Users/dantopa/GitHub//latex-2025//pres/cwh-textbook//sections//sec-lti.tex
 !! CONTENT SETUP !! /Users/dantopa/GitHub//latex-2025//pres/cwh-textbook//sect
ions/"sec-lti.tex"

Package hyperref Warning: Token not allowed in a PDF string (PDFDocEncoding):
(hyperref)                removing `math shift' on input line 5.


Package hyperref Warning: Token not allowed in a PDF string (PDFDocEncoding):
(hyperref)                removing `superscript' on input line 5.


Package hyperref Warning: Token not allowed in a PDF string (PDFDocEncoding):
(hyperref)                removing `\leavevmode@ifvmode' on input line 5.


Package hyperref Warning: Token not allowed in a PDF string (PDFDocEncoding):
(hyperref)                \kern -2.00792pt
(hyperref)                removed on input line 5.


Package hyperref Warning: Token not allowed in a PDF string (PDFDocEncoding):
(hyperref)                removing `subscript' on input line 5.


Package hyperref Warning: Token not allowed in a PDF string (PDFDocEncoding):
(hyperref)                removing `math shift' on input line 5.

</Users/dantopa/GitHub//latex-2025//pres/cwh-textbook//local//graphics//Stabili
ty_Diagram.png, id=2551, 722.7pt x 469.00218pt>
File: /Users/dantopa/GitHub//latex-2025//pres/cwh-textbook//local//graphics//St
ability_Diagram.png Graphic file (type png)
<use /Users/dantopa/GitHub//latex-2025//pres/cwh-textbook//local//graphics//Sta
bility_Diagram.png>
Package pdftex.def Info: /Users/dantopa/GitHub//latex-2025//pres/cwh-textbook//
local//graphics//Stability_Diagram.png  used on input line 13.
(pdftex.def)             Requested size: 245.83282pt x 159.53735pt.
File: /Users/dantopa/GitHub//latex-2025//global//graphics/logos/afrl-logo.png G
raphic file (type png)
<use /Users/dantopa/GitHub//latex-2025//global//graphics/logos/afrl-logo.png>
Package pdftex.def Info: /Users/dantopa/GitHub//latex-2025//global//graphics/lo
gos/afrl-logo.png  used on input line 13.
(pdftex.def)             Requested size: 43.77304pt x 14.22636pt.
File: /Users/dantopa/GitHub//latex-2025//global//graphics/logos/af-01.png Graph
ic file (type png)
<use /Users/dantopa/GitHub//latex-2025//global//graphics/logos/af-01.png>
Package pdftex.def Info: /Users/dantopa/GitHub//latex-2025//global//graphics/lo
gos/af-01.png  used on input line 13.
(pdftex.def)             Requested size: 14.84773pt x 13.08846pt.
File: /Users/dantopa/GitHub//latex-2025//global//graphics/logos/sf-best.png Gra
phic file (type png)
<use /Users/dantopa/GitHub//latex-2025//global//graphics/logos/sf-best.png>
Package pdftex.def Info: /Users/dantopa/GitHub//latex-2025//global//graphics/lo
gos/sf-best.png  used on input line 13.
(pdftex.def)             Requested size: 16.20306pt x 16.21828pt.
File: /Users/dantopa/GitHub//latex-2025//global//graphics/logos/hii-01.png Grap
hic file (type png)
<use /Users/dantopa/GitHub//latex-2025//global//graphics/logos/hii-01.png>
Package pdftex.def Info: /Users/dantopa/GitHub//latex-2025//global//graphics/lo
gos/hii-01.png  used on input line 13.
(pdftex.def)             Requested size: 13.59386pt x 14.22636pt.

Overfull \hbox (1.46664pt too wide) has occurred while \output is active
[][][] [][][] 
 []

[57

 </Users/dantopa/GitHub//latex-2025//pres/cwh-textbook//local//graphics//Stabil
ity_Diagram.png>]
(/Users/dantopa/GitHub//latex-2025//pres/cwh-textbook//sections/ssec-autonomous
-basics.tex
 !! CONTENT SETUP !! /Users/dantopa/GitHub//latex-2025//pres/cwh-textbook//sect
ions/"ssec-autonomous-basics.tex"
</Users/dantopa/GitHub//latex-2025//global//libs//book-covers//cover-perko.png,
 id=2597, 438.41516pt x 668.24062pt>
File: /Users/dantopa/GitHub//latex-2025//global//libs//book-covers//cover-perko
.png Graphic file (type png)
<use /Users/dantopa/GitHub//latex-2025//global//libs//book-covers//cover-perko.
png>
Package pdftex.def Info: /Users/dantopa/GitHub//latex-2025//global//libs//book-
covers//cover-perko.png  used on input line 28.
(pdftex.def)             Requested size: 92.1879pt x 140.50801pt.
</Users/dantopa/GitHub//latex-2025//global//libs//book-covers//cover-brauer-noh
el.jpg, id=2600, 339.2675pt x 523.9575pt>
File: /Users/dantopa/GitHub//latex-2025//global//libs//book-covers//cover-braue
r-nohel.jpg Graphic file (type jpg)
<use /Users/dantopa/GitHub//latex-2025//global//libs//book-covers//cover-brauer
-nohel.jpg>
Package pdftex.def Info: /Users/dantopa/GitHub//latex-2025//global//libs//book-
covers//cover-brauer-nohel.jpg  used on input line 28.
(pdftex.def)             Requested size: 92.1879pt x 142.36584pt.
File: /Users/dantopa/GitHub//latex-2025//global//graphics/logos/afrl-logo.png G
raphic file (type png)
<use /Users/dantopa/GitHub//latex-2025//global//graphics/logos/afrl-logo.png>
Package pdftex.def Info: /Users/dantopa/GitHub//latex-2025//global//graphics/lo
gos/afrl-logo.png  used on input line 28.
(pdftex.def)             Requested size: 43.77304pt x 14.22636pt.
File: /Users/dantopa/GitHub//latex-2025//global//graphics/logos/af-01.png Graph
ic file (type png)
<use /Users/dantopa/GitHub//latex-2025//global//graphics/logos/af-01.png>
Package pdftex.def Info: /Users/dantopa/GitHub//latex-2025//global//graphics/lo
gos/af-01.png  used on input line 28.
(pdftex.def)             Requested size: 14.84773pt x 13.08846pt.
File: /Users/dantopa/GitHub//latex-2025//global//graphics/logos/sf-best.png Gra
phic file (type png)
<use /Users/dantopa/GitHub//latex-2025//global//graphics/logos/sf-best.png>
Package pdftex.def Info: /Users/dantopa/GitHub//latex-2025//global//graphics/lo
gos/sf-best.png  used on input line 28.
(pdftex.def)             Requested size: 16.20306pt x 16.21828pt.
File: /Users/dantopa/GitHub//latex-2025//global//graphics/logos/hii-01.png Grap
hic file (type png)
<use /Users/dantopa/GitHub//latex-2025//global//graphics/logos/hii-01.png>
Package pdftex.def Info: /Users/dantopa/GitHub//latex-2025//global//graphics/lo
gos/hii-01.png  used on input line 28.
(pdftex.def)             Requested size: 13.59386pt x 14.22636pt.

Overfull \hbox (1.46664pt too wide) has occurred while \output is active
[][][] [][][] 
 []

[58

 </Users/dantopa/GitHub//latex-2025//global//libs//book-covers//cover-perko.png
 (PNG copy)> </Users/dantopa/GitHub//latex-2025//global//libs//book-covers//cov
er-brauer-nohel.jpg>]
(/Users/dantopa/GitHub//latex-2025//pres/cwh-textbook//local//components//table
s//tab-pendulum-sequence.tex
 !! CONTENT SETUP !! /Users/dantopa/GitHub//latex-2025//pres/cwh-textbook//loca
l//components//tables//"tab-pendulum-sequence.tex"
)
Overfull \hbox (19.73615pt too wide) in paragraph at lines 4--33
 [][] 
 []

File: /Users/dantopa/GitHub//latex-2025//global//graphics/logos/afrl-logo.png G
raphic file (type png)
<use /Users/dantopa/GitHub//latex-2025//global//graphics/logos/afrl-logo.png>
Package pdftex.def Info: /Users/dantopa/GitHub//latex-2025//global//graphics/lo
gos/afrl-logo.png  used on input line 33.
(pdftex.def)             Requested size: 43.77304pt x 14.22636pt.
File: /Users/dantopa/GitHub//latex-2025//global//graphics/logos/af-01.png Graph
ic file (type png)
<use /Users/dantopa/GitHub//latex-2025//global//graphics/logos/af-01.png>
Package pdftex.def Info: /Users/dantopa/GitHub//latex-2025//global//graphics/lo
gos/af-01.png  used on input line 33.
(pdftex.def)             Requested size: 14.84773pt x 13.08846pt.
File: /Users/dantopa/GitHub//latex-2025//global//graphics/logos/sf-best.png Gra
phic file (type png)
<use /Users/dantopa/GitHub//latex-2025//global//graphics/logos/sf-best.png>
Package pdftex.def Info: /Users/dantopa/GitHub//latex-2025//global//graphics/lo
gos/sf-best.png  used on input line 33.
(pdftex.def)             Requested size: 16.20306pt x 16.21828pt.
File: /Users/dantopa/GitHub//latex-2025//global//graphics/logos/hii-01.png Grap
hic file (type png)
<use /Users/dantopa/GitHub//latex-2025//global//graphics/logos/hii-01.png>
Package pdftex.def Info: /Users/dantopa/GitHub//latex-2025//global//graphics/lo
gos/hii-01.png  used on input line 33.
(pdftex.def)             Requested size: 13.59386pt x 14.22636pt.

Overfull \hbox (1.46664pt too wide) has occurred while \output is active
[][][] [][][] 
 []

[59

]

LaTeX Warning: Reference `eq:-eom:pendulum' on page 60 undefined on input line 
58.


Overfull \vbox (7.90402pt too high) detected at line 58
 []

File: /Users/dantopa/GitHub//latex-2025//global//graphics/logos/afrl-logo.png G
raphic file (type png)
<use /Users/dantopa/GitHub//latex-2025//global//graphics/logos/afrl-logo.png>
Package pdftex.def Info: /Users/dantopa/GitHub//latex-2025//global//graphics/lo
gos/afrl-logo.png  used on input line 58.
(pdftex.def)             Requested size: 43.77304pt x 14.22636pt.
File: /Users/dantopa/GitHub//latex-2025//global//graphics/logos/af-01.png Graph
ic file (type png)
<use /Users/dantopa/GitHub//latex-2025//global//graphics/logos/af-01.png>
Package pdftex.def Info: /Users/dantopa/GitHub//latex-2025//global//graphics/lo
gos/af-01.png  used on input line 58.
(pdftex.def)             Requested size: 14.84773pt x 13.08846pt.
File: /Users/dantopa/GitHub//latex-2025//global//graphics/logos/sf-best.png Gra
phic file (type png)
<use /Users/dantopa/GitHub//latex-2025//global//graphics/logos/sf-best.png>
Package pdftex.def Info: /Users/dantopa/GitHub//latex-2025//global//graphics/lo
gos/sf-best.png  used on input line 58.
(pdftex.def)             Requested size: 16.20306pt x 16.21828pt.
File: /Users/dantopa/GitHub//latex-2025//global//graphics/logos/hii-01.png Grap
hic file (type png)
<use /Users/dantopa/GitHub//latex-2025//global//graphics/logos/hii-01.png>
Package pdftex.def Info: /Users/dantopa/GitHub//latex-2025//global//graphics/lo
gos/hii-01.png  used on input line 58.
(pdftex.def)             Requested size: 13.59386pt x 14.22636pt.

Overfull \hbox (1.46664pt too wide) has occurred while \output is active
[][][] [][][] 
 []

[60

]
File: /Users/dantopa/GitHub//latex-2025//global//graphics/logos/afrl-logo.png G
raphic file (type png)
<use /Users/dantopa/GitHub//latex-2025//global//graphics/logos/afrl-logo.png>
Package pdftex.def Info: /Users/dantopa/GitHub//latex-2025//global//graphics/lo
gos/afrl-logo.png  used on input line 82.
(pdftex.def)             Requested size: 43.77304pt x 14.22636pt.
File: /Users/dantopa/GitHub//latex-2025//global//graphics/logos/af-01.png Graph
ic file (type png)
<use /Users/dantopa/GitHub//latex-2025//global//graphics/logos/af-01.png>
Package pdftex.def Info: /Users/dantopa/GitHub//latex-2025//global//graphics/lo
gos/af-01.png  used on input line 82.
(pdftex.def)             Requested size: 14.84773pt x 13.08846pt.
File: /Users/dantopa/GitHub//latex-2025//global//graphics/logos/sf-best.png Gra
phic file (type png)
<use /Users/dantopa/GitHub//latex-2025//global//graphics/logos/sf-best.png>
Package pdftex.def Info: /Users/dantopa/GitHub//latex-2025//global//graphics/lo
gos/sf-best.png  used on input line 82.
(pdftex.def)             Requested size: 16.20306pt x 16.21828pt.
File: /Users/dantopa/GitHub//latex-2025//global//graphics/logos/hii-01.png Grap
hic file (type png)
<use /Users/dantopa/GitHub//latex-2025//global//graphics/logos/hii-01.png>
Package pdftex.def Info: /Users/dantopa/GitHub//latex-2025//global//graphics/lo
gos/hii-01.png  used on input line 82.
(pdftex.def)             Requested size: 13.59386pt x 14.22636pt.

Overfull \hbox (1.46664pt too wide) has occurred while \output is active
[][][] [][][] 
 []

[61

]
(/Users/dantopa/GitHub//latex-2025//global//libs//elements//definitions/def-aut
onomous-system.tex
 !! CONTENT SETUP !! /Users/dantopa/GitHub//latex-2025//global//libs//elements/
/definitions/"def-autonomous-system.tex"
)
File: /Users/dantopa/GitHub//latex-2025//global//graphics/logos/afrl-logo.png G
raphic file (type png)
<use /Users/dantopa/GitHub//latex-2025//global//graphics/logos/afrl-logo.png>
Package pdftex.def Info: /Users/dantopa/GitHub//latex-2025//global//graphics/lo
gos/afrl-logo.png  used on input line 90.
(pdftex.def)             Requested size: 43.77304pt x 14.22636pt.
File: /Users/dantopa/GitHub//latex-2025//global//graphics/logos/af-01.png Graph
ic file (type png)
<use /Users/dantopa/GitHub//latex-2025//global//graphics/logos/af-01.png>
Package pdftex.def Info: /Users/dantopa/GitHub//latex-2025//global//graphics/lo
gos/af-01.png  used on input line 90.
(pdftex.def)             Requested size: 14.84773pt x 13.08846pt.
File: /Users/dantopa/GitHub//latex-2025//global//graphics/logos/sf-best.png Gra
phic file (type png)
<use /Users/dantopa/GitHub//latex-2025//global//graphics/logos/sf-best.png>
Package pdftex.def Info: /Users/dantopa/GitHub//latex-2025//global//graphics/lo
gos/sf-best.png  used on input line 90.
(pdftex.def)             Requested size: 16.20306pt x 16.21828pt.
File: /Users/dantopa/GitHub//latex-2025//global//graphics/logos/hii-01.png Grap
hic file (type png)
<use /Users/dantopa/GitHub//latex-2025//global//graphics/logos/hii-01.png>
Package pdftex.def Info: /Users/dantopa/GitHub//latex-2025//global//graphics/lo
gos/hii-01.png  used on input line 90.
(pdftex.def)             Requested size: 13.59386pt x 14.22636pt.

Overfull \hbox (1.46664pt too wide) has occurred while \output is active
[][][] [][][] 
 []

[62

pdfTeX warning (ext4): destination with the same identifier (name{eq:def:autono
mous}) has been already used, duplicate ignored

\@EveryShipout@Output ...@Org@Shipout \box \@cclv 
                                                  
l.90 \end{frame}
                ]
File: /Users/dantopa/GitHub//latex-2025//global//graphics/logos/afrl-logo.png G
raphic file (type png)
<use /Users/dantopa/GitHub//latex-2025//global//graphics/logos/afrl-logo.png>
Package pdftex.def Info: /Users/dantopa/GitHub//latex-2025//global//graphics/lo
gos/afrl-logo.png  used on input line 97.
(pdftex.def)             Requested size: 43.77304pt x 14.22636pt.
File: /Users/dantopa/GitHub//latex-2025//global//graphics/logos/af-01.png Graph
ic file (type png)
<use /Users/dantopa/GitHub//latex-2025//global//graphics/logos/af-01.png>
Package pdftex.def Info: /Users/dantopa/GitHub//latex-2025//global//graphics/lo
gos/af-01.png  used on input line 97.
(pdftex.def)             Requested size: 14.84773pt x 13.08846pt.
File: /Users/dantopa/GitHub//latex-2025//global//graphics/logos/sf-best.png Gra
phic file (type png)
<use /Users/dantopa/GitHub//latex-2025//global//graphics/logos/sf-best.png>
Package pdftex.def Info: /Users/dantopa/GitHub//latex-2025//global//graphics/lo
gos/sf-best.png  used on input line 97.
(pdftex.def)             Requested size: 16.20306pt x 16.21828pt.
File: /Users/dantopa/GitHub//latex-2025//global//graphics/logos/hii-01.png Grap
hic file (type png)
<use /Users/dantopa/GitHub//latex-2025//global//graphics/logos/hii-01.png>
Package pdftex.def Info: /Users/dantopa/GitHub//latex-2025//global//graphics/lo
gos/hii-01.png  used on input line 97.
(pdftex.def)             Requested size: 13.59386pt x 14.22636pt.

Overfull \hbox (1.46664pt too wide) has occurred while \output is active
[][][] [][][] 
 []

[63

]
File: /Users/dantopa/GitHub//latex-2025//global//graphics/logos/afrl-logo.png G
raphic file (type png)
<use /Users/dantopa/GitHub//latex-2025//global//graphics/logos/afrl-logo.png>
Package pdftex.def Info: /Users/dantopa/GitHub//latex-2025//global//graphics/lo
gos/afrl-logo.png  used on input line 127.
(pdftex.def)             Requested size: 43.77304pt x 14.22636pt.
File: /Users/dantopa/GitHub//latex-2025//global//graphics/logos/af-01.png Graph
ic file (type png)
<use /Users/dantopa/GitHub//latex-2025//global//graphics/logos/af-01.png>
Package pdftex.def Info: /Users/dantopa/GitHub//latex-2025//global//graphics/lo
gos/af-01.png  used on input line 127.
(pdftex.def)             Requested size: 14.84773pt x 13.08846pt.
File: /Users/dantopa/GitHub//latex-2025//global//graphics/logos/sf-best.png Gra
phic file (type png)
<use /Users/dantopa/GitHub//latex-2025//global//graphics/logos/sf-best.png>
Package pdftex.def Info: /Users/dantopa/GitHub//latex-2025//global//graphics/lo
gos/sf-best.png  used on input line 127.
(pdftex.def)             Requested size: 16.20306pt x 16.21828pt.
File: /Users/dantopa/GitHub//latex-2025//global//graphics/logos/hii-01.png Grap
hic file (type png)
<use /Users/dantopa/GitHub//latex-2025//global//graphics/logos/hii-01.png>
Package pdftex.def Info: /Users/dantopa/GitHub//latex-2025//global//graphics/lo
gos/hii-01.png  used on input line 127.
(pdftex.def)             Requested size: 13.59386pt x 14.22636pt.

Overfull \hbox (1.46664pt too wide) has occurred while \output is active
[][][] [][][] 
 []

[64

]
File: /Users/dantopa/GitHub//latex-2025//global//graphics/logos/afrl-logo.png G
raphic file (type png)
<use /Users/dantopa/GitHub//latex-2025//global//graphics/logos/afrl-logo.png>
Package pdftex.def Info: /Users/dantopa/GitHub//latex-2025//global//graphics/lo
gos/afrl-logo.png  used on input line 127.
(pdftex.def)             Requested size: 43.77304pt x 14.22636pt.
File: /Users/dantopa/GitHub//latex-2025//global//graphics/logos/af-01.png Graph
ic file (type png)
<use /Users/dantopa/GitHub//latex-2025//global//graphics/logos/af-01.png>
Package pdftex.def Info: /Users/dantopa/GitHub//latex-2025//global//graphics/lo
gos/af-01.png  used on input line 127.
(pdftex.def)             Requested size: 14.84773pt x 13.08846pt.
File: /Users/dantopa/GitHub//latex-2025//global//graphics/logos/sf-best.png Gra
phic file (type png)
<use /Users/dantopa/GitHub//latex-2025//global//graphics/logos/sf-best.png>
Package pdftex.def Info: /Users/dantopa/GitHub//latex-2025//global//graphics/lo
gos/sf-best.png  used on input line 127.
(pdftex.def)             Requested size: 16.20306pt x 16.21828pt.
File: /Users/dantopa/GitHub//latex-2025//global//graphics/logos/hii-01.png Grap
hic file (type png)
<use /Users/dantopa/GitHub//latex-2025//global//graphics/logos/hii-01.png>
Package pdftex.def Info: /Users/dantopa/GitHub//latex-2025//global//graphics/lo
gos/hii-01.png  used on input line 127.
(pdftex.def)             Requested size: 13.59386pt x 14.22636pt.

Overfull \hbox (1.46664pt too wide) has occurred while \output is active
[][][] [][][] 
 []

[65


]
File: /Users/dantopa/GitHub//latex-2025//global//graphics/logos/afrl-logo.png G
raphic file (type png)
<use /Users/dantopa/GitHub//latex-2025//global//graphics/logos/afrl-logo.png>
Package pdftex.def Info: /Users/dantopa/GitHub//latex-2025//global//graphics/lo
gos/afrl-logo.png  used on input line 177.
(pdftex.def)             Requested size: 43.77304pt x 14.22636pt.
File: /Users/dantopa/GitHub//latex-2025//global//graphics/logos/af-01.png Graph
ic file (type png)
<use /Users/dantopa/GitHub//latex-2025//global//graphics/logos/af-01.png>
Package pdftex.def Info: /Users/dantopa/GitHub//latex-2025//global//graphics/lo
gos/af-01.png  used on input line 177.
(pdftex.def)             Requested size: 14.84773pt x 13.08846pt.
File: /Users/dantopa/GitHub//latex-2025//global//graphics/logos/sf-best.png Gra
phic file (type png)
<use /Users/dantopa/GitHub//latex-2025//global//graphics/logos/sf-best.png>
Package pdftex.def Info: /Users/dantopa/GitHub//latex-2025//global//graphics/lo
gos/sf-best.png  used on input line 177.
(pdftex.def)             Requested size: 16.20306pt x 16.21828pt.
File: /Users/dantopa/GitHub//latex-2025//global//graphics/logos/hii-01.png Grap
hic file (type png)
<use /Users/dantopa/GitHub//latex-2025//global//graphics/logos/hii-01.png>
Package pdftex.def Info: /Users/dantopa/GitHub//latex-2025//global//graphics/lo
gos/hii-01.png  used on input line 177.
(pdftex.def)             Requested size: 13.59386pt x 14.22636pt.

Overfull \hbox (1.46664pt too wide) has occurred while \output is active
[][][] [][][] 
 []

[66

]
File: /Users/dantopa/GitHub//latex-2025//global//graphics/logos/afrl-logo.png G
raphic file (type png)
<use /Users/dantopa/GitHub//latex-2025//global//graphics/logos/afrl-logo.png>
Package pdftex.def Info: /Users/dantopa/GitHub//latex-2025//global//graphics/lo
gos/afrl-logo.png  used on input line 177.
(pdftex.def)             Requested size: 43.77304pt x 14.22636pt.
File: /Users/dantopa/GitHub//latex-2025//global//graphics/logos/af-01.png Graph
ic file (type png)
<use /Users/dantopa/GitHub//latex-2025//global//graphics/logos/af-01.png>
Package pdftex.def Info: /Users/dantopa/GitHub//latex-2025//global//graphics/lo
gos/af-01.png  used on input line 177.
(pdftex.def)             Requested size: 14.84773pt x 13.08846pt.
File: /Users/dantopa/GitHub//latex-2025//global//graphics/logos/sf-best.png Gra
phic file (type png)
<use /Users/dantopa/GitHub//latex-2025//global//graphics/logos/sf-best.png>
Package pdftex.def Info: /Users/dantopa/GitHub//latex-2025//global//graphics/lo
gos/sf-best.png  used on input line 177.
(pdftex.def)             Requested size: 16.20306pt x 16.21828pt.
File: /Users/dantopa/GitHub//latex-2025//global//graphics/logos/hii-01.png Grap
hic file (type png)
<use /Users/dantopa/GitHub//latex-2025//global//graphics/logos/hii-01.png>
Package pdftex.def Info: /Users/dantopa/GitHub//latex-2025//global//graphics/lo
gos/hii-01.png  used on input line 177.
(pdftex.def)             Requested size: 13.59386pt x 14.22636pt.

Overfull \hbox (1.46664pt too wide) has occurred while \output is active
[][][] [][][] 
 []

[67


]
File: /Users/dantopa/GitHub//latex-2025//global//graphics/logos/afrl-logo.png G
raphic file (type png)
<use /Users/dantopa/GitHub//latex-2025//global//graphics/logos/afrl-logo.png>
Package pdftex.def Info: /Users/dantopa/GitHub//latex-2025//global//graphics/lo
gos/afrl-logo.png  used on input line 177.
(pdftex.def)             Requested size: 43.77304pt x 14.22636pt.
File: /Users/dantopa/GitHub//latex-2025//global//graphics/logos/af-01.png Graph
ic file (type png)
<use /Users/dantopa/GitHub//latex-2025//global//graphics/logos/af-01.png>
Package pdftex.def Info: /Users/dantopa/GitHub//latex-2025//global//graphics/lo
gos/af-01.png  used on input line 177.
(pdftex.def)             Requested size: 14.84773pt x 13.08846pt.
File: /Users/dantopa/GitHub//latex-2025//global//graphics/logos/sf-best.png Gra
phic file (type png)
<use /Users/dantopa/GitHub//latex-2025//global//graphics/logos/sf-best.png>
Package pdftex.def Info: /Users/dantopa/GitHub//latex-2025//global//graphics/lo
gos/sf-best.png  used on input line 177.
(pdftex.def)             Requested size: 16.20306pt x 16.21828pt.
File: /Users/dantopa/GitHub//latex-2025//global//graphics/logos/hii-01.png Grap
hic file (type png)
<use /Users/dantopa/GitHub//latex-2025//global//graphics/logos/hii-01.png>
Package pdftex.def Info: /Users/dantopa/GitHub//latex-2025//global//graphics/lo
gos/hii-01.png  used on input line 177.
(pdftex.def)             Requested size: 13.59386pt x 14.22636pt.

Overfull \hbox (1.46664pt too wide) has occurred while \output is active
[][][] [][][] 
 []

[68


]
File: /Users/dantopa/GitHub//latex-2025//global//graphics/logos/afrl-logo.png G
raphic file (type png)
<use /Users/dantopa/GitHub//latex-2025//global//graphics/logos/afrl-logo.png>
Package pdftex.def Info: /Users/dantopa/GitHub//latex-2025//global//graphics/lo
gos/afrl-logo.png  used on input line 204.
(pdftex.def)             Requested size: 43.77304pt x 14.22636pt.
File: /Users/dantopa/GitHub//latex-2025//global//graphics/logos/af-01.png Graph
ic file (type png)
<use /Users/dantopa/GitHub//latex-2025//global//graphics/logos/af-01.png>
Package pdftex.def Info: /Users/dantopa/GitHub//latex-2025//global//graphics/lo
gos/af-01.png  used on input line 204.
(pdftex.def)             Requested size: 14.84773pt x 13.08846pt.
File: /Users/dantopa/GitHub//latex-2025//global//graphics/logos/sf-best.png Gra
phic file (type png)
<use /Users/dantopa/GitHub//latex-2025//global//graphics/logos/sf-best.png>
Package pdftex.def Info: /Users/dantopa/GitHub//latex-2025//global//graphics/lo
gos/sf-best.png  used on input line 204.
(pdftex.def)             Requested size: 16.20306pt x 16.21828pt.
File: /Users/dantopa/GitHub//latex-2025//global//graphics/logos/hii-01.png Grap
hic file (type png)
<use /Users/dantopa/GitHub//latex-2025//global//graphics/logos/hii-01.png>
Package pdftex.def Info: /Users/dantopa/GitHub//latex-2025//global//graphics/lo
gos/hii-01.png  used on input line 204.
(pdftex.def)             Requested size: 13.59386pt x 14.22636pt.

Overfull \hbox (1.46664pt too wide) has occurred while \output is active
[][][] [][][] 
 []

[69

])
(/Users/dantopa/GitHub//latex-2025//pres/cwh-textbook//sections/ssec-seeing-flo
w.tex
 !! CONTENT SETUP !! /Users/dantopa/GitHub//latex-2025//pres/cwh-textbook//sect
ions/"ssec-seeing-flow.tex"

(/Users/dantopa/GitHub//latex-2025//global//libs//elements//definitions/def-flo
w-Phi.tex
 !! CONTENT SETUP !! /Users/dantopa/GitHub//latex-2025//global//libs//elements/
/definitions/"def-flow-Phi.tex"
)
File: /Users/dantopa/GitHub//latex-2025//global//graphics/logos/afrl-logo.png G
raphic file (type png)
<use /Users/dantopa/GitHub//latex-2025//global//graphics/logos/afrl-logo.png>
Package pdftex.def Info: /Users/dantopa/GitHub//latex-2025//global//graphics/lo
gos/afrl-logo.png  used on input line 13.
(pdftex.def)             Requested size: 43.77304pt x 14.22636pt.
File: /Users/dantopa/GitHub//latex-2025//global//graphics/logos/af-01.png Graph
ic file (type png)
<use /Users/dantopa/GitHub//latex-2025//global//graphics/logos/af-01.png>
Package pdftex.def Info: /Users/dantopa/GitHub//latex-2025//global//graphics/lo
gos/af-01.png  used on input line 13.
(pdftex.def)             Requested size: 14.84773pt x 13.08846pt.
File: /Users/dantopa/GitHub//latex-2025//global//graphics/logos/sf-best.png Gra
phic file (type png)
<use /Users/dantopa/GitHub//latex-2025//global//graphics/logos/sf-best.png>
Package pdftex.def Info: /Users/dantopa/GitHub//latex-2025//global//graphics/lo
gos/sf-best.png  used on input line 13.
(pdftex.def)             Requested size: 16.20306pt x 16.21828pt.
File: /Users/dantopa/GitHub//latex-2025//global//graphics/logos/hii-01.png Grap
hic file (type png)
<use /Users/dantopa/GitHub//latex-2025//global//graphics/logos/hii-01.png>
Package pdftex.def Info: /Users/dantopa/GitHub//latex-2025//global//graphics/lo
gos/hii-01.png  used on input line 13.
(pdftex.def)             Requested size: 13.59386pt x 14.22636pt.

Overfull \hbox (1.46664pt too wide) has occurred while \output is active
[][][] [][][] 
 []

[70

pdfTeX warning (ext4): destination with the same identifier (name{eq:flow}) has
 been already used, duplicate ignored

\@EveryShipout@Output ...@Org@Shipout \box \@cclv 
                                                  
l.13 \end{frame}
                ]
Overfull \hbox (13.23767pt too wide) in paragraph at lines 31--31
 [] 
 []

File: /Users/dantopa/GitHub//latex-2025//global//graphics/logos/afrl-logo.png G
raphic file (type png)
<use /Users/dantopa/GitHub//latex-2025//global//graphics/logos/afrl-logo.png>
Package pdftex.def Info: /Users/dantopa/GitHub//latex-2025//global//graphics/lo
gos/afrl-logo.png  used on input line 31.
(pdftex.def)             Requested size: 43.77304pt x 14.22636pt.
File: /Users/dantopa/GitHub//latex-2025//global//graphics/logos/af-01.png Graph
ic file (type png)
<use /Users/dantopa/GitHub//latex-2025//global//graphics/logos/af-01.png>
Package pdftex.def Info: /Users/dantopa/GitHub//latex-2025//global//graphics/lo
gos/af-01.png  used on input line 31.
(pdftex.def)             Requested size: 14.84773pt x 13.08846pt.
File: /Users/dantopa/GitHub//latex-2025//global//graphics/logos/sf-best.png Gra
phic file (type png)
<use /Users/dantopa/GitHub//latex-2025//global//graphics/logos/sf-best.png>
Package pdftex.def Info: /Users/dantopa/GitHub//latex-2025//global//graphics/lo
gos/sf-best.png  used on input line 31.
(pdftex.def)             Requested size: 16.20306pt x 16.21828pt.
File: /Users/dantopa/GitHub//latex-2025//global//graphics/logos/hii-01.png Grap
hic file (type png)
<use /Users/dantopa/GitHub//latex-2025//global//graphics/logos/hii-01.png>
Package pdftex.def Info: /Users/dantopa/GitHub//latex-2025//global//graphics/lo
gos/hii-01.png  used on input line 31.
(pdftex.def)             Requested size: 13.59386pt x 14.22636pt.

Overfull \hbox (1.46664pt too wide) has occurred while \output is active
[][][] [][][] 
 []

[71

]
File: /Users/dantopa/GitHub//latex-2025//global//graphics/logos/afrl-logo.png G
raphic file (type png)
<use /Users/dantopa/GitHub//latex-2025//global//graphics/logos/afrl-logo.png>
Package pdftex.def Info: /Users/dantopa/GitHub//latex-2025//global//graphics/lo
gos/afrl-logo.png  used on input line 46.
(pdftex.def)             Requested size: 43.77304pt x 14.22636pt.
File: /Users/dantopa/GitHub//latex-2025//global//graphics/logos/af-01.png Graph
ic file (type png)
<use /Users/dantopa/GitHub//latex-2025//global//graphics/logos/af-01.png>
Package pdftex.def Info: /Users/dantopa/GitHub//latex-2025//global//graphics/lo
gos/af-01.png  used on input line 46.
(pdftex.def)             Requested size: 14.84773pt x 13.08846pt.
File: /Users/dantopa/GitHub//latex-2025//global//graphics/logos/sf-best.png Gra
phic file (type png)
<use /Users/dantopa/GitHub//latex-2025//global//graphics/logos/sf-best.png>
Package pdftex.def Info: /Users/dantopa/GitHub//latex-2025//global//graphics/lo
gos/sf-best.png  used on input line 46.
(pdftex.def)             Requested size: 16.20306pt x 16.21828pt.
File: /Users/dantopa/GitHub//latex-2025//global//graphics/logos/hii-01.png Grap
hic file (type png)
<use /Users/dantopa/GitHub//latex-2025//global//graphics/logos/hii-01.png>
Package pdftex.def Info: /Users/dantopa/GitHub//latex-2025//global//graphics/lo
gos/hii-01.png  used on input line 46.
(pdftex.def)             Requested size: 13.59386pt x 14.22636pt.

Overfull \hbox (1.46664pt too wide) has occurred while \output is active
[][][] [][][] 
 []

[72

]
</Users/dantopa/GitHub//latex-2025//pres/cwh-textbook//local//graphics//dfield.
png, id=3257, 3778.115pt x 1844.8925pt>
File: /Users/dantopa/GitHub//latex-2025//pres/cwh-textbook//local//graphics//df
ield.png Graphic file (type png)
<use /Users/dantopa/GitHub//latex-2025//pres/cwh-textbook//local//graphics//dfi
eld.png>
Package pdftex.def Info: /Users/dantopa/GitHub//latex-2025//pres/cwh-textbook//
local//graphics//dfield.png  used on input line 53.
(pdftex.def)             Requested size: 307.28987pt x 149.46503pt.
LaTeX Font Info:    Trying to load font information for T1+lmtt on input line 5
3.
 (/usr/local/texlive/2020/texmf-dist/tex/latex/lm/t1lmtt.fd
File: t1lmtt.fd 2009/10/30 v1.6 Font defs for Latin Modern
)
LaTeX Font Info:    Font shape `T1/lmtt/bx/n' in size <14.4> not available
(Font)              Font shape `T1/lmtt/b/n' tried instead on input line 53.


LaTeX Warning: Citation 'castellanos_dfield_pplane' on page 73 undefined on inp
ut line 53.

File: /Users/dantopa/GitHub//latex-2025//global//graphics/logos/afrl-logo.png G
raphic file (type png)
<use /Users/dantopa/GitHub//latex-2025//global//graphics/logos/afrl-logo.png>
Package pdftex.def Info: /Users/dantopa/GitHub//latex-2025//global//graphics/lo
gos/afrl-logo.png  used on input line 53.
(pdftex.def)             Requested size: 43.77304pt x 14.22636pt.
File: /Users/dantopa/GitHub//latex-2025//global//graphics/logos/af-01.png Graph
ic file (type png)
<use /Users/dantopa/GitHub//latex-2025//global//graphics/logos/af-01.png>
Package pdftex.def Info: /Users/dantopa/GitHub//latex-2025//global//graphics/lo
gos/af-01.png  used on input line 53.
(pdftex.def)             Requested size: 14.84773pt x 13.08846pt.
File: /Users/dantopa/GitHub//latex-2025//global//graphics/logos/sf-best.png Gra
phic file (type png)
<use /Users/dantopa/GitHub//latex-2025//global//graphics/logos/sf-best.png>
Package pdftex.def Info: /Users/dantopa/GitHub//latex-2025//global//graphics/lo
gos/sf-best.png  used on input line 53.
(pdftex.def)             Requested size: 16.20306pt x 16.21828pt.
File: /Users/dantopa/GitHub//latex-2025//global//graphics/logos/hii-01.png Grap
hic file (type png)
<use /Users/dantopa/GitHub//latex-2025//global//graphics/logos/hii-01.png>
Package pdftex.def Info: /Users/dantopa/GitHub//latex-2025//global//graphics/lo
gos/hii-01.png  used on input line 53.
(pdftex.def)             Requested size: 13.59386pt x 14.22636pt.

Overfull \hbox (1.46664pt too wide) has occurred while \output is active
[][][] [][][] 
 []

[73

 </Users/dantopa/GitHub//latex-2025//pres/cwh-textbook//local//graphics//dfield
.png>]
(/Users/dantopa/GitHub//latex-2025//pres/cwh-textbook//sections/sssec-theory-lt
i.tex
  !! CONTENT SETUP !! /Users/dantopa/GitHub//latex-2025//pres/cwh-textbook//sec
tions/"sssec-theory-lti.tex"
)
(/Users/dantopa/GitHub//latex-2025//pres/cwh-textbook//sections/sssec-pendulum.
tex
  !! CONTENT SETUP !! /Users/dantopa/GitHub//latex-2025//pres/cwh-textbook//sec
tions/"sssec-pendulum.tex"

Overfull \hbox (19.73615pt too wide) in paragraph at lines 91--91
 [][] 
 []

File: /Users/dantopa/GitHub//latex-2025//global//graphics/logos/afrl-logo.png G
raphic file (type png)
<use /Users/dantopa/GitHub//latex-2025//global//graphics/logos/afrl-logo.png>
Package pdftex.def Info: /Users/dantopa/GitHub//latex-2025//global//graphics/lo
gos/afrl-logo.png  used on input line 91.
(pdftex.def)             Requested size: 43.77304pt x 14.22636pt.
File: /Users/dantopa/GitHub//latex-2025//global//graphics/logos/af-01.png Graph
ic file (type png)
<use /Users/dantopa/GitHub//latex-2025//global//graphics/logos/af-01.png>
Package pdftex.def Info: /Users/dantopa/GitHub//latex-2025//global//graphics/lo
gos/af-01.png  used on input line 91.
(pdftex.def)             Requested size: 14.84773pt x 13.08846pt.
File: /Users/dantopa/GitHub//latex-2025//global//graphics/logos/sf-best.png Gra
phic file (type png)
<use /Users/dantopa/GitHub//latex-2025//global//graphics/logos/sf-best.png>
Package pdftex.def Info: /Users/dantopa/GitHub//latex-2025//global//graphics/lo
gos/sf-best.png  used on input line 91.
(pdftex.def)             Requested size: 16.20306pt x 16.21828pt.
File: /Users/dantopa/GitHub//latex-2025//global//graphics/logos/hii-01.png Grap
hic file (type png)
<use /Users/dantopa/GitHub//latex-2025//global//graphics/logos/hii-01.png>
Package pdftex.def Info: /Users/dantopa/GitHub//latex-2025//global//graphics/lo
gos/hii-01.png  used on input line 91.
(pdftex.def)             Requested size: 13.59386pt x 14.22636pt.

Overfull \hbox (1.46664pt too wide) has occurred while \output is active
[][][] [][][] 
 []

[74

]
</Users/dantopa/GitHub//latex-2025//pres/cwh-textbook//local//graphics//pendulu
m-phase.pdf, id=3351, 260.975pt x 132.495pt>
File: /Users/dantopa/GitHub//latex-2025//pres/cwh-textbook//local//graphics//pe
ndulum-phase.pdf Graphic file (type pdf)
<use /Users/dantopa/GitHub//latex-2025//pres/cwh-textbook//local//graphics//pen
dulum-phase.pdf>
Package pdftex.def Info: /Users/dantopa/GitHub//latex-2025//pres/cwh-textbook//
local//graphics//pendulum-phase.pdf  used on input line 114.
(pdftex.def)             Requested size: 307.28987pt x 156.01115pt.
File: /Users/dantopa/GitHub//latex-2025//global//graphics/logos/afrl-logo.png G
raphic file (type png)
<use /Users/dantopa/GitHub//latex-2025//global//graphics/logos/afrl-logo.png>
Package pdftex.def Info: /Users/dantopa/GitHub//latex-2025//global//graphics/lo
gos/afrl-logo.png  used on input line 114.
(pdftex.def)             Requested size: 43.77304pt x 14.22636pt.
File: /Users/dantopa/GitHub//latex-2025//global//graphics/logos/af-01.png Graph
ic file (type png)
<use /Users/dantopa/GitHub//latex-2025//global//graphics/logos/af-01.png>
Package pdftex.def Info: /Users/dantopa/GitHub//latex-2025//global//graphics/lo
gos/af-01.png  used on input line 114.
(pdftex.def)             Requested size: 14.84773pt x 13.08846pt.
File: /Users/dantopa/GitHub//latex-2025//global//graphics/logos/sf-best.png Gra
phic file (type png)
<use /Users/dantopa/GitHub//latex-2025//global//graphics/logos/sf-best.png>
Package pdftex.def Info: /Users/dantopa/GitHub//latex-2025//global//graphics/lo
gos/sf-best.png  used on input line 114.
(pdftex.def)             Requested size: 16.20306pt x 16.21828pt.
File: /Users/dantopa/GitHub//latex-2025//global//graphics/logos/hii-01.png Grap
hic file (type png)
<use /Users/dantopa/GitHub//latex-2025//global//graphics/logos/hii-01.png>
Package pdftex.def Info: /Users/dantopa/GitHub//latex-2025//global//graphics/lo
gos/hii-01.png  used on input line 114.
(pdftex.def)             Requested size: 13.59386pt x 14.22636pt.

Overfull \hbox (1.46664pt too wide) has occurred while \output is active
[][][] [][][] 
 []

[75

 </Users/dantopa/GitHub//latex-2025//pres/cwh-textbook//local//graphics//pendul
um-phase.pdf>])
(/Users/dantopa/GitHub//latex-2025//pres/cwh-textbook//sections/sssec-lotka-vol
terra.tex
  !! CONTENT SETUP !! /Users/dantopa/GitHub//latex-2025//pres/cwh-textbook//sec
tions/"sssec-lotka-volterra.tex"
File: /Users/dantopa/GitHub//latex-2025//global//graphics/logos/afrl-logo.png G
raphic file (type png)
<use /Users/dantopa/GitHub//latex-2025//global//graphics/logos/afrl-logo.png>
Package pdftex.def Info: /Users/dantopa/GitHub//latex-2025//global//graphics/lo
gos/afrl-logo.png  used on input line 24.
(pdftex.def)             Requested size: 43.77304pt x 14.22636pt.
File: /Users/dantopa/GitHub//latex-2025//global//graphics/logos/af-01.png Graph
ic file (type png)
<use /Users/dantopa/GitHub//latex-2025//global//graphics/logos/af-01.png>
Package pdftex.def Info: /Users/dantopa/GitHub//latex-2025//global//graphics/lo
gos/af-01.png  used on input line 24.
(pdftex.def)             Requested size: 14.84773pt x 13.08846pt.
File: /Users/dantopa/GitHub//latex-2025//global//graphics/logos/sf-best.png Gra
phic file (type png)
<use /Users/dantopa/GitHub//latex-2025//global//graphics/logos/sf-best.png>
Package pdftex.def Info: /Users/dantopa/GitHub//latex-2025//global//graphics/lo
gos/sf-best.png  used on input line 24.
(pdftex.def)             Requested size: 16.20306pt x 16.21828pt.
File: /Users/dantopa/GitHub//latex-2025//global//graphics/logos/hii-01.png Grap
hic file (type png)
<use /Users/dantopa/GitHub//latex-2025//global//graphics/logos/hii-01.png>
Package pdftex.def Info: /Users/dantopa/GitHub//latex-2025//global//graphics/lo
gos/hii-01.png  used on input line 24.
(pdftex.def)             Requested size: 13.59386pt x 14.22636pt.

Overfull \hbox (1.46664pt too wide) has occurred while \output is active
[][][] [][][] 
 []

[76

]
File: /Users/dantopa/GitHub//latex-2025//global//graphics/logos/afrl-logo.png G
raphic file (type png)
<use /Users/dantopa/GitHub//latex-2025//global//graphics/logos/afrl-logo.png>
Package pdftex.def Info: /Users/dantopa/GitHub//latex-2025//global//graphics/lo
gos/afrl-logo.png  used on input line 45.
(pdftex.def)             Requested size: 43.77304pt x 14.22636pt.
File: /Users/dantopa/GitHub//latex-2025//global//graphics/logos/af-01.png Graph
ic file (type png)
<use /Users/dantopa/GitHub//latex-2025//global//graphics/logos/af-01.png>
Package pdftex.def Info: /Users/dantopa/GitHub//latex-2025//global//graphics/lo
gos/af-01.png  used on input line 45.
(pdftex.def)             Requested size: 14.84773pt x 13.08846pt.
File: /Users/dantopa/GitHub//latex-2025//global//graphics/logos/sf-best.png Gra
phic file (type png)
<use /Users/dantopa/GitHub//latex-2025//global//graphics/logos/sf-best.png>
Package pdftex.def Info: /Users/dantopa/GitHub//latex-2025//global//graphics/lo
gos/sf-best.png  used on input line 45.
(pdftex.def)             Requested size: 16.20306pt x 16.21828pt.
File: /Users/dantopa/GitHub//latex-2025//global//graphics/logos/hii-01.png Grap
hic file (type png)
<use /Users/dantopa/GitHub//latex-2025//global//graphics/logos/hii-01.png>
Package pdftex.def Info: /Users/dantopa/GitHub//latex-2025//global//graphics/lo
gos/hii-01.png  used on input line 45.
(pdftex.def)             Requested size: 13.59386pt x 14.22636pt.

Overfull \hbox (1.46664pt too wide) has occurred while \output is active
[][][] [][][] 
 []

[77

]
</Users/dantopa/GitHub//latex-2025//pres/cwh-textbook//local//graphics//mm/soln
-predator-prey.pdf, id=3514, 340.27126pt x 167.62625pt>
File: /Users/dantopa/GitHub//latex-2025//pres/cwh-textbook//local//graphics//mm
/soln-predator-prey.pdf Graphic file (type pdf)
<use /Users/dantopa/GitHub//latex-2025//pres/cwh-textbook//local//graphics//mm/
soln-predator-prey.pdf>
Package pdftex.def Info: /Users/dantopa/GitHub//latex-2025//pres/cwh-textbook//
local//graphics//mm/soln-predator-prey.pdf  used on input line 55.
(pdftex.def)             Requested size: 230.46739pt x 113.53416pt.
File: /Users/dantopa/GitHub//latex-2025//global//graphics/logos/afrl-logo.png G
raphic file (type png)
<use /Users/dantopa/GitHub//latex-2025//global//graphics/logos/afrl-logo.png>
Package pdftex.def Info: /Users/dantopa/GitHub//latex-2025//global//graphics/lo
gos/afrl-logo.png  used on input line 55.
(pdftex.def)             Requested size: 43.77304pt x 14.22636pt.
File: /Users/dantopa/GitHub//latex-2025//global//graphics/logos/af-01.png Graph
ic file (type png)
<use /Users/dantopa/GitHub//latex-2025//global//graphics/logos/af-01.png>
Package pdftex.def Info: /Users/dantopa/GitHub//latex-2025//global//graphics/lo
gos/af-01.png  used on input line 55.
(pdftex.def)             Requested size: 14.84773pt x 13.08846pt.
File: /Users/dantopa/GitHub//latex-2025//global//graphics/logos/sf-best.png Gra
phic file (type png)
<use /Users/dantopa/GitHub//latex-2025//global//graphics/logos/sf-best.png>
Package pdftex.def Info: /Users/dantopa/GitHub//latex-2025//global//graphics/lo
gos/sf-best.png  used on input line 55.
(pdftex.def)             Requested size: 16.20306pt x 16.21828pt.
File: /Users/dantopa/GitHub//latex-2025//global//graphics/logos/hii-01.png Grap
hic file (type png)
<use /Users/dantopa/GitHub//latex-2025//global//graphics/logos/hii-01.png>
Package pdftex.def Info: /Users/dantopa/GitHub//latex-2025//global//graphics/lo
gos/hii-01.png  used on input line 55.
(pdftex.def)             Requested size: 13.59386pt x 14.22636pt.

Overfull \hbox (1.46664pt too wide) has occurred while \output is active
[][][] [][][] 
 []

[78

 </Users/dantopa/GitHub//latex-2025//pres/cwh-textbook//local//graphics//mm/sol
n-predator-prey.pdf>]
</Users/dantopa/GitHub//latex-2025//pres/cwh-textbook//local//graphics//mm/flow
-predator-prey-pert.pdf, id=3572, 340.27126pt x 167.62625pt>
File: /Users/dantopa/GitHub//latex-2025//pres/cwh-textbook//local//graphics//mm
/flow-predator-prey-pert.pdf Graphic file (type pdf)
<use /Users/dantopa/GitHub//latex-2025//pres/cwh-textbook//local//graphics//mm/
flow-predator-prey-pert.pdf>
Package pdftex.def Info: /Users/dantopa/GitHub//latex-2025//pres/cwh-textbook//
local//graphics//mm/flow-predator-prey-pert.pdf  used on input line 64.
(pdftex.def)             Requested size: 276.559pt x 136.24713pt.
File: /Users/dantopa/GitHub//latex-2025//global//graphics/logos/afrl-logo.png G
raphic file (type png)
<use /Users/dantopa/GitHub//latex-2025//global//graphics/logos/afrl-logo.png>
Package pdftex.def Info: /Users/dantopa/GitHub//latex-2025//global//graphics/lo
gos/afrl-logo.png  used on input line 64.
(pdftex.def)             Requested size: 43.77304pt x 14.22636pt.
File: /Users/dantopa/GitHub//latex-2025//global//graphics/logos/af-01.png Graph
ic file (type png)
<use /Users/dantopa/GitHub//latex-2025//global//graphics/logos/af-01.png>
Package pdftex.def Info: /Users/dantopa/GitHub//latex-2025//global//graphics/lo
gos/af-01.png  used on input line 64.
(pdftex.def)             Requested size: 14.84773pt x 13.08846pt.
File: /Users/dantopa/GitHub//latex-2025//global//graphics/logos/sf-best.png Gra
phic file (type png)
<use /Users/dantopa/GitHub//latex-2025//global//graphics/logos/sf-best.png>
Package pdftex.def Info: /Users/dantopa/GitHub//latex-2025//global//graphics/lo
gos/sf-best.png  used on input line 64.
(pdftex.def)             Requested size: 16.20306pt x 16.21828pt.
File: /Users/dantopa/GitHub//latex-2025//global//graphics/logos/hii-01.png Grap
hic file (type png)
<use /Users/dantopa/GitHub//latex-2025//global//graphics/logos/hii-01.png>
Package pdftex.def Info: /Users/dantopa/GitHub//latex-2025//global//graphics/lo
gos/hii-01.png  used on input line 64.
(pdftex.def)             Requested size: 13.59386pt x 14.22636pt.

Overfull \hbox (1.46664pt too wide) has occurred while \output is active
[][][] [][][] 
 []

[79

 </Users/dantopa/GitHub//latex-2025//pres/cwh-textbook//local//graphics//mm/flo
w-predator-prey-pert.pdf>]
</Users/dantopa/GitHub//latex-2025//pres/cwh-textbook//local//graphics//mm/flow
-predator-prey-equil.pdf, id=3630, 340.27126pt x 167.62625pt>
File: /Users/dantopa/GitHub//latex-2025//pres/cwh-textbook//local//graphics//mm
/flow-predator-prey-equil.pdf Graphic file (type pdf)
<use /Users/dantopa/GitHub//latex-2025//pres/cwh-textbook//local//graphics//mm/
flow-predator-prey-equil.pdf>
Package pdftex.def Info: /Users/dantopa/GitHub//latex-2025//pres/cwh-textbook//
local//graphics//mm/flow-predator-prey-equil.pdf  used on input line 74.
(pdftex.def)             Requested size: 276.559pt x 136.24713pt.
File: /Users/dantopa/GitHub//latex-2025//global//graphics/logos/afrl-logo.png G
raphic file (type png)
<use /Users/dantopa/GitHub//latex-2025//global//graphics/logos/afrl-logo.png>
Package pdftex.def Info: /Users/dantopa/GitHub//latex-2025//global//graphics/lo
gos/afrl-logo.png  used on input line 74.
(pdftex.def)             Requested size: 43.77304pt x 14.22636pt.
File: /Users/dantopa/GitHub//latex-2025//global//graphics/logos/af-01.png Graph
ic file (type png)
<use /Users/dantopa/GitHub//latex-2025//global//graphics/logos/af-01.png>
Package pdftex.def Info: /Users/dantopa/GitHub//latex-2025//global//graphics/lo
gos/af-01.png  used on input line 74.
(pdftex.def)             Requested size: 14.84773pt x 13.08846pt.
File: /Users/dantopa/GitHub//latex-2025//global//graphics/logos/sf-best.png Gra
phic file (type png)
<use /Users/dantopa/GitHub//latex-2025//global//graphics/logos/sf-best.png>
Package pdftex.def Info: /Users/dantopa/GitHub//latex-2025//global//graphics/lo
gos/sf-best.png  used on input line 74.
(pdftex.def)             Requested size: 16.20306pt x 16.21828pt.
File: /Users/dantopa/GitHub//latex-2025//global//graphics/logos/hii-01.png Grap
hic file (type png)
<use /Users/dantopa/GitHub//latex-2025//global//graphics/logos/hii-01.png>
Package pdftex.def Info: /Users/dantopa/GitHub//latex-2025//global//graphics/lo
gos/hii-01.png  used on input line 74.
(pdftex.def)             Requested size: 13.59386pt x 14.22636pt.

Overfull \hbox (1.46664pt too wide) has occurred while \output is active
[][][] [][][] 
 []

[80

 </Users/dantopa/GitHub//latex-2025//pres/cwh-textbook//local//graphics//mm/flo
w-predator-prey-equil.pdf>]
File: /Users/dantopa/GitHub//latex-2025//global//graphics/logos/afrl-logo.png G
raphic file (type png)
<use /Users/dantopa/GitHub//latex-2025//global//graphics/logos/afrl-logo.png>
Package pdftex.def Info: /Users/dantopa/GitHub//latex-2025//global//graphics/lo
gos/afrl-logo.png  used on input line 83.
(pdftex.def)             Requested size: 43.77304pt x 14.22636pt.
File: /Users/dantopa/GitHub//latex-2025//global//graphics/logos/af-01.png Graph
ic file (type png)
<use /Users/dantopa/GitHub//latex-2025//global//graphics/logos/af-01.png>
Package pdftex.def Info: /Users/dantopa/GitHub//latex-2025//global//graphics/lo
gos/af-01.png  used on input line 83.
(pdftex.def)             Requested size: 14.84773pt x 13.08846pt.
File: /Users/dantopa/GitHub//latex-2025//global//graphics/logos/sf-best.png Gra
phic file (type png)
<use /Users/dantopa/GitHub//latex-2025//global//graphics/logos/sf-best.png>
Package pdftex.def Info: /Users/dantopa/GitHub//latex-2025//global//graphics/lo
gos/sf-best.png  used on input line 83.
(pdftex.def)             Requested size: 16.20306pt x 16.21828pt.
File: /Users/dantopa/GitHub//latex-2025//global//graphics/logos/hii-01.png Grap
hic file (type png)
<use /Users/dantopa/GitHub//latex-2025//global//graphics/logos/hii-01.png>
Package pdftex.def Info: /Users/dantopa/GitHub//latex-2025//global//graphics/lo
gos/hii-01.png  used on input line 83.
(pdftex.def)             Requested size: 13.59386pt x 14.22636pt.

Overfull \hbox (1.46664pt too wide) has occurred while \output is active
[][][] [][][] 
 []

[81

]
</Users/dantopa/GitHub//latex-2025//pres/cwh-textbook//local//graphics//flow-pr
edator-prey.pdf, id=3730, 313.17pt x 201.75375pt>
File: /Users/dantopa/GitHub//latex-2025//pres/cwh-textbook//local//graphics//fl
ow-predator-prey.pdf Graphic file (type pdf)
<use /Users/dantopa/GitHub//latex-2025//pres/cwh-textbook//local//graphics//flo
w-predator-prey.pdf>
Package pdftex.def Info: /Users/dantopa/GitHub//latex-2025//pres/cwh-textbook//
local//graphics//flow-predator-prey.pdf  used on input line 92.
(pdftex.def)             Requested size: 230.46739pt x 148.47963pt.
File: /Users/dantopa/GitHub//latex-2025//global//graphics/logos/afrl-logo.png G
raphic file (type png)
<use /Users/dantopa/GitHub//latex-2025//global//graphics/logos/afrl-logo.png>
Package pdftex.def Info: /Users/dantopa/GitHub//latex-2025//global//graphics/lo
gos/afrl-logo.png  used on input line 92.
(pdftex.def)             Requested size: 43.77304pt x 14.22636pt.
File: /Users/dantopa/GitHub//latex-2025//global//graphics/logos/af-01.png Graph
ic file (type png)
<use /Users/dantopa/GitHub//latex-2025//global//graphics/logos/af-01.png>
Package pdftex.def Info: /Users/dantopa/GitHub//latex-2025//global//graphics/lo
gos/af-01.png  used on input line 92.
(pdftex.def)             Requested size: 14.84773pt x 13.08846pt.
File: /Users/dantopa/GitHub//latex-2025//global//graphics/logos/sf-best.png Gra
phic file (type png)
<use /Users/dantopa/GitHub//latex-2025//global//graphics/logos/sf-best.png>
Package pdftex.def Info: /Users/dantopa/GitHub//latex-2025//global//graphics/lo
gos/sf-best.png  used on input line 92.
(pdftex.def)             Requested size: 16.20306pt x 16.21828pt.
File: /Users/dantopa/GitHub//latex-2025//global//graphics/logos/hii-01.png Grap
hic file (type png)
<use /Users/dantopa/GitHub//latex-2025//global//graphics/logos/hii-01.png>
Package pdftex.def Info: /Users/dantopa/GitHub//latex-2025//global//graphics/lo
gos/hii-01.png  used on input line 92.
(pdftex.def)             Requested size: 13.59386pt x 14.22636pt.

Overfull \hbox (1.46664pt too wide) has occurred while \output is active
[][][] [][][] 
 []

[82

 </Users/dantopa/GitHub//latex-2025//pres/cwh-textbook//local//graphics//flow-p
redator-prey.pdf>]
</Users/dantopa/GitHub//latex-2025//pres/cwh-textbook//local//graphics//mm/flow
-predator-prey-period.pdf, id=3782, 340.27126pt x 167.62625pt>
File: /Users/dantopa/GitHub//latex-2025//pres/cwh-textbook//local//graphics//mm
/flow-predator-prey-period.pdf Graphic file (type pdf)
<use /Users/dantopa/GitHub//latex-2025//pres/cwh-textbook//local//graphics//mm/
flow-predator-prey-period.pdf>
Package pdftex.def Info: /Users/dantopa/GitHub//latex-2025//pres/cwh-textbook//
local//graphics//mm/flow-predator-prey-period.pdf  used on input line 101.
(pdftex.def)             Requested size: 307.28987pt x 151.38655pt.
File: /Users/dantopa/GitHub//latex-2025//global//graphics/logos/afrl-logo.png G
raphic file (type png)
<use /Users/dantopa/GitHub//latex-2025//global//graphics/logos/afrl-logo.png>
Package pdftex.def Info: /Users/dantopa/GitHub//latex-2025//global//graphics/lo
gos/afrl-logo.png  used on input line 101.
(pdftex.def)             Requested size: 43.77304pt x 14.22636pt.
File: /Users/dantopa/GitHub//latex-2025//global//graphics/logos/af-01.png Graph
ic file (type png)
<use /Users/dantopa/GitHub//latex-2025//global//graphics/logos/af-01.png>
Package pdftex.def Info: /Users/dantopa/GitHub//latex-2025//global//graphics/lo
gos/af-01.png  used on input line 101.
(pdftex.def)             Requested size: 14.84773pt x 13.08846pt.
File: /Users/dantopa/GitHub//latex-2025//global//graphics/logos/sf-best.png Gra
phic file (type png)
<use /Users/dantopa/GitHub//latex-2025//global//graphics/logos/sf-best.png>
Package pdftex.def Info: /Users/dantopa/GitHub//latex-2025//global//graphics/lo
gos/sf-best.png  used on input line 101.
(pdftex.def)             Requested size: 16.20306pt x 16.21828pt.
File: /Users/dantopa/GitHub//latex-2025//global//graphics/logos/hii-01.png Grap
hic file (type png)
<use /Users/dantopa/GitHub//latex-2025//global//graphics/logos/hii-01.png>
Package pdftex.def Info: /Users/dantopa/GitHub//latex-2025//global//graphics/lo
gos/hii-01.png  used on input line 101.
(pdftex.def)             Requested size: 13.59386pt x 14.22636pt.

Overfull \hbox (1.46664pt too wide) has occurred while \output is active
[][][] [][][] 
 []

[83

 </Users/dantopa/GitHub//latex-2025//pres/cwh-textbook//local//graphics//mm/flo
w-predator-prey-period.pdf>]
</Users/dantopa/GitHub//latex-2025//pres/cwh-textbook//local//graphics//mm/flow
-predator-prey-dots.pdf, id=3840, 313.17pt x 201.75375pt>
File: /Users/dantopa/GitHub//latex-2025//pres/cwh-textbook//local//graphics//mm
/flow-predator-prey-dots.pdf Graphic file (type pdf)
<use /Users/dantopa/GitHub//latex-2025//pres/cwh-textbook//local//graphics//mm/
flow-predator-prey-dots.pdf>
Package pdftex.def Info: /Users/dantopa/GitHub//latex-2025//pres/cwh-textbook//
local//graphics//mm/flow-predator-prey-dots.pdf  used on input line 110.
(pdftex.def)             Requested size: 230.46739pt x 148.47963pt.
File: /Users/dantopa/GitHub//latex-2025//global//graphics/logos/afrl-logo.png G
raphic file (type png)
<use /Users/dantopa/GitHub//latex-2025//global//graphics/logos/afrl-logo.png>
Package pdftex.def Info: /Users/dantopa/GitHub//latex-2025//global//graphics/lo
gos/afrl-logo.png  used on input line 110.
(pdftex.def)             Requested size: 43.77304pt x 14.22636pt.
File: /Users/dantopa/GitHub//latex-2025//global//graphics/logos/af-01.png Graph
ic file (type png)
<use /Users/dantopa/GitHub//latex-2025//global//graphics/logos/af-01.png>
Package pdftex.def Info: /Users/dantopa/GitHub//latex-2025//global//graphics/lo
gos/af-01.png  used on input line 110.
(pdftex.def)             Requested size: 14.84773pt x 13.08846pt.
File: /Users/dantopa/GitHub//latex-2025//global//graphics/logos/sf-best.png Gra
phic file (type png)
<use /Users/dantopa/GitHub//latex-2025//global//graphics/logos/sf-best.png>
Package pdftex.def Info: /Users/dantopa/GitHub//latex-2025//global//graphics/lo
gos/sf-best.png  used on input line 110.
(pdftex.def)             Requested size: 16.20306pt x 16.21828pt.
File: /Users/dantopa/GitHub//latex-2025//global//graphics/logos/hii-01.png Grap
hic file (type png)
<use /Users/dantopa/GitHub//latex-2025//global//graphics/logos/hii-01.png>
Package pdftex.def Info: /Users/dantopa/GitHub//latex-2025//global//graphics/lo
gos/hii-01.png  used on input line 110.
(pdftex.def)             Requested size: 13.59386pt x 14.22636pt.

Overfull \hbox (1.46664pt too wide) has occurred while \output is active
[][][] [][][] 
 []

[84

 </Users/dantopa/GitHub//latex-2025//pres/cwh-textbook//local//graphics//mm/flo
w-predator-prey-dots.pdf>]
</Users/dantopa/GitHub//latex-2025//pres/cwh-textbook//local//graphics//mm/flow
-predator-prey-numbers.pdf, id=3892, 313.17pt x 201.75375pt>
File: /Users/dantopa/GitHub//latex-2025//pres/cwh-textbook//local//graphics//mm
/flow-predator-prey-numbers.pdf Graphic file (type pdf)
<use /Users/dantopa/GitHub//latex-2025//pres/cwh-textbook//local//graphics//mm/
flow-predator-prey-numbers.pdf>
Package pdftex.def Info: /Users/dantopa/GitHub//latex-2025//pres/cwh-textbook//
local//graphics//mm/flow-predator-prey-numbers.pdf  used on input line 119.
(pdftex.def)             Requested size: 230.46739pt x 148.47963pt.
File: /Users/dantopa/GitHub//latex-2025//global//graphics/logos/afrl-logo.png G
raphic file (type png)
<use /Users/dantopa/GitHub//latex-2025//global//graphics/logos/afrl-logo.png>
Package pdftex.def Info: /Users/dantopa/GitHub//latex-2025//global//graphics/lo
gos/afrl-logo.png  used on input line 119.
(pdftex.def)             Requested size: 43.77304pt x 14.22636pt.
File: /Users/dantopa/GitHub//latex-2025//global//graphics/logos/af-01.png Graph
ic file (type png)
<use /Users/dantopa/GitHub//latex-2025//global//graphics/logos/af-01.png>
Package pdftex.def Info: /Users/dantopa/GitHub//latex-2025//global//graphics/lo
gos/af-01.png  used on input line 119.
(pdftex.def)             Requested size: 14.84773pt x 13.08846pt.
File: /Users/dantopa/GitHub//latex-2025//global//graphics/logos/sf-best.png Gra
phic file (type png)
<use /Users/dantopa/GitHub//latex-2025//global//graphics/logos/sf-best.png>
Package pdftex.def Info: /Users/dantopa/GitHub//latex-2025//global//graphics/lo
gos/sf-best.png  used on input line 119.
(pdftex.def)             Requested size: 16.20306pt x 16.21828pt.
File: /Users/dantopa/GitHub//latex-2025//global//graphics/logos/hii-01.png Grap
hic file (type png)
<use /Users/dantopa/GitHub//latex-2025//global//graphics/logos/hii-01.png>
Package pdftex.def Info: /Users/dantopa/GitHub//latex-2025//global//graphics/lo
gos/hii-01.png  used on input line 119.
(pdftex.def)             Requested size: 13.59386pt x 14.22636pt.

Overfull \hbox (1.46664pt too wide) has occurred while \output is active
[][][] [][][] 
 []

[85

 </Users/dantopa/GitHub//latex-2025//pres/cwh-textbook//local//graphics//mm/flo
w-predator-prey-numbers.pdf>]
File: /Users/dantopa/GitHub//latex-2025//global//graphics/logos/afrl-logo.png G
raphic file (type png)
<use /Users/dantopa/GitHub//latex-2025//global//graphics/logos/afrl-logo.png>
Package pdftex.def Info: /Users/dantopa/GitHub//latex-2025//global//graphics/lo
gos/afrl-logo.png  used on input line 141.
(pdftex.def)             Requested size: 43.77304pt x 14.22636pt.
File: /Users/dantopa/GitHub//latex-2025//global//graphics/logos/af-01.png Graph
ic file (type png)
<use /Users/dantopa/GitHub//latex-2025//global//graphics/logos/af-01.png>
Package pdftex.def Info: /Users/dantopa/GitHub//latex-2025//global//graphics/lo
gos/af-01.png  used on input line 141.
(pdftex.def)             Requested size: 14.84773pt x 13.08846pt.
File: /Users/dantopa/GitHub//latex-2025//global//graphics/logos/sf-best.png Gra
phic file (type png)
<use /Users/dantopa/GitHub//latex-2025//global//graphics/logos/sf-best.png>
Package pdftex.def Info: /Users/dantopa/GitHub//latex-2025//global//graphics/lo
gos/sf-best.png  used on input line 141.
(pdftex.def)             Requested size: 16.20306pt x 16.21828pt.
File: /Users/dantopa/GitHub//latex-2025//global//graphics/logos/hii-01.png Grap
hic file (type png)
<use /Users/dantopa/GitHub//latex-2025//global//graphics/logos/hii-01.png>
Package pdftex.def Info: /Users/dantopa/GitHub//latex-2025//global//graphics/lo
gos/hii-01.png  used on input line 141.
(pdftex.def)             Requested size: 13.59386pt x 14.22636pt.

Overfull \hbox (1.46664pt too wide) has occurred while \output is active
[][][] [][][] 
 []

[86

]
File: /Users/dantopa/GitHub//latex-2025//pres/cwh-textbook//local//graphics//df
ield.png Graphic file (type png)
<use /Users/dantopa/GitHub//latex-2025//pres/cwh-textbook//local//graphics//dfi
eld.png>
Package pdftex.def Info: /Users/dantopa/GitHub//latex-2025//pres/cwh-textbook//
local//graphics//dfield.png  used on input line 149.
(pdftex.def)             Requested size: 307.28987pt x 149.46503pt.


LaTeX Warning: Citation 'castellanos_dfield_pplane' on page 87 undefined on inp
ut line 149.

File: /Users/dantopa/GitHub//latex-2025//global//graphics/logos/afrl-logo.png G
raphic file (type png)
<use /Users/dantopa/GitHub//latex-2025//global//graphics/logos/afrl-logo.png>
Package pdftex.def Info: /Users/dantopa/GitHub//latex-2025//global//graphics/lo
gos/afrl-logo.png  used on input line 149.
(pdftex.def)             Requested size: 43.77304pt x 14.22636pt.
File: /Users/dantopa/GitHub//latex-2025//global//graphics/logos/af-01.png Graph
ic file (type png)
<use /Users/dantopa/GitHub//latex-2025//global//graphics/logos/af-01.png>
Package pdftex.def Info: /Users/dantopa/GitHub//latex-2025//global//graphics/lo
gos/af-01.png  used on input line 149.
(pdftex.def)             Requested size: 14.84773pt x 13.08846pt.
File: /Users/dantopa/GitHub//latex-2025//global//graphics/logos/sf-best.png Gra
phic file (type png)
<use /Users/dantopa/GitHub//latex-2025//global//graphics/logos/sf-best.png>
Package pdftex.def Info: /Users/dantopa/GitHub//latex-2025//global//graphics/lo
gos/sf-best.png  used on input line 149.
(pdftex.def)             Requested size: 16.20306pt x 16.21828pt.
File: /Users/dantopa/GitHub//latex-2025//global//graphics/logos/hii-01.png Grap
hic file (type png)
<use /Users/dantopa/GitHub//latex-2025//global//graphics/logos/hii-01.png>
Package pdftex.def Info: /Users/dantopa/GitHub//latex-2025//global//graphics/lo
gos/hii-01.png  used on input line 149.
(pdftex.def)             Requested size: 13.59386pt x 14.22636pt.

Overfull \hbox (1.46664pt too wide) has occurred while \output is active
[][][] [][][] 
 []

[87

]
</Users/dantopa/GitHub//latex-2025//pres/cwh-textbook//local//graphics//mm/mm-d
emo-01.png, id=4033, 3087.535pt x 1824.8175pt>
File: /Users/dantopa/GitHub//latex-2025//pres/cwh-textbook//local//graphics//mm
/mm-demo-01.png Graphic file (type png)
<use /Users/dantopa/GitHub//latex-2025//pres/cwh-textbook//local//graphics//mm/
mm-demo-01.png>
Package pdftex.def Info: /Users/dantopa/GitHub//latex-2025//pres/cwh-textbook//
local//graphics//mm/mm-demo-01.png  used on input line 157.
(pdftex.def)             Requested size: 307.28987pt x 181.60141pt.

Overfull \vbox (5.53987pt too high) detected at line 157
 []

File: /Users/dantopa/GitHub//latex-2025//global//graphics/logos/afrl-logo.png G
raphic file (type png)
<use /Users/dantopa/GitHub//latex-2025//global//graphics/logos/afrl-logo.png>
Package pdftex.def Info: /Users/dantopa/GitHub//latex-2025//global//graphics/lo
gos/afrl-logo.png  used on input line 157.
(pdftex.def)             Requested size: 43.77304pt x 14.22636pt.
File: /Users/dantopa/GitHub//latex-2025//global//graphics/logos/af-01.png Graph
ic file (type png)
<use /Users/dantopa/GitHub//latex-2025//global//graphics/logos/af-01.png>
Package pdftex.def Info: /Users/dantopa/GitHub//latex-2025//global//graphics/lo
gos/af-01.png  used on input line 157.
(pdftex.def)             Requested size: 14.84773pt x 13.08846pt.
File: /Users/dantopa/GitHub//latex-2025//global//graphics/logos/sf-best.png Gra
phic file (type png)
<use /Users/dantopa/GitHub//latex-2025//global//graphics/logos/sf-best.png>
Package pdftex.def Info: /Users/dantopa/GitHub//latex-2025//global//graphics/lo
gos/sf-best.png  used on input line 157.
(pdftex.def)             Requested size: 16.20306pt x 16.21828pt.
File: /Users/dantopa/GitHub//latex-2025//global//graphics/logos/hii-01.png Grap
hic file (type png)
<use /Users/dantopa/GitHub//latex-2025//global//graphics/logos/hii-01.png>
Package pdftex.def Info: /Users/dantopa/GitHub//latex-2025//global//graphics/lo
gos/hii-01.png  used on input line 157.
(pdftex.def)             Requested size: 13.59386pt x 14.22636pt.

Overfull \hbox (1.46664pt too wide) has occurred while \output is active
[][][] [][][] 
 []

[88

 </Users/dantopa/GitHub//latex-2025//pres/cwh-textbook//local//graphics//mm/mm-
demo-01.png>]
</Users/dantopa/GitHub//latex-2025//pres/cwh-textbook//local//graphics//mm/mm-d
emo-02.png, id=4079, 3087.535pt x 1824.8175pt>
File: /Users/dantopa/GitHub//latex-2025//pres/cwh-textbook//local//graphics//mm
/mm-demo-02.png Graphic file (type png)
<use /Users/dantopa/GitHub//latex-2025//pres/cwh-textbook//local//graphics//mm/
mm-demo-02.png>
Package pdftex.def Info: /Users/dantopa/GitHub//latex-2025//pres/cwh-textbook//
local//graphics//mm/mm-demo-02.png  used on input line 165.
(pdftex.def)             Requested size: 307.28987pt x 181.60141pt.

Overfull \vbox (5.53987pt too high) detected at line 165
 []

File: /Users/dantopa/GitHub//latex-2025//global//graphics/logos/afrl-logo.png G
raphic file (type png)
<use /Users/dantopa/GitHub//latex-2025//global//graphics/logos/afrl-logo.png>
Package pdftex.def Info: /Users/dantopa/GitHub//latex-2025//global//graphics/lo
gos/afrl-logo.png  used on input line 165.
(pdftex.def)             Requested size: 43.77304pt x 14.22636pt.
File: /Users/dantopa/GitHub//latex-2025//global//graphics/logos/af-01.png Graph
ic file (type png)
<use /Users/dantopa/GitHub//latex-2025//global//graphics/logos/af-01.png>
Package pdftex.def Info: /Users/dantopa/GitHub//latex-2025//global//graphics/lo
gos/af-01.png  used on input line 165.
(pdftex.def)             Requested size: 14.84773pt x 13.08846pt.
File: /Users/dantopa/GitHub//latex-2025//global//graphics/logos/sf-best.png Gra
phic file (type png)
<use /Users/dantopa/GitHub//latex-2025//global//graphics/logos/sf-best.png>
Package pdftex.def Info: /Users/dantopa/GitHub//latex-2025//global//graphics/lo
gos/sf-best.png  used on input line 165.
(pdftex.def)             Requested size: 16.20306pt x 16.21828pt.
File: /Users/dantopa/GitHub//latex-2025//global//graphics/logos/hii-01.png Grap
hic file (type png)
<use /Users/dantopa/GitHub//latex-2025//global//graphics/logos/hii-01.png>
Package pdftex.def Info: /Users/dantopa/GitHub//latex-2025//global//graphics/lo
gos/hii-01.png  used on input line 165.
(pdftex.def)             Requested size: 13.59386pt x 14.22636pt.

Overfull \hbox (1.46664pt too wide) has occurred while \output is active
[][][] [][][] 
 []

[89

 </Users/dantopa/GitHub//latex-2025//pres/cwh-textbook//local//graphics//mm/mm-
demo-02.png>]
</Users/dantopa/GitHub//latex-2025//pres/cwh-textbook//local//graphics//mm/mm-d
emonstrations.png, id=4126, 3087.535pt x 1824.8175pt>
File: /Users/dantopa/GitHub//latex-2025//pres/cwh-textbook//local//graphics//mm
/mm-demonstrations.png Graphic file (type png)
<use /Users/dantopa/GitHub//latex-2025//pres/cwh-textbook//local//graphics//mm/
mm-demonstrations.png>
Package pdftex.def Info: /Users/dantopa/GitHub//latex-2025//pres/cwh-textbook//
local//graphics//mm/mm-demonstrations.png  used on input line 173.
(pdftex.def)             Requested size: 307.28987pt x 181.60141pt.

Overfull \vbox (5.53987pt too high) detected at line 173
 []

File: /Users/dantopa/GitHub//latex-2025//global//graphics/logos/afrl-logo.png G
raphic file (type png)
<use /Users/dantopa/GitHub//latex-2025//global//graphics/logos/afrl-logo.png>
Package pdftex.def Info: /Users/dantopa/GitHub//latex-2025//global//graphics/lo
gos/afrl-logo.png  used on input line 173.
(pdftex.def)             Requested size: 43.77304pt x 14.22636pt.
File: /Users/dantopa/GitHub//latex-2025//global//graphics/logos/af-01.png Graph
ic file (type png)
<use /Users/dantopa/GitHub//latex-2025//global//graphics/logos/af-01.png>
Package pdftex.def Info: /Users/dantopa/GitHub//latex-2025//global//graphics/lo
gos/af-01.png  used on input line 173.
(pdftex.def)             Requested size: 14.84773pt x 13.08846pt.
File: /Users/dantopa/GitHub//latex-2025//global//graphics/logos/sf-best.png Gra
phic file (type png)
<use /Users/dantopa/GitHub//latex-2025//global//graphics/logos/sf-best.png>
Package pdftex.def Info: /Users/dantopa/GitHub//latex-2025//global//graphics/lo
gos/sf-best.png  used on input line 173.
(pdftex.def)             Requested size: 16.20306pt x 16.21828pt.
File: /Users/dantopa/GitHub//latex-2025//global//graphics/logos/hii-01.png Grap
hic file (type png)
<use /Users/dantopa/GitHub//latex-2025//global//graphics/logos/hii-01.png>
Package pdftex.def Info: /Users/dantopa/GitHub//latex-2025//global//graphics/lo
gos/hii-01.png  used on input line 173.
(pdftex.def)             Requested size: 13.59386pt x 14.22636pt.

Overfull \hbox (1.46664pt too wide) has occurred while \output is active
[][][] [][][] 
 []

[90

 </Users/dantopa/GitHub//latex-2025//pres/cwh-textbook//local//graphics//mm/mm-
demonstrations.png>]
</Users/dantopa/GitHub//latex-2025//pres/cwh-textbook//local//graphics//mm/mm-m
anipulate.png, id=4172, 1704.3675pt x 1395.2125pt>
File: /Users/dantopa/GitHub//latex-2025//pres/cwh-textbook//local//graphics//mm
/mm-manipulate.png Graphic file (type png)
<use /Users/dantopa/GitHub//latex-2025//pres/cwh-textbook//local//graphics//mm/
mm-manipulate.png>
Package pdftex.def Info: /Users/dantopa/GitHub//latex-2025//pres/cwh-textbook//
local//graphics//mm/mm-manipulate.png  used on input line 181.
(pdftex.def)             Requested size: 230.46739pt x 188.6436pt.
File: /Users/dantopa/GitHub//latex-2025//global//graphics/logos/afrl-logo.png G
raphic file (type png)
<use /Users/dantopa/GitHub//latex-2025//global//graphics/logos/afrl-logo.png>
Package pdftex.def Info: /Users/dantopa/GitHub//latex-2025//global//graphics/lo
gos/afrl-logo.png  used on input line 181.
(pdftex.def)             Requested size: 43.77304pt x 14.22636pt.
File: /Users/dantopa/GitHub//latex-2025//global//graphics/logos/af-01.png Graph
ic file (type png)
<use /Users/dantopa/GitHub//latex-2025//global//graphics/logos/af-01.png>
Package pdftex.def Info: /Users/dantopa/GitHub//latex-2025//global//graphics/lo
gos/af-01.png  used on input line 181.
(pdftex.def)             Requested size: 14.84773pt x 13.08846pt.
File: /Users/dantopa/GitHub//latex-2025//global//graphics/logos/sf-best.png Gra
phic file (type png)
<use /Users/dantopa/GitHub//latex-2025//global//graphics/logos/sf-best.png>
Package pdftex.def Info: /Users/dantopa/GitHub//latex-2025//global//graphics/lo
gos/sf-best.png  used on input line 181.
(pdftex.def)             Requested size: 16.20306pt x 16.21828pt.
File: /Users/dantopa/GitHub//latex-2025//global//graphics/logos/hii-01.png Grap
hic file (type png)
<use /Users/dantopa/GitHub//latex-2025//global//graphics/logos/hii-01.png>
Package pdftex.def Info: /Users/dantopa/GitHub//latex-2025//global//graphics/lo
gos/hii-01.png  used on input line 181.
(pdftex.def)             Requested size: 13.59386pt x 14.22636pt.

Overfull \hbox (1.46664pt too wide) has occurred while \output is active
[][][] [][][] 
 []

[91

 </Users/dantopa/GitHub//latex-2025//pres/cwh-textbook//local//graphics//mm/mm-
manipulate.png>]
</Users/dantopa/GitHub//latex-2025//pres/cwh-textbook//local//graphics//mm/mm-n
umerical-methods.png, id=4219, 3087.535pt x 1824.8175pt>
File: /Users/dantopa/GitHub//latex-2025//pres/cwh-textbook//local//graphics//mm
/mm-numerical-methods.png Graphic file (type png)
<use /Users/dantopa/GitHub//latex-2025//pres/cwh-textbook//local//graphics//mm/
mm-numerical-methods.png>
Package pdftex.def Info: /Users/dantopa/GitHub//latex-2025//pres/cwh-textbook//
local//graphics//mm/mm-numerical-methods.png  used on input line 189.
(pdftex.def)             Requested size: 307.28987pt x 181.60141pt.

Overfull \vbox (5.53987pt too high) detected at line 189
 []

File: /Users/dantopa/GitHub//latex-2025//global//graphics/logos/afrl-logo.png G
raphic file (type png)
<use /Users/dantopa/GitHub//latex-2025//global//graphics/logos/afrl-logo.png>
Package pdftex.def Info: /Users/dantopa/GitHub//latex-2025//global//graphics/lo
gos/afrl-logo.png  used on input line 189.
(pdftex.def)             Requested size: 43.77304pt x 14.22636pt.
File: /Users/dantopa/GitHub//latex-2025//global//graphics/logos/af-01.png Graph
ic file (type png)
<use /Users/dantopa/GitHub//latex-2025//global//graphics/logos/af-01.png>
Package pdftex.def Info: /Users/dantopa/GitHub//latex-2025//global//graphics/lo
gos/af-01.png  used on input line 189.
(pdftex.def)             Requested size: 14.84773pt x 13.08846pt.
File: /Users/dantopa/GitHub//latex-2025//global//graphics/logos/sf-best.png Gra
phic file (type png)
<use /Users/dantopa/GitHub//latex-2025//global//graphics/logos/sf-best.png>
Package pdftex.def Info: /Users/dantopa/GitHub//latex-2025//global//graphics/lo
gos/sf-best.png  used on input line 189.
(pdftex.def)             Requested size: 16.20306pt x 16.21828pt.
File: /Users/dantopa/GitHub//latex-2025//global//graphics/logos/hii-01.png Grap
hic file (type png)
<use /Users/dantopa/GitHub//latex-2025//global//graphics/logos/hii-01.png>
Package pdftex.def Info: /Users/dantopa/GitHub//latex-2025//global//graphics/lo
gos/hii-01.png  used on input line 189.
(pdftex.def)             Requested size: 13.59386pt x 14.22636pt.

Overfull \hbox (1.46664pt too wide) has occurred while \output is active
[][][] [][][] 
 []

[92

 </Users/dantopa/GitHub//latex-2025//pres/cwh-textbook//local//graphics//mm/mm-
numerical-methods.png>]
</Users/dantopa/GitHub//latex-2025//pres/cwh-textbook//local//graphics//mm/mm-s
o.png, id=4265, 3087.535pt x 1824.8175pt>
File: /Users/dantopa/GitHub//latex-2025//pres/cwh-textbook//local//graphics//mm
/mm-so.png Graphic file (type png)
<use /Users/dantopa/GitHub//latex-2025//pres/cwh-textbook//local//graphics//mm/
mm-so.png>
Package pdftex.def Info: /Users/dantopa/GitHub//latex-2025//pres/cwh-textbook//
local//graphics//mm/mm-so.png  used on input line 197.
(pdftex.def)             Requested size: 307.28987pt x 181.60141pt.

Overfull \vbox (5.53987pt too high) detected at line 197
 []

File: /Users/dantopa/GitHub//latex-2025//global//graphics/logos/afrl-logo.png G
raphic file (type png)
<use /Users/dantopa/GitHub//latex-2025//global//graphics/logos/afrl-logo.png>
Package pdftex.def Info: /Users/dantopa/GitHub//latex-2025//global//graphics/lo
gos/afrl-logo.png  used on input line 197.
(pdftex.def)             Requested size: 43.77304pt x 14.22636pt.
File: /Users/dantopa/GitHub//latex-2025//global//graphics/logos/af-01.png Graph
ic file (type png)
<use /Users/dantopa/GitHub//latex-2025//global//graphics/logos/af-01.png>
Package pdftex.def Info: /Users/dantopa/GitHub//latex-2025//global//graphics/lo
gos/af-01.png  used on input line 197.
(pdftex.def)             Requested size: 14.84773pt x 13.08846pt.
File: /Users/dantopa/GitHub//latex-2025//global//graphics/logos/sf-best.png Gra
phic file (type png)
<use /Users/dantopa/GitHub//latex-2025//global//graphics/logos/sf-best.png>
Package pdftex.def Info: /Users/dantopa/GitHub//latex-2025//global//graphics/lo
gos/sf-best.png  used on input line 197.
(pdftex.def)             Requested size: 16.20306pt x 16.21828pt.
File: /Users/dantopa/GitHub//latex-2025//global//graphics/logos/hii-01.png Grap
hic file (type png)
<use /Users/dantopa/GitHub//latex-2025//global//graphics/logos/hii-01.png>
Package pdftex.def Info: /Users/dantopa/GitHub//latex-2025//global//graphics/lo
gos/hii-01.png  used on input line 197.
(pdftex.def)             Requested size: 13.59386pt x 14.22636pt.

Overfull \hbox (1.46664pt too wide) has occurred while \output is active
[][][] [][][] 
 []

[93

 </Users/dantopa/GitHub//latex-2025//pres/cwh-textbook//local//graphics//mm/mm-
so.png>]
</Users/dantopa/GitHub//latex-2025//pres/cwh-textbook//local//graphics//mm/mm-s
ys-modeler-01.png, id=4311, 3087.535pt x 1824.8175pt>
File: /Users/dantopa/GitHub//latex-2025//pres/cwh-textbook//local//graphics//mm
/mm-sys-modeler-01.png Graphic file (type png)
<use /Users/dantopa/GitHub//latex-2025//pres/cwh-textbook//local//graphics//mm/
mm-sys-modeler-01.png>
Package pdftex.def Info: /Users/dantopa/GitHub//latex-2025//pres/cwh-textbook//
local//graphics//mm/mm-sys-modeler-01.png  used on input line 205.
(pdftex.def)             Requested size: 307.28987pt x 181.60141pt.

Overfull \vbox (5.53987pt too high) detected at line 205
 []

File: /Users/dantopa/GitHub//latex-2025//global//graphics/logos/afrl-logo.png G
raphic file (type png)
<use /Users/dantopa/GitHub//latex-2025//global//graphics/logos/afrl-logo.png>
Package pdftex.def Info: /Users/dantopa/GitHub//latex-2025//global//graphics/lo
gos/afrl-logo.png  used on input line 205.
(pdftex.def)             Requested size: 43.77304pt x 14.22636pt.
File: /Users/dantopa/GitHub//latex-2025//global//graphics/logos/af-01.png Graph
ic file (type png)
<use /Users/dantopa/GitHub//latex-2025//global//graphics/logos/af-01.png>
Package pdftex.def Info: /Users/dantopa/GitHub//latex-2025//global//graphics/lo
gos/af-01.png  used on input line 205.
(pdftex.def)             Requested size: 14.84773pt x 13.08846pt.
File: /Users/dantopa/GitHub//latex-2025//global//graphics/logos/sf-best.png Gra
phic file (type png)
<use /Users/dantopa/GitHub//latex-2025//global//graphics/logos/sf-best.png>
Package pdftex.def Info: /Users/dantopa/GitHub//latex-2025//global//graphics/lo
gos/sf-best.png  used on input line 205.
(pdftex.def)             Requested size: 16.20306pt x 16.21828pt.
File: /Users/dantopa/GitHub//latex-2025//global//graphics/logos/hii-01.png Grap
hic file (type png)
<use /Users/dantopa/GitHub//latex-2025//global//graphics/logos/hii-01.png>
Package pdftex.def Info: /Users/dantopa/GitHub//latex-2025//global//graphics/lo
gos/hii-01.png  used on input line 205.
(pdftex.def)             Requested size: 13.59386pt x 14.22636pt.

Overfull \hbox (1.46664pt too wide) has occurred while \output is active
[][][] [][][] 
 []

[94

 </Users/dantopa/GitHub//latex-2025//pres/cwh-textbook//local//graphics//mm/mm-
sys-modeler-01.png>]
</Users/dantopa/GitHub//latex-2025//pres/cwh-textbook//local//graphics//mm/mm-s
ys-modeler.png, id=4357, 3087.535pt x 1824.8175pt>
File: /Users/dantopa/GitHub//latex-2025//pres/cwh-textbook//local//graphics//mm
/mm-sys-modeler.png Graphic file (type png)
<use /Users/dantopa/GitHub//latex-2025//pres/cwh-textbook//local//graphics//mm/
mm-sys-modeler.png>
Package pdftex.def Info: /Users/dantopa/GitHub//latex-2025//pres/cwh-textbook//
local//graphics//mm/mm-sys-modeler.png  used on input line 213.
(pdftex.def)             Requested size: 307.28987pt x 181.60141pt.

Overfull \vbox (5.53987pt too high) detected at line 213
 []

File: /Users/dantopa/GitHub//latex-2025//global//graphics/logos/afrl-logo.png G
raphic file (type png)
<use /Users/dantopa/GitHub//latex-2025//global//graphics/logos/afrl-logo.png>
Package pdftex.def Info: /Users/dantopa/GitHub//latex-2025//global//graphics/lo
gos/afrl-logo.png  used on input line 213.
(pdftex.def)             Requested size: 43.77304pt x 14.22636pt.
File: /Users/dantopa/GitHub//latex-2025//global//graphics/logos/af-01.png Graph
ic file (type png)
<use /Users/dantopa/GitHub//latex-2025//global//graphics/logos/af-01.png>
Package pdftex.def Info: /Users/dantopa/GitHub//latex-2025//global//graphics/lo
gos/af-01.png  used on input line 213.
(pdftex.def)             Requested size: 14.84773pt x 13.08846pt.
File: /Users/dantopa/GitHub//latex-2025//global//graphics/logos/sf-best.png Gra
phic file (type png)
<use /Users/dantopa/GitHub//latex-2025//global//graphics/logos/sf-best.png>
Package pdftex.def Info: /Users/dantopa/GitHub//latex-2025//global//graphics/lo
gos/sf-best.png  used on input line 213.
(pdftex.def)             Requested size: 16.20306pt x 16.21828pt.
File: /Users/dantopa/GitHub//latex-2025//global//graphics/logos/hii-01.png Grap
hic file (type png)
<use /Users/dantopa/GitHub//latex-2025//global//graphics/logos/hii-01.png>
Package pdftex.def Info: /Users/dantopa/GitHub//latex-2025//global//graphics/lo
gos/hii-01.png  used on input line 213.
(pdftex.def)             Requested size: 13.59386pt x 14.22636pt.

Overfull \hbox (1.46664pt too wide) has occurred while \output is active
[][][] [][][] 
 []

[95

 </Users/dantopa/GitHub//latex-2025//pres/cwh-textbook//local//graphics//mm/mm-
sys-modeler.png>]))
(/Users/dantopa/GitHub//latex-2025//pres/cwh-textbook//sections/ssec-fundamenta
l.tex
 !! CONTENT SETUP !! /Users/dantopa/GitHub//latex-2025//pres/cwh-textbook//sect
ions/"ssec-fundamental.tex"

(/Users/dantopa/GitHub//latex-2025//global//libs//elements//definitions/def-mat
rix-exp.tex
 !! CONTENT SETUP !! /Users/dantopa/GitHub//latex-2025//global//libs//elements/
/definitions/"def-matrix-exp.tex"
)
File: /Users/dantopa/GitHub//latex-2025//global//graphics/logos/afrl-logo.png G
raphic file (type png)
<use /Users/dantopa/GitHub//latex-2025//global//graphics/logos/afrl-logo.png>
Package pdftex.def Info: /Users/dantopa/GitHub//latex-2025//global//graphics/lo
gos/afrl-logo.png  used on input line 9.
(pdftex.def)             Requested size: 43.77304pt x 14.22636pt.
File: /Users/dantopa/GitHub//latex-2025//global//graphics/logos/af-01.png Graph
ic file (type png)
<use /Users/dantopa/GitHub//latex-2025//global//graphics/logos/af-01.png>
Package pdftex.def Info: /Users/dantopa/GitHub//latex-2025//global//graphics/lo
gos/af-01.png  used on input line 9.
(pdftex.def)             Requested size: 14.84773pt x 13.08846pt.
File: /Users/dantopa/GitHub//latex-2025//global//graphics/logos/sf-best.png Gra
phic file (type png)
<use /Users/dantopa/GitHub//latex-2025//global//graphics/logos/sf-best.png>
Package pdftex.def Info: /Users/dantopa/GitHub//latex-2025//global//graphics/lo
gos/sf-best.png  used on input line 9.
(pdftex.def)             Requested size: 16.20306pt x 16.21828pt.
File: /Users/dantopa/GitHub//latex-2025//global//graphics/logos/hii-01.png Grap
hic file (type png)
<use /Users/dantopa/GitHub//latex-2025//global//graphics/logos/hii-01.png>
Package pdftex.def Info: /Users/dantopa/GitHub//latex-2025//global//graphics/lo
gos/hii-01.png  used on input line 9.
(pdftex.def)             Requested size: 13.59386pt x 14.22636pt.

Overfull \hbox (1.46664pt too wide) has occurred while \output is active
[][][] [][][] 
 []

[96

]
(/Users/dantopa/GitHub//latex-2025//global//libs//elements//theorems/thm-fto-li
near-systems.tex
 !! CONTENT SETUP !! /Users/dantopa/GitHub//latex-2025//global//libs//elements/
/theorems/"thm-fto-linear-systems.tex"
pdfTeX warning (ext4): destination with the same identifier (name{thm:ftols}) h
as been already used, duplicate ignored
<to be read again> 
                   \relax 
l.4 ...heorem for Linear Systems]\label{thm:ftols}
                                                  pdfTeX warning (ext4): destin
ation with the same identifier (name{eq:thm:ftols:system}) has been already use
d, duplicate ignored
<to be read again> 
                   \relax 
l.6 \begin{equation}\label{eq:thm:ftols:system}
                                               pdfTeX warning (ext4): destinati
on with the same identifier (name{eq:thm:ftols:soln}) has been already used, du
plicate ignored
<to be read again> 
                   \relax 
l.10 \begin{equation}\label{eq:thm:ftols:soln}
                                              )
File: /Users/dantopa/GitHub//latex-2025//global//graphics/logos/afrl-logo.png G
raphic file (type png)
<use /Users/dantopa/GitHub//latex-2025//global//graphics/logos/afrl-logo.png>
Package pdftex.def Info: /Users/dantopa/GitHub//latex-2025//global//graphics/lo
gos/afrl-logo.png  used on input line 13.
(pdftex.def)             Requested size: 43.77304pt x 14.22636pt.
File: /Users/dantopa/GitHub//latex-2025//global//graphics/logos/af-01.png Graph
ic file (type png)
<use /Users/dantopa/GitHub//latex-2025//global//graphics/logos/af-01.png>
Package pdftex.def Info: /Users/dantopa/GitHub//latex-2025//global//graphics/lo
gos/af-01.png  used on input line 13.
(pdftex.def)             Requested size: 14.84773pt x 13.08846pt.
File: /Users/dantopa/GitHub//latex-2025//global//graphics/logos/sf-best.png Gra
phic file (type png)
<use /Users/dantopa/GitHub//latex-2025//global//graphics/logos/sf-best.png>
Package pdftex.def Info: /Users/dantopa/GitHub//latex-2025//global//graphics/lo
gos/sf-best.png  used on input line 13.
(pdftex.def)             Requested size: 16.20306pt x 16.21828pt.
File: /Users/dantopa/GitHub//latex-2025//global//graphics/logos/hii-01.png Grap
hic file (type png)
<use /Users/dantopa/GitHub//latex-2025//global//graphics/logos/hii-01.png>
Package pdftex.def Info: /Users/dantopa/GitHub//latex-2025//global//graphics/lo
gos/hii-01.png  used on input line 13.
(pdftex.def)             Requested size: 13.59386pt x 14.22636pt.

Overfull \hbox (1.46664pt too wide) has occurred while \output is active
[][][] [][][] 
 []

[97

]
File: /Users/dantopa/GitHub//latex-2025//global//graphics/logos/afrl-logo.png G
raphic file (type png)
<use /Users/dantopa/GitHub//latex-2025//global//graphics/logos/afrl-logo.png>
Package pdftex.def Info: /Users/dantopa/GitHub//latex-2025//global//graphics/lo
gos/afrl-logo.png  used on input line 35.
(pdftex.def)             Requested size: 43.77304pt x 14.22636pt.
File: /Users/dantopa/GitHub//latex-2025//global//graphics/logos/af-01.png Graph
ic file (type png)
<use /Users/dantopa/GitHub//latex-2025//global//graphics/logos/af-01.png>
Package pdftex.def Info: /Users/dantopa/GitHub//latex-2025//global//graphics/lo
gos/af-01.png  used on input line 35.
(pdftex.def)             Requested size: 14.84773pt x 13.08846pt.
File: /Users/dantopa/GitHub//latex-2025//global//graphics/logos/sf-best.png Gra
phic file (type png)
<use /Users/dantopa/GitHub//latex-2025//global//graphics/logos/sf-best.png>
Package pdftex.def Info: /Users/dantopa/GitHub//latex-2025//global//graphics/lo
gos/sf-best.png  used on input line 35.
(pdftex.def)             Requested size: 16.20306pt x 16.21828pt.
File: /Users/dantopa/GitHub//latex-2025//global//graphics/logos/hii-01.png Grap
hic file (type png)
<use /Users/dantopa/GitHub//latex-2025//global//graphics/logos/hii-01.png>
Package pdftex.def Info: /Users/dantopa/GitHub//latex-2025//global//graphics/lo
gos/hii-01.png  used on input line 35.
(pdftex.def)             Requested size: 13.59386pt x 14.22636pt.

Overfull \hbox (1.46664pt too wide) has occurred while \output is active
[][][] [][][] 
 []

[98

]
File: /Users/dantopa/GitHub//latex-2025//global//graphics/logos/afrl-logo.png G
raphic file (type png)
<use /Users/dantopa/GitHub//latex-2025//global//graphics/logos/afrl-logo.png>
Package pdftex.def Info: /Users/dantopa/GitHub//latex-2025//global//graphics/lo
gos/afrl-logo.png  used on input line 35.
(pdftex.def)             Requested size: 43.77304pt x 14.22636pt.
File: /Users/dantopa/GitHub//latex-2025//global//graphics/logos/af-01.png Graph
ic file (type png)
<use /Users/dantopa/GitHub//latex-2025//global//graphics/logos/af-01.png>
Package pdftex.def Info: /Users/dantopa/GitHub//latex-2025//global//graphics/lo
gos/af-01.png  used on input line 35.
(pdftex.def)             Requested size: 14.84773pt x 13.08846pt.
File: /Users/dantopa/GitHub//latex-2025//global//graphics/logos/sf-best.png Gra
phic file (type png)
<use /Users/dantopa/GitHub//latex-2025//global//graphics/logos/sf-best.png>
Package pdftex.def Info: /Users/dantopa/GitHub//latex-2025//global//graphics/lo
gos/sf-best.png  used on input line 35.
(pdftex.def)             Requested size: 16.20306pt x 16.21828pt.
File: /Users/dantopa/GitHub//latex-2025//global//graphics/logos/hii-01.png Grap
hic file (type png)
<use /Users/dantopa/GitHub//latex-2025//global//graphics/logos/hii-01.png>
Package pdftex.def Info: /Users/dantopa/GitHub//latex-2025//global//graphics/lo
gos/hii-01.png  used on input line 35.
(pdftex.def)             Requested size: 13.59386pt x 14.22636pt.

Overfull \hbox (1.46664pt too wide) has occurred while \output is active
[][][] [][][] 
 []

[99


]

LaTeX Warning: Reference `eq:thm:series-convergence' on page 100 undefined on i
nput line 82.

File: /Users/dantopa/GitHub//latex-2025//global//graphics/logos/afrl-logo.png G
raphic file (type png)
<use /Users/dantopa/GitHub//latex-2025//global//graphics/logos/afrl-logo.png>
Package pdftex.def Info: /Users/dantopa/GitHub//latex-2025//global//graphics/lo
gos/afrl-logo.png  used on input line 82.
(pdftex.def)             Requested size: 43.77304pt x 14.22636pt.
File: /Users/dantopa/GitHub//latex-2025//global//graphics/logos/af-01.png Graph
ic file (type png)
<use /Users/dantopa/GitHub//latex-2025//global//graphics/logos/af-01.png>
Package pdftex.def Info: /Users/dantopa/GitHub//latex-2025//global//graphics/lo
gos/af-01.png  used on input line 82.
(pdftex.def)             Requested size: 14.84773pt x 13.08846pt.
File: /Users/dantopa/GitHub//latex-2025//global//graphics/logos/sf-best.png Gra
phic file (type png)
<use /Users/dantopa/GitHub//latex-2025//global//graphics/logos/sf-best.png>
Package pdftex.def Info: /Users/dantopa/GitHub//latex-2025//global//graphics/lo
gos/sf-best.png  used on input line 82.
(pdftex.def)             Requested size: 16.20306pt x 16.21828pt.
File: /Users/dantopa/GitHub//latex-2025//global//graphics/logos/hii-01.png Grap
hic file (type png)
<use /Users/dantopa/GitHub//latex-2025//global//graphics/logos/hii-01.png>
Package pdftex.def Info: /Users/dantopa/GitHub//latex-2025//global//graphics/lo
gos/hii-01.png  used on input line 82.
(pdftex.def)             Requested size: 13.59386pt x 14.22636pt.

Overfull \hbox (1.46664pt too wide) has occurred while \output is active
[][][] [][][] 
 []

[100

]
File: /Users/dantopa/GitHub//latex-2025//global//graphics/logos/afrl-logo.png G
raphic file (type png)
<use /Users/dantopa/GitHub//latex-2025//global//graphics/logos/afrl-logo.png>
Package pdftex.def Info: /Users/dantopa/GitHub//latex-2025//global//graphics/lo
gos/afrl-logo.png  used on input line 82.
(pdftex.def)             Requested size: 43.77304pt x 14.22636pt.
File: /Users/dantopa/GitHub//latex-2025//global//graphics/logos/af-01.png Graph
ic file (type png)
<use /Users/dantopa/GitHub//latex-2025//global//graphics/logos/af-01.png>
Package pdftex.def Info: /Users/dantopa/GitHub//latex-2025//global//graphics/lo
gos/af-01.png  used on input line 82.
(pdftex.def)             Requested size: 14.84773pt x 13.08846pt.
File: /Users/dantopa/GitHub//latex-2025//global//graphics/logos/sf-best.png Gra
phic file (type png)
<use /Users/dantopa/GitHub//latex-2025//global//graphics/logos/sf-best.png>
Package pdftex.def Info: /Users/dantopa/GitHub//latex-2025//global//graphics/lo
gos/sf-best.png  used on input line 82.
(pdftex.def)             Requested size: 16.20306pt x 16.21828pt.
File: /Users/dantopa/GitHub//latex-2025//global//graphics/logos/hii-01.png Grap
hic file (type png)
<use /Users/dantopa/GitHub//latex-2025//global//graphics/logos/hii-01.png>
Package pdftex.def Info: /Users/dantopa/GitHub//latex-2025//global//graphics/lo
gos/hii-01.png  used on input line 82.
(pdftex.def)             Requested size: 13.59386pt x 14.22636pt.

Overfull \hbox (1.46664pt too wide) has occurred while \output is active
[][][] [][][] 
 []

[101


]
File: /Users/dantopa/GitHub//latex-2025//global//graphics/logos/afrl-logo.png G
raphic file (type png)
<use /Users/dantopa/GitHub//latex-2025//global//graphics/logos/afrl-logo.png>
Package pdftex.def Info: /Users/dantopa/GitHub//latex-2025//global//graphics/lo
gos/afrl-logo.png  used on input line 82.
(pdftex.def)             Requested size: 43.77304pt x 14.22636pt.
File: /Users/dantopa/GitHub//latex-2025//global//graphics/logos/af-01.png Graph
ic file (type png)
<use /Users/dantopa/GitHub//latex-2025//global//graphics/logos/af-01.png>
Package pdftex.def Info: /Users/dantopa/GitHub//latex-2025//global//graphics/lo
gos/af-01.png  used on input line 82.
(pdftex.def)             Requested size: 14.84773pt x 13.08846pt.
File: /Users/dantopa/GitHub//latex-2025//global//graphics/logos/sf-best.png Gra
phic file (type png)
<use /Users/dantopa/GitHub//latex-2025//global//graphics/logos/sf-best.png>
Package pdftex.def Info: /Users/dantopa/GitHub//latex-2025//global//graphics/lo
gos/sf-best.png  used on input line 82.
(pdftex.def)             Requested size: 16.20306pt x 16.21828pt.
File: /Users/dantopa/GitHub//latex-2025//global//graphics/logos/hii-01.png Grap
hic file (type png)
<use /Users/dantopa/GitHub//latex-2025//global//graphics/logos/hii-01.png>
Package pdftex.def Info: /Users/dantopa/GitHub//latex-2025//global//graphics/lo
gos/hii-01.png  used on input line 82.
(pdftex.def)             Requested size: 13.59386pt x 14.22636pt.

Overfull \hbox (1.46664pt too wide) has occurred while \output is active
[][][] [][][] 
 []

[102


])
(/Users/dantopa/GitHub//latex-2025//pres/cwh-textbook//sections/ssec-matrix-exp
onential.tex
 !! CONTENT SETUP !! /Users/dantopa/GitHub//latex-2025//pres/cwh-textbook//sect
ions/"ssec-matrix-exponential.tex"
File: /Users/dantopa/GitHub//latex-2025//global//graphics/logos/afrl-logo.png G
raphic file (type png)
<use /Users/dantopa/GitHub//latex-2025//global//graphics/logos/afrl-logo.png>
Package pdftex.def Info: /Users/dantopa/GitHub//latex-2025//global//graphics/lo
gos/afrl-logo.png  used on input line 15.
(pdftex.def)             Requested size: 43.77304pt x 14.22636pt.
File: /Users/dantopa/GitHub//latex-2025//global//graphics/logos/af-01.png Graph
ic file (type png)
<use /Users/dantopa/GitHub//latex-2025//global//graphics/logos/af-01.png>
Package pdftex.def Info: /Users/dantopa/GitHub//latex-2025//global//graphics/lo
gos/af-01.png  used on input line 15.
(pdftex.def)             Requested size: 14.84773pt x 13.08846pt.
File: /Users/dantopa/GitHub//latex-2025//global//graphics/logos/sf-best.png Gra
phic file (type png)
<use /Users/dantopa/GitHub//latex-2025//global//graphics/logos/sf-best.png>
Package pdftex.def Info: /Users/dantopa/GitHub//latex-2025//global//graphics/lo
gos/sf-best.png  used on input line 15.
(pdftex.def)             Requested size: 16.20306pt x 16.21828pt.
File: /Users/dantopa/GitHub//latex-2025//global//graphics/logos/hii-01.png Grap
hic file (type png)
<use /Users/dantopa/GitHub//latex-2025//global//graphics/logos/hii-01.png>
Package pdftex.def Info: /Users/dantopa/GitHub//latex-2025//global//graphics/lo
gos/hii-01.png  used on input line 15.
(pdftex.def)             Requested size: 13.59386pt x 14.22636pt.

Overfull \hbox (1.46664pt too wide) has occurred while \output is active
[][][] [][][] 
 []

[103

]
(/Users/dantopa/GitHub//latex-2025//pres/cwh-textbook//sections/sssec-about.tex
 !! CONTENT SETUP !! /Users/dantopa/GitHub//latex-2025//pres/cwh-textbook//sect
ions/"sssec-about.tex"
LaTeX Font Info:    Font shape `T1/lmtt/bx/n' in size <10.95> not available
(Font)              Font shape `T1/lmtt/b/n' tried instead on input line 23.
File: /Users/dantopa/GitHub//latex-2025//global//graphics/logos/afrl-logo.png G
raphic file (type png)
<use /Users/dantopa/GitHub//latex-2025//global//graphics/logos/afrl-logo.png>
Package pdftex.def Info: /Users/dantopa/GitHub//latex-2025//global//graphics/lo
gos/afrl-logo.png  used on input line 23.
(pdftex.def)             Requested size: 43.77304pt x 14.22636pt.
File: /Users/dantopa/GitHub//latex-2025//global//graphics/logos/af-01.png Graph
ic file (type png)
<use /Users/dantopa/GitHub//latex-2025//global//graphics/logos/af-01.png>
Package pdftex.def Info: /Users/dantopa/GitHub//latex-2025//global//graphics/lo
gos/af-01.png  used on input line 23.
(pdftex.def)             Requested size: 14.84773pt x 13.08846pt.
File: /Users/dantopa/GitHub//latex-2025//global//graphics/logos/sf-best.png Gra
phic file (type png)
<use /Users/dantopa/GitHub//latex-2025//global//graphics/logos/sf-best.png>
Package pdftex.def Info: /Users/dantopa/GitHub//latex-2025//global//graphics/lo
gos/sf-best.png  used on input line 23.
(pdftex.def)             Requested size: 16.20306pt x 16.21828pt.
File: /Users/dantopa/GitHub//latex-2025//global//graphics/logos/hii-01.png Grap
hic file (type png)
<use /Users/dantopa/GitHub//latex-2025//global//graphics/logos/hii-01.png>
Package pdftex.def Info: /Users/dantopa/GitHub//latex-2025//global//graphics/lo
gos/hii-01.png  used on input line 23.
(pdftex.def)             Requested size: 13.59386pt x 14.22636pt.

Overfull \hbox (1.46664pt too wide) has occurred while \output is active
[][][] [][][] 
 []

[104

]
</Users/dantopa/GitHub//latex-2025//pres/cwh-textbook//local//graphics//dubious
.pdf, id=4799, 699.61375pt x 254.9525pt>
File: /Users/dantopa/GitHub//latex-2025//pres/cwh-textbook//local//graphics//du
bious.pdf Graphic file (type pdf)
<use /Users/dantopa/GitHub//latex-2025//pres/cwh-textbook//local//graphics//dub
ious.pdf>
Package pdftex.def Info: /Users/dantopa/GitHub//latex-2025//pres/cwh-textbook//
local//graphics//dubious.pdf  used on input line 31.
(pdftex.def)             Requested size: 314.82327pt x 114.72755pt.

Overfull \hbox (7.53252pt too wide) in paragraph at lines 31--31
 [][] 
 []

File: /Users/dantopa/GitHub//latex-2025//global//graphics/logos/afrl-logo.png G
raphic file (type png)
<use /Users/dantopa/GitHub//latex-2025//global//graphics/logos/afrl-logo.png>
Package pdftex.def Info: /Users/dantopa/GitHub//latex-2025//global//graphics/lo
gos/afrl-logo.png  used on input line 31.
(pdftex.def)             Requested size: 43.77304pt x 14.22636pt.
File: /Users/dantopa/GitHub//latex-2025//global//graphics/logos/af-01.png Graph
ic file (type png)
<use /Users/dantopa/GitHub//latex-2025//global//graphics/logos/af-01.png>
Package pdftex.def Info: /Users/dantopa/GitHub//latex-2025//global//graphics/lo
gos/af-01.png  used on input line 31.
(pdftex.def)             Requested size: 14.84773pt x 13.08846pt.
File: /Users/dantopa/GitHub//latex-2025//global//graphics/logos/sf-best.png Gra
phic file (type png)
<use /Users/dantopa/GitHub//latex-2025//global//graphics/logos/sf-best.png>
Package pdftex.def Info: /Users/dantopa/GitHub//latex-2025//global//graphics/lo
gos/sf-best.png  used on input line 31.
(pdftex.def)             Requested size: 16.20306pt x 16.21828pt.
File: /Users/dantopa/GitHub//latex-2025//global//graphics/logos/hii-01.png Grap
hic file (type png)
<use /Users/dantopa/GitHub//latex-2025//global//graphics/logos/hii-01.png>
Package pdftex.def Info: /Users/dantopa/GitHub//latex-2025//global//graphics/lo
gos/hii-01.png  used on input line 31.
(pdftex.def)             Requested size: 13.59386pt x 14.22636pt.

Overfull \hbox (1.46664pt too wide) has occurred while \output is active
[][][] [][][] 
 []

[105

 </Users/dantopa/GitHub//latex-2025//pres/cwh-textbook//local//graphics//dubiou
s.pdf>]
</Users/dantopa/GitHub//latex-2025//pres/cwh-textbook//local//graphics//dubious
+25.pdf, id=4849, 691.58376pt x 567.11874pt>
File: /Users/dantopa/GitHub//latex-2025//pres/cwh-textbook//local//graphics//du
bious+25.pdf Graphic file (type pdf)
<use /Users/dantopa/GitHub//latex-2025//pres/cwh-textbook//local//graphics//dub
ious+25.pdf>
Package pdftex.def Info: /Users/dantopa/GitHub//latex-2025//pres/cwh-textbook//
local//graphics//dubious+25.pdf  used on input line 39.
(pdftex.def)             Requested size: 207.47672pt x 170.13693pt.
File: /Users/dantopa/GitHub//latex-2025//global//graphics/logos/afrl-logo.png G
raphic file (type png)
<use /Users/dantopa/GitHub//latex-2025//global//graphics/logos/afrl-logo.png>
Package pdftex.def Info: /Users/dantopa/GitHub//latex-2025//global//graphics/lo
gos/afrl-logo.png  used on input line 39.
(pdftex.def)             Requested size: 43.77304pt x 14.22636pt.
File: /Users/dantopa/GitHub//latex-2025//global//graphics/logos/af-01.png Graph
ic file (type png)
<use /Users/dantopa/GitHub//latex-2025//global//graphics/logos/af-01.png>
Package pdftex.def Info: /Users/dantopa/GitHub//latex-2025//global//graphics/lo
gos/af-01.png  used on input line 39.
(pdftex.def)             Requested size: 14.84773pt x 13.08846pt.
File: /Users/dantopa/GitHub//latex-2025//global//graphics/logos/sf-best.png Gra
phic file (type png)
<use /Users/dantopa/GitHub//latex-2025//global//graphics/logos/sf-best.png>
Package pdftex.def Info: /Users/dantopa/GitHub//latex-2025//global//graphics/lo
gos/sf-best.png  used on input line 39.
(pdftex.def)             Requested size: 16.20306pt x 16.21828pt.
File: /Users/dantopa/GitHub//latex-2025//global//graphics/logos/hii-01.png Grap
hic file (type png)
<use /Users/dantopa/GitHub//latex-2025//global//graphics/logos/hii-01.png>
Package pdftex.def Info: /Users/dantopa/GitHub//latex-2025//global//graphics/lo
gos/hii-01.png  used on input line 39.
(pdftex.def)             Requested size: 13.59386pt x 14.22636pt.

Overfull \hbox (1.46664pt too wide) has occurred while \output is active
[][][] [][][] 
 []

[106

 </Users/dantopa/GitHub//latex-2025//pres/cwh-textbook//local//graphics//dubiou
s+25.pdf>]
</Users/dantopa/GitHub//latex-2025//pres/cwh-textbook//local//graphics//mat-exp
.pdf, id=4897, 506.89375pt x 265.99374pt>
File: /Users/dantopa/GitHub//latex-2025//pres/cwh-textbook//local//graphics//ma
t-exp.pdf Graphic file (type pdf)
<use /Users/dantopa/GitHub//latex-2025//pres/cwh-textbook//local//graphics//mat
-exp.pdf>
Package pdftex.def Info: /Users/dantopa/GitHub//latex-2025//pres/cwh-textbook//
local//graphics//mat-exp.pdf  used on input line 47.
(pdftex.def)             Requested size: 253.44626pt x 132.99654pt.
File: /Users/dantopa/GitHub//latex-2025//global//graphics/logos/afrl-logo.png G
raphic file (type png)
<use /Users/dantopa/GitHub//latex-2025//global//graphics/logos/afrl-logo.png>
Package pdftex.def Info: /Users/dantopa/GitHub//latex-2025//global//graphics/lo
gos/afrl-logo.png  used on input line 47.
(pdftex.def)             Requested size: 43.77304pt x 14.22636pt.
File: /Users/dantopa/GitHub//latex-2025//global//graphics/logos/af-01.png Graph
ic file (type png)
<use /Users/dantopa/GitHub//latex-2025//global//graphics/logos/af-01.png>
Package pdftex.def Info: /Users/dantopa/GitHub//latex-2025//global//graphics/lo
gos/af-01.png  used on input line 47.
(pdftex.def)             Requested size: 14.84773pt x 13.08846pt.
File: /Users/dantopa/GitHub//latex-2025//global//graphics/logos/sf-best.png Gra
phic file (type png)
<use /Users/dantopa/GitHub//latex-2025//global//graphics/logos/sf-best.png>
Package pdftex.def Info: /Users/dantopa/GitHub//latex-2025//global//graphics/lo
gos/sf-best.png  used on input line 47.
(pdftex.def)             Requested size: 16.20306pt x 16.21828pt.
File: /Users/dantopa/GitHub//latex-2025//global//graphics/logos/hii-01.png Grap
hic file (type png)
<use /Users/dantopa/GitHub//latex-2025//global//graphics/logos/hii-01.png>
Package pdftex.def Info: /Users/dantopa/GitHub//latex-2025//global//graphics/lo
gos/hii-01.png  used on input line 47.
(pdftex.def)             Requested size: 13.59386pt x 14.22636pt.

Overfull \hbox (1.46664pt too wide) has occurred while \output is active
[][][] [][][] 
 []

[107

 </Users/dantopa/GitHub//latex-2025//pres/cwh-textbook//local//graphics//mat-ex
p.pdf>])
(/Users/dantopa/GitHub//latex-2025//pres/cwh-textbook//sections/sssec-from-to.t
ex
 !! CONTENT SETUP !! /Users/dantopa/GitHub//latex-2025//pres/cwh-textbook//sect
ions/"sssec-from-to.tex"
File: /Users/dantopa/GitHub//latex-2025//global//graphics/logos/afrl-logo.png G
raphic file (type png)
<use /Users/dantopa/GitHub//latex-2025//global//graphics/logos/afrl-logo.png>
Package pdftex.def Info: /Users/dantopa/GitHub//latex-2025//global//graphics/lo
gos/afrl-logo.png  used on input line 21.
(pdftex.def)             Requested size: 43.77304pt x 14.22636pt.
File: /Users/dantopa/GitHub//latex-2025//global//graphics/logos/af-01.png Graph
ic file (type png)
<use /Users/dantopa/GitHub//latex-2025//global//graphics/logos/af-01.png>
Package pdftex.def Info: /Users/dantopa/GitHub//latex-2025//global//graphics/lo
gos/af-01.png  used on input line 21.
(pdftex.def)             Requested size: 14.84773pt x 13.08846pt.
File: /Users/dantopa/GitHub//latex-2025//global//graphics/logos/sf-best.png Gra
phic file (type png)
<use /Users/dantopa/GitHub//latex-2025//global//graphics/logos/sf-best.png>
Package pdftex.def Info: /Users/dantopa/GitHub//latex-2025//global//graphics/lo
gos/sf-best.png  used on input line 21.
(pdftex.def)             Requested size: 16.20306pt x 16.21828pt.
File: /Users/dantopa/GitHub//latex-2025//global//graphics/logos/hii-01.png Grap
hic file (type png)
<use /Users/dantopa/GitHub//latex-2025//global//graphics/logos/hii-01.png>
Package pdftex.def Info: /Users/dantopa/GitHub//latex-2025//global//graphics/lo
gos/hii-01.png  used on input line 21.
(pdftex.def)             Requested size: 13.59386pt x 14.22636pt.

Overfull \hbox (1.46664pt too wide) has occurred while \output is active
[][][] [][][] 
 []

[108

]

LaTeX Warning: Reference `eq:two A6' on page 109 undefined on input line 31.


LaTeX Warning: Reference `eq:two A6' on page 109 undefined on input line 31.

File: /Users/dantopa/GitHub//latex-2025//global//graphics/logos/afrl-logo.png G
raphic file (type png)
<use /Users/dantopa/GitHub//latex-2025//global//graphics/logos/afrl-logo.png>
Package pdftex.def Info: /Users/dantopa/GitHub//latex-2025//global//graphics/lo
gos/afrl-logo.png  used on input line 31.
(pdftex.def)             Requested size: 43.77304pt x 14.22636pt.
File: /Users/dantopa/GitHub//latex-2025//global//graphics/logos/af-01.png Graph
ic file (type png)
<use /Users/dantopa/GitHub//latex-2025//global//graphics/logos/af-01.png>
Package pdftex.def Info: /Users/dantopa/GitHub//latex-2025//global//graphics/lo
gos/af-01.png  used on input line 31.
(pdftex.def)             Requested size: 14.84773pt x 13.08846pt.
File: /Users/dantopa/GitHub//latex-2025//global//graphics/logos/sf-best.png Gra
phic file (type png)
<use /Users/dantopa/GitHub//latex-2025//global//graphics/logos/sf-best.png>
Package pdftex.def Info: /Users/dantopa/GitHub//latex-2025//global//graphics/lo
gos/sf-best.png  used on input line 31.
(pdftex.def)             Requested size: 16.20306pt x 16.21828pt.
File: /Users/dantopa/GitHub//latex-2025//global//graphics/logos/hii-01.png Grap
hic file (type png)
<use /Users/dantopa/GitHub//latex-2025//global//graphics/logos/hii-01.png>
Package pdftex.def Info: /Users/dantopa/GitHub//latex-2025//global//graphics/lo
gos/hii-01.png  used on input line 31.
(pdftex.def)             Requested size: 13.59386pt x 14.22636pt.

Overfull \hbox (1.46664pt too wide) has occurred while \output is active
[][][] [][][] 
 []

[109

]

LaTeX Warning: Reference `eq:vector components' on page 110 undefined on input 
line 42.

File: /Users/dantopa/GitHub//latex-2025//global//graphics/logos/afrl-logo.png G
raphic file (type png)
<use /Users/dantopa/GitHub//latex-2025//global//graphics/logos/afrl-logo.png>
Package pdftex.def Info: /Users/dantopa/GitHub//latex-2025//global//graphics/lo
gos/afrl-logo.png  used on input line 42.
(pdftex.def)             Requested size: 43.77304pt x 14.22636pt.
File: /Users/dantopa/GitHub//latex-2025//global//graphics/logos/af-01.png Graph
ic file (type png)
<use /Users/dantopa/GitHub//latex-2025//global//graphics/logos/af-01.png>
Package pdftex.def Info: /Users/dantopa/GitHub//latex-2025//global//graphics/lo
gos/af-01.png  used on input line 42.
(pdftex.def)             Requested size: 14.84773pt x 13.08846pt.
File: /Users/dantopa/GitHub//latex-2025//global//graphics/logos/sf-best.png Gra
phic file (type png)
<use /Users/dantopa/GitHub//latex-2025//global//graphics/logos/sf-best.png>
Package pdftex.def Info: /Users/dantopa/GitHub//latex-2025//global//graphics/lo
gos/sf-best.png  used on input line 42.
(pdftex.def)             Requested size: 16.20306pt x 16.21828pt.
File: /Users/dantopa/GitHub//latex-2025//global//graphics/logos/hii-01.png Grap
hic file (type png)
<use /Users/dantopa/GitHub//latex-2025//global//graphics/logos/hii-01.png>
Package pdftex.def Info: /Users/dantopa/GitHub//latex-2025//global//graphics/lo
gos/hii-01.png  used on input line 42.
(pdftex.def)             Requested size: 13.59386pt x 14.22636pt.

Overfull \hbox (1.46664pt too wide) has occurred while \output is active
[][][] [][][] 
 []

[110

]
File: /Users/dantopa/GitHub//latex-2025//global//graphics/logos/afrl-logo.png G
raphic file (type png)
<use /Users/dantopa/GitHub//latex-2025//global//graphics/logos/afrl-logo.png>
Package pdftex.def Info: /Users/dantopa/GitHub//latex-2025//global//graphics/lo
gos/afrl-logo.png  used on input line 48.
(pdftex.def)             Requested size: 43.77304pt x 14.22636pt.
File: /Users/dantopa/GitHub//latex-2025//global//graphics/logos/af-01.png Graph
ic file (type png)
<use /Users/dantopa/GitHub//latex-2025//global//graphics/logos/af-01.png>
Package pdftex.def Info: /Users/dantopa/GitHub//latex-2025//global//graphics/lo
gos/af-01.png  used on input line 48.
(pdftex.def)             Requested size: 14.84773pt x 13.08846pt.
File: /Users/dantopa/GitHub//latex-2025//global//graphics/logos/sf-best.png Gra
phic file (type png)
<use /Users/dantopa/GitHub//latex-2025//global//graphics/logos/sf-best.png>
Package pdftex.def Info: /Users/dantopa/GitHub//latex-2025//global//graphics/lo
gos/sf-best.png  used on input line 48.
(pdftex.def)             Requested size: 16.20306pt x 16.21828pt.
File: /Users/dantopa/GitHub//latex-2025//global//graphics/logos/hii-01.png Grap
hic file (type png)
<use /Users/dantopa/GitHub//latex-2025//global//graphics/logos/hii-01.png>
Package pdftex.def Info: /Users/dantopa/GitHub//latex-2025//global//graphics/lo
gos/hii-01.png  used on input line 48.
(pdftex.def)             Requested size: 13.59386pt x 14.22636pt.

Overfull \hbox (1.46664pt too wide) has occurred while \output is active
[][][] [][][] 
 []

[111

]
File: /Users/dantopa/GitHub//latex-2025//global//graphics/logos/afrl-logo.png G
raphic file (type png)
<use /Users/dantopa/GitHub//latex-2025//global//graphics/logos/afrl-logo.png>
Package pdftex.def Info: /Users/dantopa/GitHub//latex-2025//global//graphics/lo
gos/afrl-logo.png  used on input line 61.
(pdftex.def)             Requested size: 43.77304pt x 14.22636pt.
File: /Users/dantopa/GitHub//latex-2025//global//graphics/logos/af-01.png Graph
ic file (type png)
<use /Users/dantopa/GitHub//latex-2025//global//graphics/logos/af-01.png>
Package pdftex.def Info: /Users/dantopa/GitHub//latex-2025//global//graphics/lo
gos/af-01.png  used on input line 61.
(pdftex.def)             Requested size: 14.84773pt x 13.08846pt.
File: /Users/dantopa/GitHub//latex-2025//global//graphics/logos/sf-best.png Gra
phic file (type png)
<use /Users/dantopa/GitHub//latex-2025//global//graphics/logos/sf-best.png>
Package pdftex.def Info: /Users/dantopa/GitHub//latex-2025//global//graphics/lo
gos/sf-best.png  used on input line 61.
(pdftex.def)             Requested size: 16.20306pt x 16.21828pt.
File: /Users/dantopa/GitHub//latex-2025//global//graphics/logos/hii-01.png Grap
hic file (type png)
<use /Users/dantopa/GitHub//latex-2025//global//graphics/logos/hii-01.png>
Package pdftex.def Info: /Users/dantopa/GitHub//latex-2025//global//graphics/lo
gos/hii-01.png  used on input line 61.
(pdftex.def)             Requested size: 13.59386pt x 14.22636pt.

Overfull \hbox (1.46664pt too wide) has occurred while \output is active
[][][] [][][] 
 []

[112

]
LaTeX Font Info:    Font shape `T1/lmss/b/n' in size <9> not available
(Font)              Font shape `T1/lmss/bx/n' tried instead on input line 98.
File: /Users/dantopa/GitHub//latex-2025//global//graphics/logos/afrl-logo.png G
raphic file (type png)
<use /Users/dantopa/GitHub//latex-2025//global//graphics/logos/afrl-logo.png>
Package pdftex.def Info: /Users/dantopa/GitHub//latex-2025//global//graphics/lo
gos/afrl-logo.png  used on input line 98.
(pdftex.def)             Requested size: 43.77304pt x 14.22636pt.
File: /Users/dantopa/GitHub//latex-2025//global//graphics/logos/af-01.png Graph
ic file (type png)
<use /Users/dantopa/GitHub//latex-2025//global//graphics/logos/af-01.png>
Package pdftex.def Info: /Users/dantopa/GitHub//latex-2025//global//graphics/lo
gos/af-01.png  used on input line 98.
(pdftex.def)             Requested size: 14.84773pt x 13.08846pt.
File: /Users/dantopa/GitHub//latex-2025//global//graphics/logos/sf-best.png Gra
phic file (type png)
<use /Users/dantopa/GitHub//latex-2025//global//graphics/logos/sf-best.png>
Package pdftex.def Info: /Users/dantopa/GitHub//latex-2025//global//graphics/lo
gos/sf-best.png  used on input line 98.
(pdftex.def)             Requested size: 16.20306pt x 16.21828pt.
File: /Users/dantopa/GitHub//latex-2025//global//graphics/logos/hii-01.png Grap
hic file (type png)
<use /Users/dantopa/GitHub//latex-2025//global//graphics/logos/hii-01.png>
Package pdftex.def Info: /Users/dantopa/GitHub//latex-2025//global//graphics/lo
gos/hii-01.png  used on input line 98.
(pdftex.def)             Requested size: 13.59386pt x 14.22636pt.

Overfull \hbox (1.46664pt too wide) has occurred while \output is active
[][][] [][][] 
 []

[113

]
File: /Users/dantopa/GitHub//latex-2025//global//graphics/logos/afrl-logo.png G
raphic file (type png)
<use /Users/dantopa/GitHub//latex-2025//global//graphics/logos/afrl-logo.png>
Package pdftex.def Info: /Users/dantopa/GitHub//latex-2025//global//graphics/lo
gos/afrl-logo.png  used on input line 106.
(pdftex.def)             Requested size: 43.77304pt x 14.22636pt.
File: /Users/dantopa/GitHub//latex-2025//global//graphics/logos/af-01.png Graph
ic file (type png)
<use /Users/dantopa/GitHub//latex-2025//global//graphics/logos/af-01.png>
Package pdftex.def Info: /Users/dantopa/GitHub//latex-2025//global//graphics/lo
gos/af-01.png  used on input line 106.
(pdftex.def)             Requested size: 14.84773pt x 13.08846pt.
File: /Users/dantopa/GitHub//latex-2025//global//graphics/logos/sf-best.png Gra
phic file (type png)
<use /Users/dantopa/GitHub//latex-2025//global//graphics/logos/sf-best.png>
Package pdftex.def Info: /Users/dantopa/GitHub//latex-2025//global//graphics/lo
gos/sf-best.png  used on input line 106.
(pdftex.def)             Requested size: 16.20306pt x 16.21828pt.
File: /Users/dantopa/GitHub//latex-2025//global//graphics/logos/hii-01.png Grap
hic file (type png)
<use /Users/dantopa/GitHub//latex-2025//global//graphics/logos/hii-01.png>
Package pdftex.def Info: /Users/dantopa/GitHub//latex-2025//global//graphics/lo
gos/hii-01.png  used on input line 106.
(pdftex.def)             Requested size: 13.59386pt x 14.22636pt.

Overfull \hbox (1.46664pt too wide) has occurred while \output is active
[][][] [][][] 
 []

[114

]
File: /Users/dantopa/GitHub//latex-2025//global//graphics/logos/afrl-logo.png G
raphic file (type png)
<use /Users/dantopa/GitHub//latex-2025//global//graphics/logos/afrl-logo.png>
Package pdftex.def Info: /Users/dantopa/GitHub//latex-2025//global//graphics/lo
gos/afrl-logo.png  used on input line 122.
(pdftex.def)             Requested size: 43.77304pt x 14.22636pt.
File: /Users/dantopa/GitHub//latex-2025//global//graphics/logos/af-01.png Graph
ic file (type png)
<use /Users/dantopa/GitHub//latex-2025//global//graphics/logos/af-01.png>
Package pdftex.def Info: /Users/dantopa/GitHub//latex-2025//global//graphics/lo
gos/af-01.png  used on input line 122.
(pdftex.def)             Requested size: 14.84773pt x 13.08846pt.
File: /Users/dantopa/GitHub//latex-2025//global//graphics/logos/sf-best.png Gra
phic file (type png)
<use /Users/dantopa/GitHub//latex-2025//global//graphics/logos/sf-best.png>
Package pdftex.def Info: /Users/dantopa/GitHub//latex-2025//global//graphics/lo
gos/sf-best.png  used on input line 122.
(pdftex.def)             Requested size: 16.20306pt x 16.21828pt.
File: /Users/dantopa/GitHub//latex-2025//global//graphics/logos/hii-01.png Grap
hic file (type png)
<use /Users/dantopa/GitHub//latex-2025//global//graphics/logos/hii-01.png>
Package pdftex.def Info: /Users/dantopa/GitHub//latex-2025//global//graphics/lo
gos/hii-01.png  used on input line 122.
(pdftex.def)             Requested size: 13.59386pt x 14.22636pt.

Overfull \hbox (1.46664pt too wide) has occurred while \output is active
[][][] [][][] 
 []

[115

]pdfTeX warning (ext4): destination with the same identifier (name{eq:character
istic}) has been already used, duplicate ignored
<to be read again> 
                   \relax 
l.136 \end{frame}
                 
File: /Users/dantopa/GitHub//latex-2025//global//graphics/logos/afrl-logo.png G
raphic file (type png)
<use /Users/dantopa/GitHub//latex-2025//global//graphics/logos/afrl-logo.png>
Package pdftex.def Info: /Users/dantopa/GitHub//latex-2025//global//graphics/lo
gos/afrl-logo.png  used on input line 136.
(pdftex.def)             Requested size: 43.77304pt x 14.22636pt.
File: /Users/dantopa/GitHub//latex-2025//global//graphics/logos/af-01.png Graph
ic file (type png)
<use /Users/dantopa/GitHub//latex-2025//global//graphics/logos/af-01.png>
Package pdftex.def Info: /Users/dantopa/GitHub//latex-2025//global//graphics/lo
gos/af-01.png  used on input line 136.
(pdftex.def)             Requested size: 14.84773pt x 13.08846pt.
File: /Users/dantopa/GitHub//latex-2025//global//graphics/logos/sf-best.png Gra
phic file (type png)
<use /Users/dantopa/GitHub//latex-2025//global//graphics/logos/sf-best.png>
Package pdftex.def Info: /Users/dantopa/GitHub//latex-2025//global//graphics/lo
gos/sf-best.png  used on input line 136.
(pdftex.def)             Requested size: 16.20306pt x 16.21828pt.
File: /Users/dantopa/GitHub//latex-2025//global//graphics/logos/hii-01.png Grap
hic file (type png)
<use /Users/dantopa/GitHub//latex-2025//global//graphics/logos/hii-01.png>
Package pdftex.def Info: /Users/dantopa/GitHub//latex-2025//global//graphics/lo
gos/hii-01.png  used on input line 136.
(pdftex.def)             Requested size: 13.59386pt x 14.22636pt.

Overfull \hbox (1.46664pt too wide) has occurred while \output is active
[][][] [][][] 
 []

[116

]
File: /Users/dantopa/GitHub//latex-2025//global//graphics/logos/afrl-logo.png G
raphic file (type png)
<use /Users/dantopa/GitHub//latex-2025//global//graphics/logos/afrl-logo.png>
Package pdftex.def Info: /Users/dantopa/GitHub//latex-2025//global//graphics/lo
gos/afrl-logo.png  used on input line 163.
(pdftex.def)             Requested size: 43.77304pt x 14.22636pt.
File: /Users/dantopa/GitHub//latex-2025//global//graphics/logos/af-01.png Graph
ic file (type png)
<use /Users/dantopa/GitHub//latex-2025//global//graphics/logos/af-01.png>
Package pdftex.def Info: /Users/dantopa/GitHub//latex-2025//global//graphics/lo
gos/af-01.png  used on input line 163.
(pdftex.def)             Requested size: 14.84773pt x 13.08846pt.
File: /Users/dantopa/GitHub//latex-2025//global//graphics/logos/sf-best.png Gra
phic file (type png)
<use /Users/dantopa/GitHub//latex-2025//global//graphics/logos/sf-best.png>
Package pdftex.def Info: /Users/dantopa/GitHub//latex-2025//global//graphics/lo
gos/sf-best.png  used on input line 163.
(pdftex.def)             Requested size: 16.20306pt x 16.21828pt.
File: /Users/dantopa/GitHub//latex-2025//global//graphics/logos/hii-01.png Grap
hic file (type png)
<use /Users/dantopa/GitHub//latex-2025//global//graphics/logos/hii-01.png>
Package pdftex.def Info: /Users/dantopa/GitHub//latex-2025//global//graphics/lo
gos/hii-01.png  used on input line 163.
(pdftex.def)             Requested size: 13.59386pt x 14.22636pt.

Overfull \hbox (1.46664pt too wide) has occurred while \output is active
[][][] [][][] 
 []

[117

]
File: /Users/dantopa/GitHub//latex-2025//global//graphics/logos/afrl-logo.png G
raphic file (type png)
<use /Users/dantopa/GitHub//latex-2025//global//graphics/logos/afrl-logo.png>
Package pdftex.def Info: /Users/dantopa/GitHub//latex-2025//global//graphics/lo
gos/afrl-logo.png  used on input line 183.
(pdftex.def)             Requested size: 43.77304pt x 14.22636pt.
File: /Users/dantopa/GitHub//latex-2025//global//graphics/logos/af-01.png Graph
ic file (type png)
<use /Users/dantopa/GitHub//latex-2025//global//graphics/logos/af-01.png>
Package pdftex.def Info: /Users/dantopa/GitHub//latex-2025//global//graphics/lo
gos/af-01.png  used on input line 183.
(pdftex.def)             Requested size: 14.84773pt x 13.08846pt.
File: /Users/dantopa/GitHub//latex-2025//global//graphics/logos/sf-best.png Gra
phic file (type png)
<use /Users/dantopa/GitHub//latex-2025//global//graphics/logos/sf-best.png>
Package pdftex.def Info: /Users/dantopa/GitHub//latex-2025//global//graphics/lo
gos/sf-best.png  used on input line 183.
(pdftex.def)             Requested size: 16.20306pt x 16.21828pt.
File: /Users/dantopa/GitHub//latex-2025//global//graphics/logos/hii-01.png Grap
hic file (type png)
<use /Users/dantopa/GitHub//latex-2025//global//graphics/logos/hii-01.png>
Package pdftex.def Info: /Users/dantopa/GitHub//latex-2025//global//graphics/lo
gos/hii-01.png  used on input line 183.
(pdftex.def)             Requested size: 13.59386pt x 14.22636pt.

Overfull \hbox (1.46664pt too wide) has occurred while \output is active
[][][] [][][] 
 []

[118

]
File: /Users/dantopa/GitHub//latex-2025//global//graphics/logos/afrl-logo.png G
raphic file (type png)
<use /Users/dantopa/GitHub//latex-2025//global//graphics/logos/afrl-logo.png>
Package pdftex.def Info: /Users/dantopa/GitHub//latex-2025//global//graphics/lo
gos/afrl-logo.png  used on input line 197.
(pdftex.def)             Requested size: 43.77304pt x 14.22636pt.
File: /Users/dantopa/GitHub//latex-2025//global//graphics/logos/af-01.png Graph
ic file (type png)
<use /Users/dantopa/GitHub//latex-2025//global//graphics/logos/af-01.png>
Package pdftex.def Info: /Users/dantopa/GitHub//latex-2025//global//graphics/lo
gos/af-01.png  used on input line 197.
(pdftex.def)             Requested size: 14.84773pt x 13.08846pt.
File: /Users/dantopa/GitHub//latex-2025//global//graphics/logos/sf-best.png Gra
phic file (type png)
<use /Users/dantopa/GitHub//latex-2025//global//graphics/logos/sf-best.png>
Package pdftex.def Info: /Users/dantopa/GitHub//latex-2025//global//graphics/lo
gos/sf-best.png  used on input line 197.
(pdftex.def)             Requested size: 16.20306pt x 16.21828pt.
File: /Users/dantopa/GitHub//latex-2025//global//graphics/logos/hii-01.png Grap
hic file (type png)
<use /Users/dantopa/GitHub//latex-2025//global//graphics/logos/hii-01.png>
Package pdftex.def Info: /Users/dantopa/GitHub//latex-2025//global//graphics/lo
gos/hii-01.png  used on input line 197.
(pdftex.def)             Requested size: 13.59386pt x 14.22636pt.

Overfull \hbox (1.46664pt too wide) has occurred while \output is active
[][][] [][][] 
 []

[119

]
File: /Users/dantopa/GitHub//latex-2025//global//graphics/logos/afrl-logo.png G
raphic file (type png)
<use /Users/dantopa/GitHub//latex-2025//global//graphics/logos/afrl-logo.png>
Package pdftex.def Info: /Users/dantopa/GitHub//latex-2025//global//graphics/lo
gos/afrl-logo.png  used on input line 197.
(pdftex.def)             Requested size: 43.77304pt x 14.22636pt.
File: /Users/dantopa/GitHub//latex-2025//global//graphics/logos/af-01.png Graph
ic file (type png)
<use /Users/dantopa/GitHub//latex-2025//global//graphics/logos/af-01.png>
Package pdftex.def Info: /Users/dantopa/GitHub//latex-2025//global//graphics/lo
gos/af-01.png  used on input line 197.
(pdftex.def)             Requested size: 14.84773pt x 13.08846pt.
File: /Users/dantopa/GitHub//latex-2025//global//graphics/logos/sf-best.png Gra
phic file (type png)
<use /Users/dantopa/GitHub//latex-2025//global//graphics/logos/sf-best.png>
Package pdftex.def Info: /Users/dantopa/GitHub//latex-2025//global//graphics/lo
gos/sf-best.png  used on input line 197.
(pdftex.def)             Requested size: 16.20306pt x 16.21828pt.
File: /Users/dantopa/GitHub//latex-2025//global//graphics/logos/hii-01.png Grap
hic file (type png)
<use /Users/dantopa/GitHub//latex-2025//global//graphics/logos/hii-01.png>
Package pdftex.def Info: /Users/dantopa/GitHub//latex-2025//global//graphics/lo
gos/hii-01.png  used on input line 197.
(pdftex.def)             Requested size: 13.59386pt x 14.22636pt.

Overfull \hbox (1.46664pt too wide) has occurred while \output is active
[][][] [][][] 
 []

[120

]
File: /Users/dantopa/GitHub//latex-2025//global//graphics/logos/afrl-logo.png G
raphic file (type png)
<use /Users/dantopa/GitHub//latex-2025//global//graphics/logos/afrl-logo.png>
Package pdftex.def Info: /Users/dantopa/GitHub//latex-2025//global//graphics/lo
gos/afrl-logo.png  used on input line 204.
(pdftex.def)             Requested size: 43.77304pt x 14.22636pt.
File: /Users/dantopa/GitHub//latex-2025//global//graphics/logos/af-01.png Graph
ic file (type png)
<use /Users/dantopa/GitHub//latex-2025//global//graphics/logos/af-01.png>
Package pdftex.def Info: /Users/dantopa/GitHub//latex-2025//global//graphics/lo
gos/af-01.png  used on input line 204.
(pdftex.def)             Requested size: 14.84773pt x 13.08846pt.
File: /Users/dantopa/GitHub//latex-2025//global//graphics/logos/sf-best.png Gra
phic file (type png)
<use /Users/dantopa/GitHub//latex-2025//global//graphics/logos/sf-best.png>
Package pdftex.def Info: /Users/dantopa/GitHub//latex-2025//global//graphics/lo
gos/sf-best.png  used on input line 204.
(pdftex.def)             Requested size: 16.20306pt x 16.21828pt.
File: /Users/dantopa/GitHub//latex-2025//global//graphics/logos/hii-01.png Grap
hic file (type png)
<use /Users/dantopa/GitHub//latex-2025//global//graphics/logos/hii-01.png>
Package pdftex.def Info: /Users/dantopa/GitHub//latex-2025//global//graphics/lo
gos/hii-01.png  used on input line 204.
(pdftex.def)             Requested size: 13.59386pt x 14.22636pt.

Overfull \hbox (1.46664pt too wide) has occurred while \output is active
[][][] [][][] 
 []

[121

]
File: /Users/dantopa/GitHub//latex-2025//global//graphics/logos/afrl-logo.png G
raphic file (type png)
<use /Users/dantopa/GitHub//latex-2025//global//graphics/logos/afrl-logo.png>
Package pdftex.def Info: /Users/dantopa/GitHub//latex-2025//global//graphics/lo
gos/afrl-logo.png  used on input line 212.
(pdftex.def)             Requested size: 43.77304pt x 14.22636pt.
File: /Users/dantopa/GitHub//latex-2025//global//graphics/logos/af-01.png Graph
ic file (type png)
<use /Users/dantopa/GitHub//latex-2025//global//graphics/logos/af-01.png>
Package pdftex.def Info: /Users/dantopa/GitHub//latex-2025//global//graphics/lo
gos/af-01.png  used on input line 212.
(pdftex.def)             Requested size: 14.84773pt x 13.08846pt.
File: /Users/dantopa/GitHub//latex-2025//global//graphics/logos/sf-best.png Gra
phic file (type png)
<use /Users/dantopa/GitHub//latex-2025//global//graphics/logos/sf-best.png>
Package pdftex.def Info: /Users/dantopa/GitHub//latex-2025//global//graphics/lo
gos/sf-best.png  used on input line 212.
(pdftex.def)             Requested size: 16.20306pt x 16.21828pt.
File: /Users/dantopa/GitHub//latex-2025//global//graphics/logos/hii-01.png Grap
hic file (type png)
<use /Users/dantopa/GitHub//latex-2025//global//graphics/logos/hii-01.png>
Package pdftex.def Info: /Users/dantopa/GitHub//latex-2025//global//graphics/lo
gos/hii-01.png  used on input line 212.
(pdftex.def)             Requested size: 13.59386pt x 14.22636pt.

Overfull \hbox (1.46664pt too wide) has occurred while \output is active
[][][] [][][] 
 []

[122

]
File: /Users/dantopa/GitHub//latex-2025//global//graphics/logos/afrl-logo.png G
raphic file (type png)
<use /Users/dantopa/GitHub//latex-2025//global//graphics/logos/afrl-logo.png>
Package pdftex.def Info: /Users/dantopa/GitHub//latex-2025//global//graphics/lo
gos/afrl-logo.png  used on input line 227.
(pdftex.def)             Requested size: 43.77304pt x 14.22636pt.
File: /Users/dantopa/GitHub//latex-2025//global//graphics/logos/af-01.png Graph
ic file (type png)
<use /Users/dantopa/GitHub//latex-2025//global//graphics/logos/af-01.png>
Package pdftex.def Info: /Users/dantopa/GitHub//latex-2025//global//graphics/lo
gos/af-01.png  used on input line 227.
(pdftex.def)             Requested size: 14.84773pt x 13.08846pt.
File: /Users/dantopa/GitHub//latex-2025//global//graphics/logos/sf-best.png Gra
phic file (type png)
<use /Users/dantopa/GitHub//latex-2025//global//graphics/logos/sf-best.png>
Package pdftex.def Info: /Users/dantopa/GitHub//latex-2025//global//graphics/lo
gos/sf-best.png  used on input line 227.
(pdftex.def)             Requested size: 16.20306pt x 16.21828pt.
File: /Users/dantopa/GitHub//latex-2025//global//graphics/logos/hii-01.png Grap
hic file (type png)
<use /Users/dantopa/GitHub//latex-2025//global//graphics/logos/hii-01.png>
Package pdftex.def Info: /Users/dantopa/GitHub//latex-2025//global//graphics/lo
gos/hii-01.png  used on input line 227.
(pdftex.def)             Requested size: 13.59386pt x 14.22636pt.

Overfull \hbox (1.46664pt too wide) has occurred while \output is active
[][][] [][][] 
 []

[123

]
File: /Users/dantopa/GitHub//latex-2025//global//graphics/logos/afrl-logo.png G
raphic file (type png)
<use /Users/dantopa/GitHub//latex-2025//global//graphics/logos/afrl-logo.png>
Package pdftex.def Info: /Users/dantopa/GitHub//latex-2025//global//graphics/lo
gos/afrl-logo.png  used on input line 236.
(pdftex.def)             Requested size: 43.77304pt x 14.22636pt.
File: /Users/dantopa/GitHub//latex-2025//global//graphics/logos/af-01.png Graph
ic file (type png)
<use /Users/dantopa/GitHub//latex-2025//global//graphics/logos/af-01.png>
Package pdftex.def Info: /Users/dantopa/GitHub//latex-2025//global//graphics/lo
gos/af-01.png  used on input line 236.
(pdftex.def)             Requested size: 14.84773pt x 13.08846pt.
File: /Users/dantopa/GitHub//latex-2025//global//graphics/logos/sf-best.png Gra
phic file (type png)
<use /Users/dantopa/GitHub//latex-2025//global//graphics/logos/sf-best.png>
Package pdftex.def Info: /Users/dantopa/GitHub//latex-2025//global//graphics/lo
gos/sf-best.png  used on input line 236.
(pdftex.def)             Requested size: 16.20306pt x 16.21828pt.
File: /Users/dantopa/GitHub//latex-2025//global//graphics/logos/hii-01.png Grap
hic file (type png)
<use /Users/dantopa/GitHub//latex-2025//global//graphics/logos/hii-01.png>
Package pdftex.def Info: /Users/dantopa/GitHub//latex-2025//global//graphics/lo
gos/hii-01.png  used on input line 236.
(pdftex.def)             Requested size: 13.59386pt x 14.22636pt.

Overfull \hbox (1.46664pt too wide) has occurred while \output is active
[][][] [][][] 
 []

[124

]
File: /Users/dantopa/GitHub//latex-2025//global//graphics/logos/afrl-logo.png G
raphic file (type png)
<use /Users/dantopa/GitHub//latex-2025//global//graphics/logos/afrl-logo.png>
Package pdftex.def Info: /Users/dantopa/GitHub//latex-2025//global//graphics/lo
gos/afrl-logo.png  used on input line 246.
(pdftex.def)             Requested size: 43.77304pt x 14.22636pt.
File: /Users/dantopa/GitHub//latex-2025//global//graphics/logos/af-01.png Graph
ic file (type png)
<use /Users/dantopa/GitHub//latex-2025//global//graphics/logos/af-01.png>
Package pdftex.def Info: /Users/dantopa/GitHub//latex-2025//global//graphics/lo
gos/af-01.png  used on input line 246.
(pdftex.def)             Requested size: 14.84773pt x 13.08846pt.
File: /Users/dantopa/GitHub//latex-2025//global//graphics/logos/sf-best.png Gra
phic file (type png)
<use /Users/dantopa/GitHub//latex-2025//global//graphics/logos/sf-best.png>
Package pdftex.def Info: /Users/dantopa/GitHub//latex-2025//global//graphics/lo
gos/sf-best.png  used on input line 246.
(pdftex.def)             Requested size: 16.20306pt x 16.21828pt.
File: /Users/dantopa/GitHub//latex-2025//global//graphics/logos/hii-01.png Grap
hic file (type png)
<use /Users/dantopa/GitHub//latex-2025//global//graphics/logos/hii-01.png>
Package pdftex.def Info: /Users/dantopa/GitHub//latex-2025//global//graphics/lo
gos/hii-01.png  used on input line 246.
(pdftex.def)             Requested size: 13.59386pt x 14.22636pt.

Overfull \hbox (1.46664pt too wide) has occurred while \output is active
[][][] [][][] 
 []

[125

]
File: /Users/dantopa/GitHub//latex-2025//global//graphics/logos/afrl-logo.png G
raphic file (type png)
<use /Users/dantopa/GitHub//latex-2025//global//graphics/logos/afrl-logo.png>
Package pdftex.def Info: /Users/dantopa/GitHub//latex-2025//global//graphics/lo
gos/afrl-logo.png  used on input line 255.
(pdftex.def)             Requested size: 43.77304pt x 14.22636pt.
File: /Users/dantopa/GitHub//latex-2025//global//graphics/logos/af-01.png Graph
ic file (type png)
<use /Users/dantopa/GitHub//latex-2025//global//graphics/logos/af-01.png>
Package pdftex.def Info: /Users/dantopa/GitHub//latex-2025//global//graphics/lo
gos/af-01.png  used on input line 255.
(pdftex.def)             Requested size: 14.84773pt x 13.08846pt.
File: /Users/dantopa/GitHub//latex-2025//global//graphics/logos/sf-best.png Gra
phic file (type png)
<use /Users/dantopa/GitHub//latex-2025//global//graphics/logos/sf-best.png>
Package pdftex.def Info: /Users/dantopa/GitHub//latex-2025//global//graphics/lo
gos/sf-best.png  used on input line 255.
(pdftex.def)             Requested size: 16.20306pt x 16.21828pt.
File: /Users/dantopa/GitHub//latex-2025//global//graphics/logos/hii-01.png Grap
hic file (type png)
<use /Users/dantopa/GitHub//latex-2025//global//graphics/logos/hii-01.png>
Package pdftex.def Info: /Users/dantopa/GitHub//latex-2025//global//graphics/lo
gos/hii-01.png  used on input line 255.
(pdftex.def)             Requested size: 13.59386pt x 14.22636pt.

Overfull \hbox (1.46664pt too wide) has occurred while \output is active
[][][] [][][] 
 []

[126

]
File: /Users/dantopa/GitHub//latex-2025//global//graphics/logos/afrl-logo.png G
raphic file (type png)
<use /Users/dantopa/GitHub//latex-2025//global//graphics/logos/afrl-logo.png>
Package pdftex.def Info: /Users/dantopa/GitHub//latex-2025//global//graphics/lo
gos/afrl-logo.png  used on input line 265.
(pdftex.def)             Requested size: 43.77304pt x 14.22636pt.
File: /Users/dantopa/GitHub//latex-2025//global//graphics/logos/af-01.png Graph
ic file (type png)
<use /Users/dantopa/GitHub//latex-2025//global//graphics/logos/af-01.png>
Package pdftex.def Info: /Users/dantopa/GitHub//latex-2025//global//graphics/lo
gos/af-01.png  used on input line 265.
(pdftex.def)             Requested size: 14.84773pt x 13.08846pt.
File: /Users/dantopa/GitHub//latex-2025//global//graphics/logos/sf-best.png Gra
phic file (type png)
<use /Users/dantopa/GitHub//latex-2025//global//graphics/logos/sf-best.png>
Package pdftex.def Info: /Users/dantopa/GitHub//latex-2025//global//graphics/lo
gos/sf-best.png  used on input line 265.
(pdftex.def)             Requested size: 16.20306pt x 16.21828pt.
File: /Users/dantopa/GitHub//latex-2025//global//graphics/logos/hii-01.png Grap
hic file (type png)
<use /Users/dantopa/GitHub//latex-2025//global//graphics/logos/hii-01.png>
Package pdftex.def Info: /Users/dantopa/GitHub//latex-2025//global//graphics/lo
gos/hii-01.png  used on input line 265.
(pdftex.def)             Requested size: 13.59386pt x 14.22636pt.

Overfull \hbox (1.46664pt too wide) has occurred while \output is active
[][][] [][][] 
 []

[127

]
File: /Users/dantopa/GitHub//latex-2025//global//graphics/logos/afrl-logo.png G
raphic file (type png)
<use /Users/dantopa/GitHub//latex-2025//global//graphics/logos/afrl-logo.png>
Package pdftex.def Info: /Users/dantopa/GitHub//latex-2025//global//graphics/lo
gos/afrl-logo.png  used on input line 283.
(pdftex.def)             Requested size: 43.77304pt x 14.22636pt.
File: /Users/dantopa/GitHub//latex-2025//global//graphics/logos/af-01.png Graph
ic file (type png)
<use /Users/dantopa/GitHub//latex-2025//global//graphics/logos/af-01.png>
Package pdftex.def Info: /Users/dantopa/GitHub//latex-2025//global//graphics/lo
gos/af-01.png  used on input line 283.
(pdftex.def)             Requested size: 14.84773pt x 13.08846pt.
File: /Users/dantopa/GitHub//latex-2025//global//graphics/logos/sf-best.png Gra
phic file (type png)
<use /Users/dantopa/GitHub//latex-2025//global//graphics/logos/sf-best.png>
Package pdftex.def Info: /Users/dantopa/GitHub//latex-2025//global//graphics/lo
gos/sf-best.png  used on input line 283.
(pdftex.def)             Requested size: 16.20306pt x 16.21828pt.
File: /Users/dantopa/GitHub//latex-2025//global//graphics/logos/hii-01.png Grap
hic file (type png)
<use /Users/dantopa/GitHub//latex-2025//global//graphics/logos/hii-01.png>
Package pdftex.def Info: /Users/dantopa/GitHub//latex-2025//global//graphics/lo
gos/hii-01.png  used on input line 283.
(pdftex.def)             Requested size: 13.59386pt x 14.22636pt.

Overfull \hbox (1.46664pt too wide) has occurred while \output is active
[][][] [][][] 
 []

[128

]
File: /Users/dantopa/GitHub//latex-2025//global//graphics/logos/afrl-logo.png G
raphic file (type png)
<use /Users/dantopa/GitHub//latex-2025//global//graphics/logos/afrl-logo.png>
Package pdftex.def Info: /Users/dantopa/GitHub//latex-2025//global//graphics/lo
gos/afrl-logo.png  used on input line 292.
(pdftex.def)             Requested size: 43.77304pt x 14.22636pt.
File: /Users/dantopa/GitHub//latex-2025//global//graphics/logos/af-01.png Graph
ic file (type png)
<use /Users/dantopa/GitHub//latex-2025//global//graphics/logos/af-01.png>
Package pdftex.def Info: /Users/dantopa/GitHub//latex-2025//global//graphics/lo
gos/af-01.png  used on input line 292.
(pdftex.def)             Requested size: 14.84773pt x 13.08846pt.
File: /Users/dantopa/GitHub//latex-2025//global//graphics/logos/sf-best.png Gra
phic file (type png)
<use /Users/dantopa/GitHub//latex-2025//global//graphics/logos/sf-best.png>
Package pdftex.def Info: /Users/dantopa/GitHub//latex-2025//global//graphics/lo
gos/sf-best.png  used on input line 292.
(pdftex.def)             Requested size: 16.20306pt x 16.21828pt.
File: /Users/dantopa/GitHub//latex-2025//global//graphics/logos/hii-01.png Grap
hic file (type png)
<use /Users/dantopa/GitHub//latex-2025//global//graphics/logos/hii-01.png>
Package pdftex.def Info: /Users/dantopa/GitHub//latex-2025//global//graphics/lo
gos/hii-01.png  used on input line 292.
(pdftex.def)             Requested size: 13.59386pt x 14.22636pt.

Overfull \hbox (1.46664pt too wide) has occurred while \output is active
[][][] [][][] 
 []

[129

]
File: /Users/dantopa/GitHub//latex-2025//global//graphics/logos/afrl-logo.png G
raphic file (type png)
<use /Users/dantopa/GitHub//latex-2025//global//graphics/logos/afrl-logo.png>
Package pdftex.def Info: /Users/dantopa/GitHub//latex-2025//global//graphics/lo
gos/afrl-logo.png  used on input line 298.
(pdftex.def)             Requested size: 43.77304pt x 14.22636pt.
File: /Users/dantopa/GitHub//latex-2025//global//graphics/logos/af-01.png Graph
ic file (type png)
<use /Users/dantopa/GitHub//latex-2025//global//graphics/logos/af-01.png>
Package pdftex.def Info: /Users/dantopa/GitHub//latex-2025//global//graphics/lo
gos/af-01.png  used on input line 298.
(pdftex.def)             Requested size: 14.84773pt x 13.08846pt.
File: /Users/dantopa/GitHub//latex-2025//global//graphics/logos/sf-best.png Gra
phic file (type png)
<use /Users/dantopa/GitHub//latex-2025//global//graphics/logos/sf-best.png>
Package pdftex.def Info: /Users/dantopa/GitHub//latex-2025//global//graphics/lo
gos/sf-best.png  used on input line 298.
(pdftex.def)             Requested size: 16.20306pt x 16.21828pt.
File: /Users/dantopa/GitHub//latex-2025//global//graphics/logos/hii-01.png Grap
hic file (type png)
<use /Users/dantopa/GitHub//latex-2025//global//graphics/logos/hii-01.png>
Package pdftex.def Info: /Users/dantopa/GitHub//latex-2025//global//graphics/lo
gos/hii-01.png  used on input line 298.
(pdftex.def)             Requested size: 13.59386pt x 14.22636pt.

Overfull \hbox (1.46664pt too wide) has occurred while \output is active
[][][] [][][] 
 []

[130

]
File: /Users/dantopa/GitHub//latex-2025//global//graphics/logos/afrl-logo.png G
raphic file (type png)
<use /Users/dantopa/GitHub//latex-2025//global//graphics/logos/afrl-logo.png>
Package pdftex.def Info: /Users/dantopa/GitHub//latex-2025//global//graphics/lo
gos/afrl-logo.png  used on input line 309.
(pdftex.def)             Requested size: 43.77304pt x 14.22636pt.
File: /Users/dantopa/GitHub//latex-2025//global//graphics/logos/af-01.png Graph
ic file (type png)
<use /Users/dantopa/GitHub//latex-2025//global//graphics/logos/af-01.png>
Package pdftex.def Info: /Users/dantopa/GitHub//latex-2025//global//graphics/lo
gos/af-01.png  used on input line 309.
(pdftex.def)             Requested size: 14.84773pt x 13.08846pt.
File: /Users/dantopa/GitHub//latex-2025//global//graphics/logos/sf-best.png Gra
phic file (type png)
<use /Users/dantopa/GitHub//latex-2025//global//graphics/logos/sf-best.png>
Package pdftex.def Info: /Users/dantopa/GitHub//latex-2025//global//graphics/lo
gos/sf-best.png  used on input line 309.
(pdftex.def)             Requested size: 16.20306pt x 16.21828pt.
File: /Users/dantopa/GitHub//latex-2025//global//graphics/logos/hii-01.png Grap
hic file (type png)
<use /Users/dantopa/GitHub//latex-2025//global//graphics/logos/hii-01.png>
Package pdftex.def Info: /Users/dantopa/GitHub//latex-2025//global//graphics/lo
gos/hii-01.png  used on input line 309.
(pdftex.def)             Requested size: 13.59386pt x 14.22636pt.

Overfull \hbox (1.46664pt too wide) has occurred while \output is active
[][][] [][][] 
 []

[131

]
File: /Users/dantopa/GitHub//latex-2025//global//graphics/logos/afrl-logo.png G
raphic file (type png)
<use /Users/dantopa/GitHub//latex-2025//global//graphics/logos/afrl-logo.png>
Package pdftex.def Info: /Users/dantopa/GitHub//latex-2025//global//graphics/lo
gos/afrl-logo.png  used on input line 319.
(pdftex.def)             Requested size: 43.77304pt x 14.22636pt.
File: /Users/dantopa/GitHub//latex-2025//global//graphics/logos/af-01.png Graph
ic file (type png)
<use /Users/dantopa/GitHub//latex-2025//global//graphics/logos/af-01.png>
Package pdftex.def Info: /Users/dantopa/GitHub//latex-2025//global//graphics/lo
gos/af-01.png  used on input line 319.
(pdftex.def)             Requested size: 14.84773pt x 13.08846pt.
File: /Users/dantopa/GitHub//latex-2025//global//graphics/logos/sf-best.png Gra
phic file (type png)
<use /Users/dantopa/GitHub//latex-2025//global//graphics/logos/sf-best.png>
Package pdftex.def Info: /Users/dantopa/GitHub//latex-2025//global//graphics/lo
gos/sf-best.png  used on input line 319.
(pdftex.def)             Requested size: 16.20306pt x 16.21828pt.
File: /Users/dantopa/GitHub//latex-2025//global//graphics/logos/hii-01.png Grap
hic file (type png)
<use /Users/dantopa/GitHub//latex-2025//global//graphics/logos/hii-01.png>
Package pdftex.def Info: /Users/dantopa/GitHub//latex-2025//global//graphics/lo
gos/hii-01.png  used on input line 319.
(pdftex.def)             Requested size: 13.59386pt x 14.22636pt.

Overfull \hbox (1.46664pt too wide) has occurred while \output is active
[][][] [][][] 
 []

[132

]
File: /Users/dantopa/GitHub//latex-2025//global//graphics/logos/afrl-logo.png G
raphic file (type png)
<use /Users/dantopa/GitHub//latex-2025//global//graphics/logos/afrl-logo.png>
Package pdftex.def Info: /Users/dantopa/GitHub//latex-2025//global//graphics/lo
gos/afrl-logo.png  used on input line 328.
(pdftex.def)             Requested size: 43.77304pt x 14.22636pt.
File: /Users/dantopa/GitHub//latex-2025//global//graphics/logos/af-01.png Graph
ic file (type png)
<use /Users/dantopa/GitHub//latex-2025//global//graphics/logos/af-01.png>
Package pdftex.def Info: /Users/dantopa/GitHub//latex-2025//global//graphics/lo
gos/af-01.png  used on input line 328.
(pdftex.def)             Requested size: 14.84773pt x 13.08846pt.
File: /Users/dantopa/GitHub//latex-2025//global//graphics/logos/sf-best.png Gra
phic file (type png)
<use /Users/dantopa/GitHub//latex-2025//global//graphics/logos/sf-best.png>
Package pdftex.def Info: /Users/dantopa/GitHub//latex-2025//global//graphics/lo
gos/sf-best.png  used on input line 328.
(pdftex.def)             Requested size: 16.20306pt x 16.21828pt.
File: /Users/dantopa/GitHub//latex-2025//global//graphics/logos/hii-01.png Grap
hic file (type png)
<use /Users/dantopa/GitHub//latex-2025//global//graphics/logos/hii-01.png>
Package pdftex.def Info: /Users/dantopa/GitHub//latex-2025//global//graphics/lo
gos/hii-01.png  used on input line 328.
(pdftex.def)             Requested size: 13.59386pt x 14.22636pt.

Overfull \hbox (1.46664pt too wide) has occurred while \output is active
[][][] [][][] 
 []

[133

]
File: /Users/dantopa/GitHub//latex-2025//global//graphics/logos/afrl-logo.png G
raphic file (type png)
<use /Users/dantopa/GitHub//latex-2025//global//graphics/logos/afrl-logo.png>
Package pdftex.def Info: /Users/dantopa/GitHub//latex-2025//global//graphics/lo
gos/afrl-logo.png  used on input line 338.
(pdftex.def)             Requested size: 43.77304pt x 14.22636pt.
File: /Users/dantopa/GitHub//latex-2025//global//graphics/logos/af-01.png Graph
ic file (type png)
<use /Users/dantopa/GitHub//latex-2025//global//graphics/logos/af-01.png>
Package pdftex.def Info: /Users/dantopa/GitHub//latex-2025//global//graphics/lo
gos/af-01.png  used on input line 338.
(pdftex.def)             Requested size: 14.84773pt x 13.08846pt.
File: /Users/dantopa/GitHub//latex-2025//global//graphics/logos/sf-best.png Gra
phic file (type png)
<use /Users/dantopa/GitHub//latex-2025//global//graphics/logos/sf-best.png>
Package pdftex.def Info: /Users/dantopa/GitHub//latex-2025//global//graphics/lo
gos/sf-best.png  used on input line 338.
(pdftex.def)             Requested size: 16.20306pt x 16.21828pt.
File: /Users/dantopa/GitHub//latex-2025//global//graphics/logos/hii-01.png Grap
hic file (type png)
<use /Users/dantopa/GitHub//latex-2025//global//graphics/logos/hii-01.png>
Package pdftex.def Info: /Users/dantopa/GitHub//latex-2025//global//graphics/lo
gos/hii-01.png  used on input line 338.
(pdftex.def)             Requested size: 13.59386pt x 14.22636pt.

Overfull \hbox (1.46664pt too wide) has occurred while \output is active
[][][] [][][] 
 []

[134

]
File: /Users/dantopa/GitHub//latex-2025//global//graphics/logos/afrl-logo.png G
raphic file (type png)
<use /Users/dantopa/GitHub//latex-2025//global//graphics/logos/afrl-logo.png>
Package pdftex.def Info: /Users/dantopa/GitHub//latex-2025//global//graphics/lo
gos/afrl-logo.png  used on input line 348.
(pdftex.def)             Requested size: 43.77304pt x 14.22636pt.
File: /Users/dantopa/GitHub//latex-2025//global//graphics/logos/af-01.png Graph
ic file (type png)
<use /Users/dantopa/GitHub//latex-2025//global//graphics/logos/af-01.png>
Package pdftex.def Info: /Users/dantopa/GitHub//latex-2025//global//graphics/lo
gos/af-01.png  used on input line 348.
(pdftex.def)             Requested size: 14.84773pt x 13.08846pt.
File: /Users/dantopa/GitHub//latex-2025//global//graphics/logos/sf-best.png Gra
phic file (type png)
<use /Users/dantopa/GitHub//latex-2025//global//graphics/logos/sf-best.png>
Package pdftex.def Info: /Users/dantopa/GitHub//latex-2025//global//graphics/lo
gos/sf-best.png  used on input line 348.
(pdftex.def)             Requested size: 16.20306pt x 16.21828pt.
File: /Users/dantopa/GitHub//latex-2025//global//graphics/logos/hii-01.png Grap
hic file (type png)
<use /Users/dantopa/GitHub//latex-2025//global//graphics/logos/hii-01.png>
Package pdftex.def Info: /Users/dantopa/GitHub//latex-2025//global//graphics/lo
gos/hii-01.png  used on input line 348.
(pdftex.def)             Requested size: 13.59386pt x 14.22636pt.

Overfull \hbox (1.46664pt too wide) has occurred while \output is active
[][][] [][][] 
 []

[135

]
File: /Users/dantopa/GitHub//latex-2025//global//graphics/logos/afrl-logo.png G
raphic file (type png)
<use /Users/dantopa/GitHub//latex-2025//global//graphics/logos/afrl-logo.png>
Package pdftex.def Info: /Users/dantopa/GitHub//latex-2025//global//graphics/lo
gos/afrl-logo.png  used on input line 357.
(pdftex.def)             Requested size: 43.77304pt x 14.22636pt.
File: /Users/dantopa/GitHub//latex-2025//global//graphics/logos/af-01.png Graph
ic file (type png)
<use /Users/dantopa/GitHub//latex-2025//global//graphics/logos/af-01.png>
Package pdftex.def Info: /Users/dantopa/GitHub//latex-2025//global//graphics/lo
gos/af-01.png  used on input line 357.
(pdftex.def)             Requested size: 14.84773pt x 13.08846pt.
File: /Users/dantopa/GitHub//latex-2025//global//graphics/logos/sf-best.png Gra
phic file (type png)
<use /Users/dantopa/GitHub//latex-2025//global//graphics/logos/sf-best.png>
Package pdftex.def Info: /Users/dantopa/GitHub//latex-2025//global//graphics/lo
gos/sf-best.png  used on input line 357.
(pdftex.def)             Requested size: 16.20306pt x 16.21828pt.
File: /Users/dantopa/GitHub//latex-2025//global//graphics/logos/hii-01.png Grap
hic file (type png)
<use /Users/dantopa/GitHub//latex-2025//global//graphics/logos/hii-01.png>
Package pdftex.def Info: /Users/dantopa/GitHub//latex-2025//global//graphics/lo
gos/hii-01.png  used on input line 357.
(pdftex.def)             Requested size: 13.59386pt x 14.22636pt.

Overfull \hbox (1.46664pt too wide) has occurred while \output is active
[][][] [][][] 
 []

[136

]))
(/Users/dantopa/GitHub//latex-2025//pres/cwh-textbook//sections/ssec-essential.
tex
 !! CONTENT SETUP !! /Users/dantopa/GitHub//latex-2025//pres/cwh-textbook//sect
ions/"ssec-essential.tex"
File: /Users/dantopa/GitHub//latex-2025//global//graphics/logos/afrl-logo.png G
raphic file (type png)
<use /Users/dantopa/GitHub//latex-2025//global//graphics/logos/afrl-logo.png>
Package pdftex.def Info: /Users/dantopa/GitHub//latex-2025//global//graphics/lo
gos/afrl-logo.png  used on input line 17.
(pdftex.def)             Requested size: 43.77304pt x 14.22636pt.
File: /Users/dantopa/GitHub//latex-2025//global//graphics/logos/af-01.png Graph
ic file (type png)
<use /Users/dantopa/GitHub//latex-2025//global//graphics/logos/af-01.png>
Package pdftex.def Info: /Users/dantopa/GitHub//latex-2025//global//graphics/lo
gos/af-01.png  used on input line 17.
(pdftex.def)             Requested size: 14.84773pt x 13.08846pt.
File: /Users/dantopa/GitHub//latex-2025//global//graphics/logos/sf-best.png Gra
phic file (type png)
<use /Users/dantopa/GitHub//latex-2025//global//graphics/logos/sf-best.png>
Package pdftex.def Info: /Users/dantopa/GitHub//latex-2025//global//graphics/lo
gos/sf-best.png  used on input line 17.
(pdftex.def)             Requested size: 16.20306pt x 16.21828pt.
File: /Users/dantopa/GitHub//latex-2025//global//graphics/logos/hii-01.png Grap
hic file (type png)
<use /Users/dantopa/GitHub//latex-2025//global//graphics/logos/hii-01.png>
Package pdftex.def Info: /Users/dantopa/GitHub//latex-2025//global//graphics/lo
gos/hii-01.png  used on input line 17.
(pdftex.def)             Requested size: 13.59386pt x 14.22636pt.

Overfull \hbox (1.46664pt too wide) has occurred while \output is active
[][][] [][][] 
 []

[137

]
(/Users/dantopa/GitHub//latex-2025//global//libs//elements//definitions/def-mat
rix-exp.tex
 !! CONTENT SETUP !! /Users/dantopa/GitHub//latex-2025//global//libs//elements/
/definitions/"def-matrix-exp.tex"
pdfTeX warning (ext4): destination with the same identifier (name{def:matrix-ex
p}) has been already used, duplicate ignored
<to be read again> 
                   \relax 
l.4 ...onential of a Matrix]\label{def:matrix-exp}
                                                  )
File: /Users/dantopa/GitHub//latex-2025//global//graphics/logos/afrl-logo.png G
raphic file (type png)
<use /Users/dantopa/GitHub//latex-2025//global//graphics/logos/afrl-logo.png>
Package pdftex.def Info: /Users/dantopa/GitHub//latex-2025//global//graphics/lo
gos/afrl-logo.png  used on input line 22.
(pdftex.def)             Requested size: 43.77304pt x 14.22636pt.
File: /Users/dantopa/GitHub//latex-2025//global//graphics/logos/af-01.png Graph
ic file (type png)
<use /Users/dantopa/GitHub//latex-2025//global//graphics/logos/af-01.png>
Package pdftex.def Info: /Users/dantopa/GitHub//latex-2025//global//graphics/lo
gos/af-01.png  used on input line 22.
(pdftex.def)             Requested size: 14.84773pt x 13.08846pt.
File: /Users/dantopa/GitHub//latex-2025//global//graphics/logos/sf-best.png Gra
phic file (type png)
<use /Users/dantopa/GitHub//latex-2025//global//graphics/logos/sf-best.png>
Package pdftex.def Info: /Users/dantopa/GitHub//latex-2025//global//graphics/lo
gos/sf-best.png  used on input line 22.
(pdftex.def)             Requested size: 16.20306pt x 16.21828pt.
File: /Users/dantopa/GitHub//latex-2025//global//graphics/logos/hii-01.png Grap
hic file (type png)
<use /Users/dantopa/GitHub//latex-2025//global//graphics/logos/hii-01.png>
Package pdftex.def Info: /Users/dantopa/GitHub//latex-2025//global//graphics/lo
gos/hii-01.png  used on input line 22.
(pdftex.def)             Requested size: 13.59386pt x 14.22636pt.

Overfull \hbox (1.46664pt too wide) has occurred while \output is active
[][][] [][][] 
 []

[138

]
(/Users/dantopa/GitHub//latex-2025//global//libs//elements//theorems/thm-fto-li
near-systems.tex
 !! CONTENT SETUP !! /Users/dantopa/GitHub//latex-2025//global//libs//elements/
/theorems/"thm-fto-linear-systems.tex"
pdfTeX warning (ext4): destination with the same identifier (name{thm:ftols}) h
as been already used, duplicate ignored
<to be read again> 
                   \relax 
l.4 ...heorem for Linear Systems]\label{thm:ftols}
                                                  pdfTeX warning (ext4): destin
ation with the same identifier (name{eq:thm:ftols:system}) has been already use
d, duplicate ignored
<to be read again> 
                   \relax 
l.6 \begin{equation}\label{eq:thm:ftols:system}
                                               pdfTeX warning (ext4): destinati
on with the same identifier (name{eq:thm:ftols:soln}) has been already used, du
plicate ignored
<to be read again> 
                   \relax 
l.10 \begin{equation}\label{eq:thm:ftols:soln}
                                              )
File: /Users/dantopa/GitHub//latex-2025//global//graphics/logos/afrl-logo.png G
raphic file (type png)
<use /Users/dantopa/GitHub//latex-2025//global//graphics/logos/afrl-logo.png>
Package pdftex.def Info: /Users/dantopa/GitHub//latex-2025//global//graphics/lo
gos/afrl-logo.png  used on input line 26.
(pdftex.def)             Requested size: 43.77304pt x 14.22636pt.
File: /Users/dantopa/GitHub//latex-2025//global//graphics/logos/af-01.png Graph
ic file (type png)
<use /Users/dantopa/GitHub//latex-2025//global//graphics/logos/af-01.png>
Package pdftex.def Info: /Users/dantopa/GitHub//latex-2025//global//graphics/lo
gos/af-01.png  used on input line 26.
(pdftex.def)             Requested size: 14.84773pt x 13.08846pt.
File: /Users/dantopa/GitHub//latex-2025//global//graphics/logos/sf-best.png Gra
phic file (type png)
<use /Users/dantopa/GitHub//latex-2025//global//graphics/logos/sf-best.png>
Package pdftex.def Info: /Users/dantopa/GitHub//latex-2025//global//graphics/lo
gos/sf-best.png  used on input line 26.
(pdftex.def)             Requested size: 16.20306pt x 16.21828pt.
File: /Users/dantopa/GitHub//latex-2025//global//graphics/logos/hii-01.png Grap
hic file (type png)
<use /Users/dantopa/GitHub//latex-2025//global//graphics/logos/hii-01.png>
Package pdftex.def Info: /Users/dantopa/GitHub//latex-2025//global//graphics/lo
gos/hii-01.png  used on input line 26.
(pdftex.def)             Requested size: 13.59386pt x 14.22636pt.

Overfull \hbox (1.46664pt too wide) has occurred while \output is active
[][][] [][][] 
 []

[139

]
File: /Users/dantopa/GitHub//latex-2025//global//graphics/logos/afrl-logo.png G
raphic file (type png)
<use /Users/dantopa/GitHub//latex-2025//global//graphics/logos/afrl-logo.png>
Package pdftex.def Info: /Users/dantopa/GitHub//latex-2025//global//graphics/lo
gos/afrl-logo.png  used on input line 48.
(pdftex.def)             Requested size: 43.77304pt x 14.22636pt.
File: /Users/dantopa/GitHub//latex-2025//global//graphics/logos/af-01.png Graph
ic file (type png)
<use /Users/dantopa/GitHub//latex-2025//global//graphics/logos/af-01.png>
Package pdftex.def Info: /Users/dantopa/GitHub//latex-2025//global//graphics/lo
gos/af-01.png  used on input line 48.
(pdftex.def)             Requested size: 14.84773pt x 13.08846pt.
File: /Users/dantopa/GitHub//latex-2025//global//graphics/logos/sf-best.png Gra
phic file (type png)
<use /Users/dantopa/GitHub//latex-2025//global//graphics/logos/sf-best.png>
Package pdftex.def Info: /Users/dantopa/GitHub//latex-2025//global//graphics/lo
gos/sf-best.png  used on input line 48.
(pdftex.def)             Requested size: 16.20306pt x 16.21828pt.
File: /Users/dantopa/GitHub//latex-2025//global//graphics/logos/hii-01.png Grap
hic file (type png)
<use /Users/dantopa/GitHub//latex-2025//global//graphics/logos/hii-01.png>
Package pdftex.def Info: /Users/dantopa/GitHub//latex-2025//global//graphics/lo
gos/hii-01.png  used on input line 48.
(pdftex.def)             Requested size: 13.59386pt x 14.22636pt.

Overfull \hbox (1.46664pt too wide) has occurred while \output is active
[][][] [][][] 
 []

[140

]
File: /Users/dantopa/GitHub//latex-2025//global//graphics/logos/afrl-logo.png G
raphic file (type png)
<use /Users/dantopa/GitHub//latex-2025//global//graphics/logos/afrl-logo.png>
Package pdftex.def Info: /Users/dantopa/GitHub//latex-2025//global//graphics/lo
gos/afrl-logo.png  used on input line 48.
(pdftex.def)             Requested size: 43.77304pt x 14.22636pt.
File: /Users/dantopa/GitHub//latex-2025//global//graphics/logos/af-01.png Graph
ic file (type png)
<use /Users/dantopa/GitHub//latex-2025//global//graphics/logos/af-01.png>
Package pdftex.def Info: /Users/dantopa/GitHub//latex-2025//global//graphics/lo
gos/af-01.png  used on input line 48.
(pdftex.def)             Requested size: 14.84773pt x 13.08846pt.
File: /Users/dantopa/GitHub//latex-2025//global//graphics/logos/sf-best.png Gra
phic file (type png)
<use /Users/dantopa/GitHub//latex-2025//global//graphics/logos/sf-best.png>
Package pdftex.def Info: /Users/dantopa/GitHub//latex-2025//global//graphics/lo
gos/sf-best.png  used on input line 48.
(pdftex.def)             Requested size: 16.20306pt x 16.21828pt.
File: /Users/dantopa/GitHub//latex-2025//global//graphics/logos/hii-01.png Grap
hic file (type png)
<use /Users/dantopa/GitHub//latex-2025//global//graphics/logos/hii-01.png>
Package pdftex.def Info: /Users/dantopa/GitHub//latex-2025//global//graphics/lo
gos/hii-01.png  used on input line 48.
(pdftex.def)             Requested size: 13.59386pt x 14.22636pt.

Overfull \hbox (1.46664pt too wide) has occurred while \output is active
[][][] [][][] 
 []

[141


]pdfTeX warning (ext4): destination with the same identifier (name{eq:proof:1})
 has been already used, duplicate ignored
<to be read again> 
                   \relax 
l.94 \end{frame}
                pdfTeX warning (ext4): destination with the same identifier (na
me{eq:proof:2}) has been already used, duplicate ignored
<to be read again> 
                   \relax 
l.94 \end{frame}
                pdfTeX warning (ext4): destination with the same identifier (na
me{eq:proof:3}) has been already used, duplicate ignored
<to be read again> 
                   \relax 
l.94 \end{frame}
                

LaTeX Warning: Reference `eq:thm:series-convergence' on page 142 undefined on i
nput line 94.

pdfTeX warning (ext4): destination with the same identifier (name{eq:slo-mo}) h
as been already used, duplicate ignored
<to be read again> 
                   \relax 
l.94 \end{frame}
                
File: /Users/dantopa/GitHub//latex-2025//global//graphics/logos/afrl-logo.png G
raphic file (type png)
<use /Users/dantopa/GitHub//latex-2025//global//graphics/logos/afrl-logo.png>
Package pdftex.def Info: /Users/dantopa/GitHub//latex-2025//global//graphics/lo
gos/afrl-logo.png  used on input line 94.
(pdftex.def)             Requested size: 43.77304pt x 14.22636pt.
File: /Users/dantopa/GitHub//latex-2025//global//graphics/logos/af-01.png Graph
ic file (type png)
<use /Users/dantopa/GitHub//latex-2025//global//graphics/logos/af-01.png>
Package pdftex.def Info: /Users/dantopa/GitHub//latex-2025//global//graphics/lo
gos/af-01.png  used on input line 94.
(pdftex.def)             Requested size: 14.84773pt x 13.08846pt.
File: /Users/dantopa/GitHub//latex-2025//global//graphics/logos/sf-best.png Gra
phic file (type png)
<use /Users/dantopa/GitHub//latex-2025//global//graphics/logos/sf-best.png>
Package pdftex.def Info: /Users/dantopa/GitHub//latex-2025//global//graphics/lo
gos/sf-best.png  used on input line 94.
(pdftex.def)             Requested size: 16.20306pt x 16.21828pt.
File: /Users/dantopa/GitHub//latex-2025//global//graphics/logos/hii-01.png Grap
hic file (type png)
<use /Users/dantopa/GitHub//latex-2025//global//graphics/logos/hii-01.png>
Package pdftex.def Info: /Users/dantopa/GitHub//latex-2025//global//graphics/lo
gos/hii-01.png  used on input line 94.
(pdftex.def)             Requested size: 13.59386pt x 14.22636pt.

Overfull \hbox (1.46664pt too wide) has occurred while \output is active
[][][] [][][] 
 []

[142

]
File: /Users/dantopa/GitHub//latex-2025//global//graphics/logos/afrl-logo.png G
raphic file (type png)
<use /Users/dantopa/GitHub//latex-2025//global//graphics/logos/afrl-logo.png>
Package pdftex.def Info: /Users/dantopa/GitHub//latex-2025//global//graphics/lo
gos/afrl-logo.png  used on input line 94.
(pdftex.def)             Requested size: 43.77304pt x 14.22636pt.
File: /Users/dantopa/GitHub//latex-2025//global//graphics/logos/af-01.png Graph
ic file (type png)
<use /Users/dantopa/GitHub//latex-2025//global//graphics/logos/af-01.png>
Package pdftex.def Info: /Users/dantopa/GitHub//latex-2025//global//graphics/lo
gos/af-01.png  used on input line 94.
(pdftex.def)             Requested size: 14.84773pt x 13.08846pt.
File: /Users/dantopa/GitHub//latex-2025//global//graphics/logos/sf-best.png Gra
phic file (type png)
<use /Users/dantopa/GitHub//latex-2025//global//graphics/logos/sf-best.png>
Package pdftex.def Info: /Users/dantopa/GitHub//latex-2025//global//graphics/lo
gos/sf-best.png  used on input line 94.
(pdftex.def)             Requested size: 16.20306pt x 16.21828pt.
File: /Users/dantopa/GitHub//latex-2025//global//graphics/logos/hii-01.png Grap
hic file (type png)
<use /Users/dantopa/GitHub//latex-2025//global//graphics/logos/hii-01.png>
Package pdftex.def Info: /Users/dantopa/GitHub//latex-2025//global//graphics/lo
gos/hii-01.png  used on input line 94.
(pdftex.def)             Requested size: 13.59386pt x 14.22636pt.

Overfull \hbox (1.46664pt too wide) has occurred while \output is active
[][][] [][][] 
 []

[143


]
File: /Users/dantopa/GitHub//latex-2025//global//graphics/logos/afrl-logo.png G
raphic file (type png)
<use /Users/dantopa/GitHub//latex-2025//global//graphics/logos/afrl-logo.png>
Package pdftex.def Info: /Users/dantopa/GitHub//latex-2025//global//graphics/lo
gos/afrl-logo.png  used on input line 94.
(pdftex.def)             Requested size: 43.77304pt x 14.22636pt.
File: /Users/dantopa/GitHub//latex-2025//global//graphics/logos/af-01.png Graph
ic file (type png)
<use /Users/dantopa/GitHub//latex-2025//global//graphics/logos/af-01.png>
Package pdftex.def Info: /Users/dantopa/GitHub//latex-2025//global//graphics/lo
gos/af-01.png  used on input line 94.
(pdftex.def)             Requested size: 14.84773pt x 13.08846pt.
File: /Users/dantopa/GitHub//latex-2025//global//graphics/logos/sf-best.png Gra
phic file (type png)
<use /Users/dantopa/GitHub//latex-2025//global//graphics/logos/sf-best.png>
Package pdftex.def Info: /Users/dantopa/GitHub//latex-2025//global//graphics/lo
gos/sf-best.png  used on input line 94.
(pdftex.def)             Requested size: 16.20306pt x 16.21828pt.
File: /Users/dantopa/GitHub//latex-2025//global//graphics/logos/hii-01.png Grap
hic file (type png)
<use /Users/dantopa/GitHub//latex-2025//global//graphics/logos/hii-01.png>
Package pdftex.def Info: /Users/dantopa/GitHub//latex-2025//global//graphics/lo
gos/hii-01.png  used on input line 94.
(pdftex.def)             Requested size: 13.59386pt x 14.22636pt.

Overfull \hbox (1.46664pt too wide) has occurred while \output is active
[][][] [][][] 
 []

[144


])
File: /Users/dantopa/GitHub//latex-2025//global//graphics/logos/afrl-logo.png G
raphic file (type png)
<use /Users/dantopa/GitHub//latex-2025//global//graphics/logos/afrl-logo.png>
Package pdftex.def Info: /Users/dantopa/GitHub//latex-2025//global//graphics/lo
gos/afrl-logo.png  used on input line 46.
(pdftex.def)             Requested size: 43.77304pt x 14.22636pt.
File: /Users/dantopa/GitHub//latex-2025//global//graphics/logos/af-01.png Graph
ic file (type png)
<use /Users/dantopa/GitHub//latex-2025//global//graphics/logos/af-01.png>
Package pdftex.def Info: /Users/dantopa/GitHub//latex-2025//global//graphics/lo
gos/af-01.png  used on input line 46.
(pdftex.def)             Requested size: 14.84773pt x 13.08846pt.
File: /Users/dantopa/GitHub//latex-2025//global//graphics/logos/sf-best.png Gra
phic file (type png)
<use /Users/dantopa/GitHub//latex-2025//global//graphics/logos/sf-best.png>
Package pdftex.def Info: /Users/dantopa/GitHub//latex-2025//global//graphics/lo
gos/sf-best.png  used on input line 46.
(pdftex.def)             Requested size: 16.20306pt x 16.21828pt.
File: /Users/dantopa/GitHub//latex-2025//global//graphics/logos/hii-01.png Grap
hic file (type png)
<use /Users/dantopa/GitHub//latex-2025//global//graphics/logos/hii-01.png>
Package pdftex.def Info: /Users/dantopa/GitHub//latex-2025//global//graphics/lo
gos/hii-01.png  used on input line 46.
(pdftex.def)             Requested size: 13.59386pt x 14.22636pt.

Overfull \hbox (1.46664pt too wide) has occurred while \output is active
[][][] [][][] 
 []

[145

]
Overfull \hbox (7.49901pt too wide) in paragraph at lines 79--79
[][]  
 []

File: /Users/dantopa/GitHub//latex-2025//global//graphics/logos/afrl-logo.png G
raphic file (type png)
<use /Users/dantopa/GitHub//latex-2025//global//graphics/logos/afrl-logo.png>
Package pdftex.def Info: /Users/dantopa/GitHub//latex-2025//global//graphics/lo
gos/afrl-logo.png  used on input line 79.
(pdftex.def)             Requested size: 43.77304pt x 14.22636pt.
File: /Users/dantopa/GitHub//latex-2025//global//graphics/logos/af-01.png Graph
ic file (type png)
<use /Users/dantopa/GitHub//latex-2025//global//graphics/logos/af-01.png>
Package pdftex.def Info: /Users/dantopa/GitHub//latex-2025//global//graphics/lo
gos/af-01.png  used on input line 79.
(pdftex.def)             Requested size: 14.84773pt x 13.08846pt.
File: /Users/dantopa/GitHub//latex-2025//global//graphics/logos/sf-best.png Gra
phic file (type png)
<use /Users/dantopa/GitHub//latex-2025//global//graphics/logos/sf-best.png>
Package pdftex.def Info: /Users/dantopa/GitHub//latex-2025//global//graphics/lo
gos/sf-best.png  used on input line 79.
(pdftex.def)             Requested size: 16.20306pt x 16.21828pt.
File: /Users/dantopa/GitHub//latex-2025//global//graphics/logos/hii-01.png Grap
hic file (type png)
<use /Users/dantopa/GitHub//latex-2025//global//graphics/logos/hii-01.png>
Package pdftex.def Info: /Users/dantopa/GitHub//latex-2025//global//graphics/lo
gos/hii-01.png  used on input line 79.
(pdftex.def)             Requested size: 13.59386pt x 14.22636pt.

Overfull \hbox (1.46664pt too wide) has occurred while \output is active
[][][] [][][] 
 []

[146

])
(/Users/dantopa/GitHub//latex-2025//pres/cwh-textbook//sections//sec-flow.tex
 !! CONTENT SETUP !! /Users/dantopa/GitHub//latex-2025//pres/cwh-textbook//sect
ions/"sec-flow.tex"

Package hyperref Warning: Token not allowed in a PDF string (PDFDocEncoding):
(hyperref)                removing `math shift' on input line 5.


Package hyperref Warning: Token not allowed in a PDF string (PDFDocEncoding):
(hyperref)                removing `superscript' on input line 5.


Package hyperref Warning: Token not allowed in a PDF string (PDFDocEncoding):
(hyperref)                removing `superscript' on input line 5.


Package hyperref Warning: Token not allowed in a PDF string (PDFDocEncoding):
(hyperref)                removing `\leavevmode@ifvmode' on input line 5.


Package hyperref Warning: Token not allowed in a PDF string (PDFDocEncoding):
(hyperref)                \kern -2.00792pt
(hyperref)                removed on input line 5.


Package hyperref Warning: Token not allowed in a PDF string (PDFDocEncoding):
(hyperref)                removing `\Phi' on input line 5.


Package hyperref Warning: Token not allowed in a PDF string (PDFDocEncoding):
(hyperref)                removing `math shift' on input line 5.

File: /Users/dantopa/GitHub//latex-2025//global//graphics/logos/afrl-logo.png G
raphic file (type png)
<use /Users/dantopa/GitHub//latex-2025//global//graphics/logos/afrl-logo.png>
Package pdftex.def Info: /Users/dantopa/GitHub//latex-2025//global//graphics/lo
gos/afrl-logo.png  used on input line 23.
(pdftex.def)             Requested size: 43.77304pt x 14.22636pt.
File: /Users/dantopa/GitHub//latex-2025//global//graphics/logos/af-01.png Graph
ic file (type png)
<use /Users/dantopa/GitHub//latex-2025//global//graphics/logos/af-01.png>
Package pdftex.def Info: /Users/dantopa/GitHub//latex-2025//global//graphics/lo
gos/af-01.png  used on input line 23.
(pdftex.def)             Requested size: 14.84773pt x 13.08846pt.
File: /Users/dantopa/GitHub//latex-2025//global//graphics/logos/sf-best.png Gra
phic file (type png)
<use /Users/dantopa/GitHub//latex-2025//global//graphics/logos/sf-best.png>
Package pdftex.def Info: /Users/dantopa/GitHub//latex-2025//global//graphics/lo
gos/sf-best.png  used on input line 23.
(pdftex.def)             Requested size: 16.20306pt x 16.21828pt.
File: /Users/dantopa/GitHub//latex-2025//global//graphics/logos/hii-01.png Grap
hic file (type png)
<use /Users/dantopa/GitHub//latex-2025//global//graphics/logos/hii-01.png>
Package pdftex.def Info: /Users/dantopa/GitHub//latex-2025//global//graphics/lo
gos/hii-01.png  used on input line 23.
(pdftex.def)             Requested size: 13.59386pt x 14.22636pt.

Overfull \hbox (1.46664pt too wide) has occurred while \output is active
[][][] [][][] 
 []

[147

]
(/Users/dantopa/GitHub//latex-2025//pres/cwh-textbook//sections/ssec-tales-flow
.tex
 !! CONTENT SETUP !! /Users/dantopa/GitHub//latex-2025//pres/cwh-textbook//sect
ions/"ssec-tales-flow.tex"
File: /Users/dantopa/GitHub//latex-2025//global//graphics/logos/afrl-logo.png G
raphic file (type png)
<use /Users/dantopa/GitHub//latex-2025//global//graphics/logos/afrl-logo.png>
Package pdftex.def Info: /Users/dantopa/GitHub//latex-2025//global//graphics/lo
gos/afrl-logo.png  used on input line 8.
(pdftex.def)             Requested size: 43.77304pt x 14.22636pt.
File: /Users/dantopa/GitHub//latex-2025//global//graphics/logos/af-01.png Graph
ic file (type png)
<use /Users/dantopa/GitHub//latex-2025//global//graphics/logos/af-01.png>
Package pdftex.def Info: /Users/dantopa/GitHub//latex-2025//global//graphics/lo
gos/af-01.png  used on input line 8.
(pdftex.def)             Requested size: 14.84773pt x 13.08846pt.
File: /Users/dantopa/GitHub//latex-2025//global//graphics/logos/sf-best.png Gra
phic file (type png)
<use /Users/dantopa/GitHub//latex-2025//global//graphics/logos/sf-best.png>
Package pdftex.def Info: /Users/dantopa/GitHub//latex-2025//global//graphics/lo
gos/sf-best.png  used on input line 8.
(pdftex.def)             Requested size: 16.20306pt x 16.21828pt.
File: /Users/dantopa/GitHub//latex-2025//global//graphics/logos/hii-01.png Grap
hic file (type png)
<use /Users/dantopa/GitHub//latex-2025//global//graphics/logos/hii-01.png>
Package pdftex.def Info: /Users/dantopa/GitHub//latex-2025//global//graphics/lo
gos/hii-01.png  used on input line 8.
(pdftex.def)             Requested size: 13.59386pt x 14.22636pt.

Overfull \hbox (1.46664pt too wide) has occurred while \output is active
[][][] [][][] 
 []

[148

]
File: /Users/dantopa/GitHub//latex-2025//global//graphics/logos/afrl-logo.png G
raphic file (type png)
<use /Users/dantopa/GitHub//latex-2025//global//graphics/logos/afrl-logo.png>
Package pdftex.def Info: /Users/dantopa/GitHub//latex-2025//global//graphics/lo
gos/afrl-logo.png  used on input line 17.
(pdftex.def)             Requested size: 43.77304pt x 14.22636pt.
File: /Users/dantopa/GitHub//latex-2025//global//graphics/logos/af-01.png Graph
ic file (type png)
<use /Users/dantopa/GitHub//latex-2025//global//graphics/logos/af-01.png>
Package pdftex.def Info: /Users/dantopa/GitHub//latex-2025//global//graphics/lo
gos/af-01.png  used on input line 17.
(pdftex.def)             Requested size: 14.84773pt x 13.08846pt.
File: /Users/dantopa/GitHub//latex-2025//global//graphics/logos/sf-best.png Gra
phic file (type png)
<use /Users/dantopa/GitHub//latex-2025//global//graphics/logos/sf-best.png>
Package pdftex.def Info: /Users/dantopa/GitHub//latex-2025//global//graphics/lo
gos/sf-best.png  used on input line 17.
(pdftex.def)             Requested size: 16.20306pt x 16.21828pt.
File: /Users/dantopa/GitHub//latex-2025//global//graphics/logos/hii-01.png Grap
hic file (type png)
<use /Users/dantopa/GitHub//latex-2025//global//graphics/logos/hii-01.png>
Package pdftex.def Info: /Users/dantopa/GitHub//latex-2025//global//graphics/lo
gos/hii-01.png  used on input line 17.
(pdftex.def)             Requested size: 13.59386pt x 14.22636pt.

Overfull \hbox (1.46664pt too wide) has occurred while \output is active
[][][] [][][] 
 []

[149

]
File: /Users/dantopa/GitHub//latex-2025//global//graphics/logos/afrl-logo.png G
raphic file (type png)
<use /Users/dantopa/GitHub//latex-2025//global//graphics/logos/afrl-logo.png>
Package pdftex.def Info: /Users/dantopa/GitHub//latex-2025//global//graphics/lo
gos/afrl-logo.png  used on input line 34.
(pdftex.def)             Requested size: 43.77304pt x 14.22636pt.
File: /Users/dantopa/GitHub//latex-2025//global//graphics/logos/af-01.png Graph
ic file (type png)
<use /Users/dantopa/GitHub//latex-2025//global//graphics/logos/af-01.png>
Package pdftex.def Info: /Users/dantopa/GitHub//latex-2025//global//graphics/lo
gos/af-01.png  used on input line 34.
(pdftex.def)             Requested size: 14.84773pt x 13.08846pt.
File: /Users/dantopa/GitHub//latex-2025//global//graphics/logos/sf-best.png Gra
phic file (type png)
<use /Users/dantopa/GitHub//latex-2025//global//graphics/logos/sf-best.png>
Package pdftex.def Info: /Users/dantopa/GitHub//latex-2025//global//graphics/lo
gos/sf-best.png  used on input line 34.
(pdftex.def)             Requested size: 16.20306pt x 16.21828pt.
File: /Users/dantopa/GitHub//latex-2025//global//graphics/logos/hii-01.png Grap
hic file (type png)
<use /Users/dantopa/GitHub//latex-2025//global//graphics/logos/hii-01.png>
Package pdftex.def Info: /Users/dantopa/GitHub//latex-2025//global//graphics/lo
gos/hii-01.png  used on input line 34.
(pdftex.def)             Requested size: 13.59386pt x 14.22636pt.

Overfull \hbox (1.46664pt too wide) has occurred while \output is active
[][][] [][][] 
 []

[150

]
File: /Users/dantopa/GitHub//latex-2025//global//graphics/logos/afrl-logo.png G
raphic file (type png)
<use /Users/dantopa/GitHub//latex-2025//global//graphics/logos/afrl-logo.png>
Package pdftex.def Info: /Users/dantopa/GitHub//latex-2025//global//graphics/lo
gos/afrl-logo.png  used on input line 69.
(pdftex.def)             Requested size: 43.77304pt x 14.22636pt.
File: /Users/dantopa/GitHub//latex-2025//global//graphics/logos/af-01.png Graph
ic file (type png)
<use /Users/dantopa/GitHub//latex-2025//global//graphics/logos/af-01.png>
Package pdftex.def Info: /Users/dantopa/GitHub//latex-2025//global//graphics/lo
gos/af-01.png  used on input line 69.
(pdftex.def)             Requested size: 14.84773pt x 13.08846pt.
File: /Users/dantopa/GitHub//latex-2025//global//graphics/logos/sf-best.png Gra
phic file (type png)
<use /Users/dantopa/GitHub//latex-2025//global//graphics/logos/sf-best.png>
Package pdftex.def Info: /Users/dantopa/GitHub//latex-2025//global//graphics/lo
gos/sf-best.png  used on input line 69.
(pdftex.def)             Requested size: 16.20306pt x 16.21828pt.
File: /Users/dantopa/GitHub//latex-2025//global//graphics/logos/hii-01.png Grap
hic file (type png)
<use /Users/dantopa/GitHub//latex-2025//global//graphics/logos/hii-01.png>
Package pdftex.def Info: /Users/dantopa/GitHub//latex-2025//global//graphics/lo
gos/hii-01.png  used on input line 69.
(pdftex.def)             Requested size: 13.59386pt x 14.22636pt.

Overfull \hbox (1.46664pt too wide) has occurred while \output is active
[][][] [][][] 
 []

[151

]
File: /Users/dantopa/GitHub//latex-2025//global//graphics/logos/afrl-logo.png G
raphic file (type png)
<use /Users/dantopa/GitHub//latex-2025//global//graphics/logos/afrl-logo.png>
Package pdftex.def Info: /Users/dantopa/GitHub//latex-2025//global//graphics/lo
gos/afrl-logo.png  used on input line 69.
(pdftex.def)             Requested size: 43.77304pt x 14.22636pt.
File: /Users/dantopa/GitHub//latex-2025//global//graphics/logos/af-01.png Graph
ic file (type png)
<use /Users/dantopa/GitHub//latex-2025//global//graphics/logos/af-01.png>
Package pdftex.def Info: /Users/dantopa/GitHub//latex-2025//global//graphics/lo
gos/af-01.png  used on input line 69.
(pdftex.def)             Requested size: 14.84773pt x 13.08846pt.
File: /Users/dantopa/GitHub//latex-2025//global//graphics/logos/sf-best.png Gra
phic file (type png)
<use /Users/dantopa/GitHub//latex-2025//global//graphics/logos/sf-best.png>
Package pdftex.def Info: /Users/dantopa/GitHub//latex-2025//global//graphics/lo
gos/sf-best.png  used on input line 69.
(pdftex.def)             Requested size: 16.20306pt x 16.21828pt.
File: /Users/dantopa/GitHub//latex-2025//global//graphics/logos/hii-01.png Grap
hic file (type png)
<use /Users/dantopa/GitHub//latex-2025//global//graphics/logos/hii-01.png>
Package pdftex.def Info: /Users/dantopa/GitHub//latex-2025//global//graphics/lo
gos/hii-01.png  used on input line 69.
(pdftex.def)             Requested size: 13.59386pt x 14.22636pt.

Overfull \hbox (1.46664pt too wide) has occurred while \output is active
[][][] [][][] 
 []

[152


])
(/Users/dantopa/GitHub//latex-2025//pres/cwh-textbook//sections/ssec-impulse.te
x
 !! CONTENT SETUP !! /Users/dantopa/GitHub//latex-2025//pres/cwh-textbook//sect
ions/"ssec-impulse.tex"
File: /Users/dantopa/GitHub//latex-2025//global//graphics/logos/afrl-logo.png G
raphic file (type png)
<use /Users/dantopa/GitHub//latex-2025//global//graphics/logos/afrl-logo.png>
Package pdftex.def Info: /Users/dantopa/GitHub//latex-2025//global//graphics/lo
gos/afrl-logo.png  used on input line 20.
(pdftex.def)             Requested size: 43.77304pt x 14.22636pt.
File: /Users/dantopa/GitHub//latex-2025//global//graphics/logos/af-01.png Graph
ic file (type png)
<use /Users/dantopa/GitHub//latex-2025//global//graphics/logos/af-01.png>
Package pdftex.def Info: /Users/dantopa/GitHub//latex-2025//global//graphics/lo
gos/af-01.png  used on input line 20.
(pdftex.def)             Requested size: 14.84773pt x 13.08846pt.
File: /Users/dantopa/GitHub//latex-2025//global//graphics/logos/sf-best.png Gra
phic file (type png)
<use /Users/dantopa/GitHub//latex-2025//global//graphics/logos/sf-best.png>
Package pdftex.def Info: /Users/dantopa/GitHub//latex-2025//global//graphics/lo
gos/sf-best.png  used on input line 20.
(pdftex.def)             Requested size: 16.20306pt x 16.21828pt.
File: /Users/dantopa/GitHub//latex-2025//global//graphics/logos/hii-01.png Grap
hic file (type png)
<use /Users/dantopa/GitHub//latex-2025//global//graphics/logos/hii-01.png>
Package pdftex.def Info: /Users/dantopa/GitHub//latex-2025//global//graphics/lo
gos/hii-01.png  used on input line 20.
(pdftex.def)             Requested size: 13.59386pt x 14.22636pt.

Overfull \hbox (1.46664pt too wide) has occurred while \output is active
[][][] [][][] 
 []

[153

]
File: /Users/dantopa/GitHub//latex-2025//global//graphics/logos/afrl-logo.png G
raphic file (type png)
<use /Users/dantopa/GitHub//latex-2025//global//graphics/logos/afrl-logo.png>
Package pdftex.def Info: /Users/dantopa/GitHub//latex-2025//global//graphics/lo
gos/afrl-logo.png  used on input line 33.
(pdftex.def)             Requested size: 43.77304pt x 14.22636pt.
File: /Users/dantopa/GitHub//latex-2025//global//graphics/logos/af-01.png Graph
ic file (type png)
<use /Users/dantopa/GitHub//latex-2025//global//graphics/logos/af-01.png>
Package pdftex.def Info: /Users/dantopa/GitHub//latex-2025//global//graphics/lo
gos/af-01.png  used on input line 33.
(pdftex.def)             Requested size: 14.84773pt x 13.08846pt.
File: /Users/dantopa/GitHub//latex-2025//global//graphics/logos/sf-best.png Gra
phic file (type png)
<use /Users/dantopa/GitHub//latex-2025//global//graphics/logos/sf-best.png>
Package pdftex.def Info: /Users/dantopa/GitHub//latex-2025//global//graphics/lo
gos/sf-best.png  used on input line 33.
(pdftex.def)             Requested size: 16.20306pt x 16.21828pt.
File: /Users/dantopa/GitHub//latex-2025//global//graphics/logos/hii-01.png Grap
hic file (type png)
<use /Users/dantopa/GitHub//latex-2025//global//graphics/logos/hii-01.png>
Package pdftex.def Info: /Users/dantopa/GitHub//latex-2025//global//graphics/lo
gos/hii-01.png  used on input line 33.
(pdftex.def)             Requested size: 13.59386pt x 14.22636pt.

Overfull \hbox (1.46664pt too wide) has occurred while \output is active
[][][] [][][] 
 []

[154

]
File: /Users/dantopa/GitHub//latex-2025//global//graphics/logos/afrl-logo.png G
raphic file (type png)
<use /Users/dantopa/GitHub//latex-2025//global//graphics/logos/afrl-logo.png>
Package pdftex.def Info: /Users/dantopa/GitHub//latex-2025//global//graphics/lo
gos/afrl-logo.png  used on input line 52.
(pdftex.def)             Requested size: 43.77304pt x 14.22636pt.
File: /Users/dantopa/GitHub//latex-2025//global//graphics/logos/af-01.png Graph
ic file (type png)
<use /Users/dantopa/GitHub//latex-2025//global//graphics/logos/af-01.png>
Package pdftex.def Info: /Users/dantopa/GitHub//latex-2025//global//graphics/lo
gos/af-01.png  used on input line 52.
(pdftex.def)             Requested size: 14.84773pt x 13.08846pt.
File: /Users/dantopa/GitHub//latex-2025//global//graphics/logos/sf-best.png Gra
phic file (type png)
<use /Users/dantopa/GitHub//latex-2025//global//graphics/logos/sf-best.png>
Package pdftex.def Info: /Users/dantopa/GitHub//latex-2025//global//graphics/lo
gos/sf-best.png  used on input line 52.
(pdftex.def)             Requested size: 16.20306pt x 16.21828pt.
File: /Users/dantopa/GitHub//latex-2025//global//graphics/logos/hii-01.png Grap
hic file (type png)
<use /Users/dantopa/GitHub//latex-2025//global//graphics/logos/hii-01.png>
Package pdftex.def Info: /Users/dantopa/GitHub//latex-2025//global//graphics/lo
gos/hii-01.png  used on input line 52.
(pdftex.def)             Requested size: 13.59386pt x 14.22636pt.

Overfull \hbox (1.46664pt too wide) has occurred while \output is active
[][][] [][][] 
 []

[155

]
File: /Users/dantopa/GitHub//latex-2025//global//graphics/logos/afrl-logo.png G
raphic file (type png)
<use /Users/dantopa/GitHub//latex-2025//global//graphics/logos/afrl-logo.png>
Package pdftex.def Info: /Users/dantopa/GitHub//latex-2025//global//graphics/lo
gos/afrl-logo.png  used on input line 64.
(pdftex.def)             Requested size: 43.77304pt x 14.22636pt.
File: /Users/dantopa/GitHub//latex-2025//global//graphics/logos/af-01.png Graph
ic file (type png)
<use /Users/dantopa/GitHub//latex-2025//global//graphics/logos/af-01.png>
Package pdftex.def Info: /Users/dantopa/GitHub//latex-2025//global//graphics/lo
gos/af-01.png  used on input line 64.
(pdftex.def)             Requested size: 14.84773pt x 13.08846pt.
File: /Users/dantopa/GitHub//latex-2025//global//graphics/logos/sf-best.png Gra
phic file (type png)
<use /Users/dantopa/GitHub//latex-2025//global//graphics/logos/sf-best.png>
Package pdftex.def Info: /Users/dantopa/GitHub//latex-2025//global//graphics/lo
gos/sf-best.png  used on input line 64.
(pdftex.def)             Requested size: 16.20306pt x 16.21828pt.
File: /Users/dantopa/GitHub//latex-2025//global//graphics/logos/hii-01.png Grap
hic file (type png)
<use /Users/dantopa/GitHub//latex-2025//global//graphics/logos/hii-01.png>
Package pdftex.def Info: /Users/dantopa/GitHub//latex-2025//global//graphics/lo
gos/hii-01.png  used on input line 64.
(pdftex.def)             Requested size: 13.59386pt x 14.22636pt.

Overfull \hbox (1.46664pt too wide) has occurred while \output is active
[][][] [][][] 
 []

[156

]
File: /Users/dantopa/GitHub//latex-2025//global//graphics/logos/afrl-logo.png G
raphic file (type png)
<use /Users/dantopa/GitHub//latex-2025//global//graphics/logos/afrl-logo.png>
Package pdftex.def Info: /Users/dantopa/GitHub//latex-2025//global//graphics/lo
gos/afrl-logo.png  used on input line 82.
(pdftex.def)             Requested size: 43.77304pt x 14.22636pt.
File: /Users/dantopa/GitHub//latex-2025//global//graphics/logos/af-01.png Graph
ic file (type png)
<use /Users/dantopa/GitHub//latex-2025//global//graphics/logos/af-01.png>
Package pdftex.def Info: /Users/dantopa/GitHub//latex-2025//global//graphics/lo
gos/af-01.png  used on input line 82.
(pdftex.def)             Requested size: 14.84773pt x 13.08846pt.
File: /Users/dantopa/GitHub//latex-2025//global//graphics/logos/sf-best.png Gra
phic file (type png)
<use /Users/dantopa/GitHub//latex-2025//global//graphics/logos/sf-best.png>
Package pdftex.def Info: /Users/dantopa/GitHub//latex-2025//global//graphics/lo
gos/sf-best.png  used on input line 82.
(pdftex.def)             Requested size: 16.20306pt x 16.21828pt.
File: /Users/dantopa/GitHub//latex-2025//global//graphics/logos/hii-01.png Grap
hic file (type png)
<use /Users/dantopa/GitHub//latex-2025//global//graphics/logos/hii-01.png>
Package pdftex.def Info: /Users/dantopa/GitHub//latex-2025//global//graphics/lo
gos/hii-01.png  used on input line 82.
(pdftex.def)             Requested size: 13.59386pt x 14.22636pt.

Overfull \hbox (1.46664pt too wide) has occurred while \output is active
[][][] [][][] 
 []

[157

]
File: /Users/dantopa/GitHub//latex-2025//global//graphics/logos/afrl-logo.png G
raphic file (type png)
<use /Users/dantopa/GitHub//latex-2025//global//graphics/logos/afrl-logo.png>
Package pdftex.def Info: /Users/dantopa/GitHub//latex-2025//global//graphics/lo
gos/afrl-logo.png  used on input line 100.
(pdftex.def)             Requested size: 43.77304pt x 14.22636pt.
File: /Users/dantopa/GitHub//latex-2025//global//graphics/logos/af-01.png Graph
ic file (type png)
<use /Users/dantopa/GitHub//latex-2025//global//graphics/logos/af-01.png>
Package pdftex.def Info: /Users/dantopa/GitHub//latex-2025//global//graphics/lo
gos/af-01.png  used on input line 100.
(pdftex.def)             Requested size: 14.84773pt x 13.08846pt.
File: /Users/dantopa/GitHub//latex-2025//global//graphics/logos/sf-best.png Gra
phic file (type png)
<use /Users/dantopa/GitHub//latex-2025//global//graphics/logos/sf-best.png>
Package pdftex.def Info: /Users/dantopa/GitHub//latex-2025//global//graphics/lo
gos/sf-best.png  used on input line 100.
(pdftex.def)             Requested size: 16.20306pt x 16.21828pt.
File: /Users/dantopa/GitHub//latex-2025//global//graphics/logos/hii-01.png Grap
hic file (type png)
<use /Users/dantopa/GitHub//latex-2025//global//graphics/logos/hii-01.png>
Package pdftex.def Info: /Users/dantopa/GitHub//latex-2025//global//graphics/lo
gos/hii-01.png  used on input line 100.
(pdftex.def)             Requested size: 13.59386pt x 14.22636pt.

Overfull \hbox (1.46664pt too wide) has occurred while \output is active
[][][] [][][] 
 []

[158

]
File: /Users/dantopa/GitHub//latex-2025//global//graphics/logos/afrl-logo.png G
raphic file (type png)
<use /Users/dantopa/GitHub//latex-2025//global//graphics/logos/afrl-logo.png>
Package pdftex.def Info: /Users/dantopa/GitHub//latex-2025//global//graphics/lo
gos/afrl-logo.png  used on input line 118.
(pdftex.def)             Requested size: 43.77304pt x 14.22636pt.
File: /Users/dantopa/GitHub//latex-2025//global//graphics/logos/af-01.png Graph
ic file (type png)
<use /Users/dantopa/GitHub//latex-2025//global//graphics/logos/af-01.png>
Package pdftex.def Info: /Users/dantopa/GitHub//latex-2025//global//graphics/lo
gos/af-01.png  used on input line 118.
(pdftex.def)             Requested size: 14.84773pt x 13.08846pt.
File: /Users/dantopa/GitHub//latex-2025//global//graphics/logos/sf-best.png Gra
phic file (type png)
<use /Users/dantopa/GitHub//latex-2025//global//graphics/logos/sf-best.png>
Package pdftex.def Info: /Users/dantopa/GitHub//latex-2025//global//graphics/lo
gos/sf-best.png  used on input line 118.
(pdftex.def)             Requested size: 16.20306pt x 16.21828pt.
File: /Users/dantopa/GitHub//latex-2025//global//graphics/logos/hii-01.png Grap
hic file (type png)
<use /Users/dantopa/GitHub//latex-2025//global//graphics/logos/hii-01.png>
Package pdftex.def Info: /Users/dantopa/GitHub//latex-2025//global//graphics/lo
gos/hii-01.png  used on input line 118.
(pdftex.def)             Requested size: 13.59386pt x 14.22636pt.

Overfull \hbox (1.46664pt too wide) has occurred while \output is active
[][][] [][][] 
 []

[159

]
File: /Users/dantopa/GitHub//latex-2025//global//graphics/logos/afrl-logo.png G
raphic file (type png)
<use /Users/dantopa/GitHub//latex-2025//global//graphics/logos/afrl-logo.png>
Package pdftex.def Info: /Users/dantopa/GitHub//latex-2025//global//graphics/lo
gos/afrl-logo.png  used on input line 136.
(pdftex.def)             Requested size: 43.77304pt x 14.22636pt.
File: /Users/dantopa/GitHub//latex-2025//global//graphics/logos/af-01.png Graph
ic file (type png)
<use /Users/dantopa/GitHub//latex-2025//global//graphics/logos/af-01.png>
Package pdftex.def Info: /Users/dantopa/GitHub//latex-2025//global//graphics/lo
gos/af-01.png  used on input line 136.
(pdftex.def)             Requested size: 14.84773pt x 13.08846pt.
File: /Users/dantopa/GitHub//latex-2025//global//graphics/logos/sf-best.png Gra
phic file (type png)
<use /Users/dantopa/GitHub//latex-2025//global//graphics/logos/sf-best.png>
Package pdftex.def Info: /Users/dantopa/GitHub//latex-2025//global//graphics/lo
gos/sf-best.png  used on input line 136.
(pdftex.def)             Requested size: 16.20306pt x 16.21828pt.
File: /Users/dantopa/GitHub//latex-2025//global//graphics/logos/hii-01.png Grap
hic file (type png)
<use /Users/dantopa/GitHub//latex-2025//global//graphics/logos/hii-01.png>
Package pdftex.def Info: /Users/dantopa/GitHub//latex-2025//global//graphics/lo
gos/hii-01.png  used on input line 136.
(pdftex.def)             Requested size: 13.59386pt x 14.22636pt.

Overfull \hbox (1.46664pt too wide) has occurred while \output is active
[][][] [][][] 
 []

[160

]
File: /Users/dantopa/GitHub//latex-2025//global//graphics/logos/afrl-logo.png G
raphic file (type png)
<use /Users/dantopa/GitHub//latex-2025//global//graphics/logos/afrl-logo.png>
Package pdftex.def Info: /Users/dantopa/GitHub//latex-2025//global//graphics/lo
gos/afrl-logo.png  used on input line 160.
(pdftex.def)             Requested size: 43.77304pt x 14.22636pt.
File: /Users/dantopa/GitHub//latex-2025//global//graphics/logos/af-01.png Graph
ic file (type png)
<use /Users/dantopa/GitHub//latex-2025//global//graphics/logos/af-01.png>
Package pdftex.def Info: /Users/dantopa/GitHub//latex-2025//global//graphics/lo
gos/af-01.png  used on input line 160.
(pdftex.def)             Requested size: 14.84773pt x 13.08846pt.
File: /Users/dantopa/GitHub//latex-2025//global//graphics/logos/sf-best.png Gra
phic file (type png)
<use /Users/dantopa/GitHub//latex-2025//global//graphics/logos/sf-best.png>
Package pdftex.def Info: /Users/dantopa/GitHub//latex-2025//global//graphics/lo
gos/sf-best.png  used on input line 160.
(pdftex.def)             Requested size: 16.20306pt x 16.21828pt.
File: /Users/dantopa/GitHub//latex-2025//global//graphics/logos/hii-01.png Grap
hic file (type png)
<use /Users/dantopa/GitHub//latex-2025//global//graphics/logos/hii-01.png>
Package pdftex.def Info: /Users/dantopa/GitHub//latex-2025//global//graphics/lo
gos/hii-01.png  used on input line 160.
(pdftex.def)             Requested size: 13.59386pt x 14.22636pt.

Overfull \hbox (1.46664pt too wide) has occurred while \output is active
[][][] [][][] 
 []

[161

]
File: /Users/dantopa/GitHub//latex-2025//global//graphics/logos/afrl-logo.png G
raphic file (type png)
<use /Users/dantopa/GitHub//latex-2025//global//graphics/logos/afrl-logo.png>
Package pdftex.def Info: /Users/dantopa/GitHub//latex-2025//global//graphics/lo
gos/afrl-logo.png  used on input line 169.
(pdftex.def)             Requested size: 43.77304pt x 14.22636pt.
File: /Users/dantopa/GitHub//latex-2025//global//graphics/logos/af-01.png Graph
ic file (type png)
<use /Users/dantopa/GitHub//latex-2025//global//graphics/logos/af-01.png>
Package pdftex.def Info: /Users/dantopa/GitHub//latex-2025//global//graphics/lo
gos/af-01.png  used on input line 169.
(pdftex.def)             Requested size: 14.84773pt x 13.08846pt.
File: /Users/dantopa/GitHub//latex-2025//global//graphics/logos/sf-best.png Gra
phic file (type png)
<use /Users/dantopa/GitHub//latex-2025//global//graphics/logos/sf-best.png>
Package pdftex.def Info: /Users/dantopa/GitHub//latex-2025//global//graphics/lo
gos/sf-best.png  used on input line 169.
(pdftex.def)             Requested size: 16.20306pt x 16.21828pt.
File: /Users/dantopa/GitHub//latex-2025//global//graphics/logos/hii-01.png Grap
hic file (type png)
<use /Users/dantopa/GitHub//latex-2025//global//graphics/logos/hii-01.png>
Package pdftex.def Info: /Users/dantopa/GitHub//latex-2025//global//graphics/lo
gos/hii-01.png  used on input line 169.
(pdftex.def)             Requested size: 13.59386pt x 14.22636pt.

Overfull \hbox (1.46664pt too wide) has occurred while \output is active
[][][] [][][] 
 []

[162

]

LaTeX Warning: Reference `important' on page 163 undefined on input line 181.

File: /Users/dantopa/GitHub//latex-2025//global//graphics/logos/afrl-logo.png G
raphic file (type png)
<use /Users/dantopa/GitHub//latex-2025//global//graphics/logos/afrl-logo.png>
Package pdftex.def Info: /Users/dantopa/GitHub//latex-2025//global//graphics/lo
gos/afrl-logo.png  used on input line 181.
(pdftex.def)             Requested size: 43.77304pt x 14.22636pt.
File: /Users/dantopa/GitHub//latex-2025//global//graphics/logos/af-01.png Graph
ic file (type png)
<use /Users/dantopa/GitHub//latex-2025//global//graphics/logos/af-01.png>
Package pdftex.def Info: /Users/dantopa/GitHub//latex-2025//global//graphics/lo
gos/af-01.png  used on input line 181.
(pdftex.def)             Requested size: 14.84773pt x 13.08846pt.
File: /Users/dantopa/GitHub//latex-2025//global//graphics/logos/sf-best.png Gra
phic file (type png)
<use /Users/dantopa/GitHub//latex-2025//global//graphics/logos/sf-best.png>
Package pdftex.def Info: /Users/dantopa/GitHub//latex-2025//global//graphics/lo
gos/sf-best.png  used on input line 181.
(pdftex.def)             Requested size: 16.20306pt x 16.21828pt.
File: /Users/dantopa/GitHub//latex-2025//global//graphics/logos/hii-01.png Grap
hic file (type png)
<use /Users/dantopa/GitHub//latex-2025//global//graphics/logos/hii-01.png>
Package pdftex.def Info: /Users/dantopa/GitHub//latex-2025//global//graphics/lo
gos/hii-01.png  used on input line 181.
(pdftex.def)             Requested size: 13.59386pt x 14.22636pt.

Overfull \hbox (1.46664pt too wide) has occurred while \output is active
[][][] [][][] 
 []

[163

]
File: /Users/dantopa/GitHub//latex-2025//global//graphics/logos/afrl-logo.png G
raphic file (type png)
<use /Users/dantopa/GitHub//latex-2025//global//graphics/logos/afrl-logo.png>
Package pdftex.def Info: /Users/dantopa/GitHub//latex-2025//global//graphics/lo
gos/afrl-logo.png  used on input line 193.
(pdftex.def)             Requested size: 43.77304pt x 14.22636pt.
File: /Users/dantopa/GitHub//latex-2025//global//graphics/logos/af-01.png Graph
ic file (type png)
<use /Users/dantopa/GitHub//latex-2025//global//graphics/logos/af-01.png>
Package pdftex.def Info: /Users/dantopa/GitHub//latex-2025//global//graphics/lo
gos/af-01.png  used on input line 193.
(pdftex.def)             Requested size: 14.84773pt x 13.08846pt.
File: /Users/dantopa/GitHub//latex-2025//global//graphics/logos/sf-best.png Gra
phic file (type png)
<use /Users/dantopa/GitHub//latex-2025//global//graphics/logos/sf-best.png>
Package pdftex.def Info: /Users/dantopa/GitHub//latex-2025//global//graphics/lo
gos/sf-best.png  used on input line 193.
(pdftex.def)             Requested size: 16.20306pt x 16.21828pt.
File: /Users/dantopa/GitHub//latex-2025//global//graphics/logos/hii-01.png Grap
hic file (type png)
<use /Users/dantopa/GitHub//latex-2025//global//graphics/logos/hii-01.png>
Package pdftex.def Info: /Users/dantopa/GitHub//latex-2025//global//graphics/lo
gos/hii-01.png  used on input line 193.
(pdftex.def)             Requested size: 13.59386pt x 14.22636pt.

Overfull \hbox (1.46664pt too wide) has occurred while \output is active
[][][] [][][] 
 []

[164

])
(/Users/dantopa/GitHub//latex-2025//pres/cwh-textbook//sections/ssec-poincare-e
igenstates.tex
 !! CONTENT SETUP !! /Users/dantopa/GitHub//latex-2025//pres/cwh-textbook//sect
ions/"ssec-poincare-eigenstates.tex"
File: /Users/dantopa/GitHub//latex-2025//global//graphics/logos/afrl-logo.png G
raphic file (type png)
<use /Users/dantopa/GitHub//latex-2025//global//graphics/logos/afrl-logo.png>
Package pdftex.def Info: /Users/dantopa/GitHub//latex-2025//global//graphics/lo
gos/afrl-logo.png  used on input line 25.
(pdftex.def)             Requested size: 43.77304pt x 14.22636pt.
File: /Users/dantopa/GitHub//latex-2025//global//graphics/logos/af-01.png Graph
ic file (type png)
<use /Users/dantopa/GitHub//latex-2025//global//graphics/logos/af-01.png>
Package pdftex.def Info: /Users/dantopa/GitHub//latex-2025//global//graphics/lo
gos/af-01.png  used on input line 25.
(pdftex.def)             Requested size: 14.84773pt x 13.08846pt.
File: /Users/dantopa/GitHub//latex-2025//global//graphics/logos/sf-best.png Gra
phic file (type png)
<use /Users/dantopa/GitHub//latex-2025//global//graphics/logos/sf-best.png>
Package pdftex.def Info: /Users/dantopa/GitHub//latex-2025//global//graphics/lo
gos/sf-best.png  used on input line 25.
(pdftex.def)             Requested size: 16.20306pt x 16.21828pt.
File: /Users/dantopa/GitHub//latex-2025//global//graphics/logos/hii-01.png Grap
hic file (type png)
<use /Users/dantopa/GitHub//latex-2025//global//graphics/logos/hii-01.png>
Package pdftex.def Info: /Users/dantopa/GitHub//latex-2025//global//graphics/lo
gos/hii-01.png  used on input line 25.
(pdftex.def)             Requested size: 13.59386pt x 14.22636pt.

Overfull \hbox (1.46664pt too wide) has occurred while \output is active
[][][] [][][] 
 []

[165

]
File: /Users/dantopa/GitHub//latex-2025//global//graphics/logos/afrl-logo.png G
raphic file (type png)
<use /Users/dantopa/GitHub//latex-2025//global//graphics/logos/afrl-logo.png>
Package pdftex.def Info: /Users/dantopa/GitHub//latex-2025//global//graphics/lo
gos/afrl-logo.png  used on input line 49.
(pdftex.def)             Requested size: 43.77304pt x 14.22636pt.
File: /Users/dantopa/GitHub//latex-2025//global//graphics/logos/af-01.png Graph
ic file (type png)
<use /Users/dantopa/GitHub//latex-2025//global//graphics/logos/af-01.png>
Package pdftex.def Info: /Users/dantopa/GitHub//latex-2025//global//graphics/lo
gos/af-01.png  used on input line 49.
(pdftex.def)             Requested size: 14.84773pt x 13.08846pt.
File: /Users/dantopa/GitHub//latex-2025//global//graphics/logos/sf-best.png Gra
phic file (type png)
<use /Users/dantopa/GitHub//latex-2025//global//graphics/logos/sf-best.png>
Package pdftex.def Info: /Users/dantopa/GitHub//latex-2025//global//graphics/lo
gos/sf-best.png  used on input line 49.
(pdftex.def)             Requested size: 16.20306pt x 16.21828pt.
File: /Users/dantopa/GitHub//latex-2025//global//graphics/logos/hii-01.png Grap
hic file (type png)
<use /Users/dantopa/GitHub//latex-2025//global//graphics/logos/hii-01.png>
Package pdftex.def Info: /Users/dantopa/GitHub//latex-2025//global//graphics/lo
gos/hii-01.png  used on input line 49.
(pdftex.def)             Requested size: 13.59386pt x 14.22636pt.

Overfull \hbox (1.46664pt too wide) has occurred while \output is active
[][][] [][][] 
 []

[166

]

Package hyperref Warning: Suppressing link with empty target on input line 67.

</Users/dantopa/GitHub//latex-2025//pres/cwh-textbook//local//graphics//phase/U
rosticte-colorbar.pdf, id=7496, 260.975pt x 95.35625pt>
File: /Users/dantopa/GitHub//latex-2025//pres/cwh-textbook//local//graphics//ph
ase/Urosticte-colorbar.pdf Graphic file (type pdf)
<use /Users/dantopa/GitHub//latex-2025//pres/cwh-textbook//local//graphics//pha
se/Urosticte-colorbar.pdf>
Package pdftex.def Info: /Users/dantopa/GitHub//latex-2025//pres/cwh-textbook//
local//graphics//phase/Urosticte-colorbar.pdf  used on input line 67.
(pdftex.def)             Requested size: 307.28987pt x 112.28076pt.
File: /Users/dantopa/GitHub//latex-2025//global//graphics/logos/afrl-logo.png G
raphic file (type png)
<use /Users/dantopa/GitHub//latex-2025//global//graphics/logos/afrl-logo.png>
Package pdftex.def Info: /Users/dantopa/GitHub//latex-2025//global//graphics/lo
gos/afrl-logo.png  used on input line 67.
(pdftex.def)             Requested size: 43.77304pt x 14.22636pt.
File: /Users/dantopa/GitHub//latex-2025//global//graphics/logos/af-01.png Graph
ic file (type png)
<use /Users/dantopa/GitHub//latex-2025//global//graphics/logos/af-01.png>
Package pdftex.def Info: /Users/dantopa/GitHub//latex-2025//global//graphics/lo
gos/af-01.png  used on input line 67.
(pdftex.def)             Requested size: 14.84773pt x 13.08846pt.
File: /Users/dantopa/GitHub//latex-2025//global//graphics/logos/sf-best.png Gra
phic file (type png)
<use /Users/dantopa/GitHub//latex-2025//global//graphics/logos/sf-best.png>
Package pdftex.def Info: /Users/dantopa/GitHub//latex-2025//global//graphics/lo
gos/sf-best.png  used on input line 67.
(pdftex.def)             Requested size: 16.20306pt x 16.21828pt.
File: /Users/dantopa/GitHub//latex-2025//global//graphics/logos/hii-01.png Grap
hic file (type png)
<use /Users/dantopa/GitHub//latex-2025//global//graphics/logos/hii-01.png>
Package pdftex.def Info: /Users/dantopa/GitHub//latex-2025//global//graphics/lo
gos/hii-01.png  used on input line 67.
(pdftex.def)             Requested size: 13.59386pt x 14.22636pt.

Overfull \hbox (1.46664pt too wide) has occurred while \output is active
[][][] [][][] 
 []

[167

 </Users/dantopa/GitHub//latex-2025//pres/cwh-textbook//local//graphics//phase/
Urosticte-colorbar.pdf>]
(/Users/dantopa/GitHub//latex-2025//pres/cwh-textbook//sections/sssec-portraits
-k1.tex
 !! CONTENT SETUP !! /Users/dantopa/GitHub//latex-2025//pres/cwh-textbook//sect
ions/"sssec-portraits-k1.tex"

Package hyperref Warning: Suppressing link with empty target on input line 23.

</Users/dantopa/GitHub//latex-2025//pres/cwh-textbook//local//graphics//phase/U
rosticte-100000xdotx.pdf, id=7554, 260.975pt x 225.84375pt>
File: /Users/dantopa/GitHub//latex-2025//pres/cwh-textbook//local//graphics//ph
ase/Urosticte-100000xdotx.pdf Graphic file (type pdf)
<use /Users/dantopa/GitHub//latex-2025//pres/cwh-textbook//local//graphics//pha
se/Urosticte-100000xdotx.pdf>
Package pdftex.def Info: /Users/dantopa/GitHub//latex-2025//pres/cwh-textbook//
local//graphics//phase/Urosticte-100000xdotx.pdf  used on input line 23.
(pdftex.def)             Requested size: 199.73653pt x 172.8526pt.
File: /Users/dantopa/GitHub//latex-2025//global//graphics/logos/afrl-logo.png G
raphic file (type png)
<use /Users/dantopa/GitHub//latex-2025//global//graphics/logos/afrl-logo.png>
Package pdftex.def Info: /Users/dantopa/GitHub//latex-2025//global//graphics/lo
gos/afrl-logo.png  used on input line 23.
(pdftex.def)             Requested size: 43.77304pt x 14.22636pt.
File: /Users/dantopa/GitHub//latex-2025//global//graphics/logos/af-01.png Graph
ic file (type png)
<use /Users/dantopa/GitHub//latex-2025//global//graphics/logos/af-01.png>
Package pdftex.def Info: /Users/dantopa/GitHub//latex-2025//global//graphics/lo
gos/af-01.png  used on input line 23.
(pdftex.def)             Requested size: 14.84773pt x 13.08846pt.
File: /Users/dantopa/GitHub//latex-2025//global//graphics/logos/sf-best.png Gra
phic file (type png)
<use /Users/dantopa/GitHub//latex-2025//global//graphics/logos/sf-best.png>
Package pdftex.def Info: /Users/dantopa/GitHub//latex-2025//global//graphics/lo
gos/sf-best.png  used on input line 23.
(pdftex.def)             Requested size: 16.20306pt x 16.21828pt.
File: /Users/dantopa/GitHub//latex-2025//global//graphics/logos/hii-01.png Grap
hic file (type png)
<use /Users/dantopa/GitHub//latex-2025//global//graphics/logos/hii-01.png>
Package pdftex.def Info: /Users/dantopa/GitHub//latex-2025//global//graphics/lo
gos/hii-01.png  used on input line 23.
(pdftex.def)             Requested size: 13.59386pt x 14.22636pt.

Overfull \hbox (1.46664pt too wide) has occurred while \output is active
[][][] [][][] 
 []

[168

 </Users/dantopa/GitHub//latex-2025//pres/cwh-textbook//local//graphics//phase/
Urosticte-100000xdotx.pdf>]
File: /Users/dantopa/GitHub//latex-2025//global//graphics/logos/afrl-logo.png G
raphic file (type png)
<use /Users/dantopa/GitHub//latex-2025//global//graphics/logos/afrl-logo.png>
Package pdftex.def Info: /Users/dantopa/GitHub//latex-2025//global//graphics/lo
gos/afrl-logo.png  used on input line 29.
(pdftex.def)             Requested size: 43.77304pt x 14.22636pt.
File: /Users/dantopa/GitHub//latex-2025//global//graphics/logos/af-01.png Graph
ic file (type png)
<use /Users/dantopa/GitHub//latex-2025//global//graphics/logos/af-01.png>
Package pdftex.def Info: /Users/dantopa/GitHub//latex-2025//global//graphics/lo
gos/af-01.png  used on input line 29.
(pdftex.def)             Requested size: 14.84773pt x 13.08846pt.
File: /Users/dantopa/GitHub//latex-2025//global//graphics/logos/sf-best.png Gra
phic file (type png)
<use /Users/dantopa/GitHub//latex-2025//global//graphics/logos/sf-best.png>
Package pdftex.def Info: /Users/dantopa/GitHub//latex-2025//global//graphics/lo
gos/sf-best.png  used on input line 29.
(pdftex.def)             Requested size: 16.20306pt x 16.21828pt.
File: /Users/dantopa/GitHub//latex-2025//global//graphics/logos/hii-01.png Grap
hic file (type png)
<use /Users/dantopa/GitHub//latex-2025//global//graphics/logos/hii-01.png>
Package pdftex.def Info: /Users/dantopa/GitHub//latex-2025//global//graphics/lo
gos/hii-01.png  used on input line 29.
(pdftex.def)             Requested size: 13.59386pt x 14.22636pt.

Overfull \hbox (1.46664pt too wide) has occurred while \output is active
[][][] [][][] 
 []

[169

]

Package hyperref Warning: Suppressing link with empty target on input line 49.

</Users/dantopa/GitHub//latex-2025//pres/cwh-textbook//local//graphics//phase/U
rosticte-100000ydoty.pdf, id=7655, 260.975pt x 92.345pt>
File: /Users/dantopa/GitHub//latex-2025//pres/cwh-textbook//local//graphics//ph
ase/Urosticte-100000ydoty.pdf Graphic file (type pdf)
<use /Users/dantopa/GitHub//latex-2025//pres/cwh-textbook//local//graphics//pha
se/Urosticte-100000ydoty.pdf>
Package pdftex.def Info: /Users/dantopa/GitHub//latex-2025//pres/cwh-textbook//
local//graphics//phase/Urosticte-100000ydoty.pdf  used on input line 49.
(pdftex.def)             Requested size: 230.46739pt x 81.55128pt.
File: /Users/dantopa/GitHub//latex-2025//global//graphics/logos/afrl-logo.png G
raphic file (type png)
<use /Users/dantopa/GitHub//latex-2025//global//graphics/logos/afrl-logo.png>
Package pdftex.def Info: /Users/dantopa/GitHub//latex-2025//global//graphics/lo
gos/afrl-logo.png  used on input line 49.
(pdftex.def)             Requested size: 43.77304pt x 14.22636pt.
File: /Users/dantopa/GitHub//latex-2025//global//graphics/logos/af-01.png Graph
ic file (type png)
<use /Users/dantopa/GitHub//latex-2025//global//graphics/logos/af-01.png>
Package pdftex.def Info: /Users/dantopa/GitHub//latex-2025//global//graphics/lo
gos/af-01.png  used on input line 49.
(pdftex.def)             Requested size: 14.84773pt x 13.08846pt.
File: /Users/dantopa/GitHub//latex-2025//global//graphics/logos/sf-best.png Gra
phic file (type png)
<use /Users/dantopa/GitHub//latex-2025//global//graphics/logos/sf-best.png>
Package pdftex.def Info: /Users/dantopa/GitHub//latex-2025//global//graphics/lo
gos/sf-best.png  used on input line 49.
(pdftex.def)             Requested size: 16.20306pt x 16.21828pt.
File: /Users/dantopa/GitHub//latex-2025//global//graphics/logos/hii-01.png Grap
hic file (type png)
<use /Users/dantopa/GitHub//latex-2025//global//graphics/logos/hii-01.png>
Package pdftex.def Info: /Users/dantopa/GitHub//latex-2025//global//graphics/lo
gos/hii-01.png  used on input line 49.
(pdftex.def)             Requested size: 13.59386pt x 14.22636pt.

Overfull \hbox (1.46664pt too wide) has occurred while \output is active
[][][] [][][] 
 []

[170

 </Users/dantopa/GitHub//latex-2025//pres/cwh-textbook//local//graphics//phase/
Urosticte-100000ydoty.pdf>]
File: /Users/dantopa/GitHub//latex-2025//global//graphics/logos/afrl-logo.png G
raphic file (type png)
<use /Users/dantopa/GitHub//latex-2025//global//graphics/logos/afrl-logo.png>
Package pdftex.def Info: /Users/dantopa/GitHub//latex-2025//global//graphics/lo
gos/afrl-logo.png  used on input line 55.
(pdftex.def)             Requested size: 43.77304pt x 14.22636pt.
File: /Users/dantopa/GitHub//latex-2025//global//graphics/logos/af-01.png Graph
ic file (type png)
<use /Users/dantopa/GitHub//latex-2025//global//graphics/logos/af-01.png>
Package pdftex.def Info: /Users/dantopa/GitHub//latex-2025//global//graphics/lo
gos/af-01.png  used on input line 55.
(pdftex.def)             Requested size: 14.84773pt x 13.08846pt.
File: /Users/dantopa/GitHub//latex-2025//global//graphics/logos/sf-best.png Gra
phic file (type png)
<use /Users/dantopa/GitHub//latex-2025//global//graphics/logos/sf-best.png>
Package pdftex.def Info: /Users/dantopa/GitHub//latex-2025//global//graphics/lo
gos/sf-best.png  used on input line 55.
(pdftex.def)             Requested size: 16.20306pt x 16.21828pt.
File: /Users/dantopa/GitHub//latex-2025//global//graphics/logos/hii-01.png Grap
hic file (type png)
<use /Users/dantopa/GitHub//latex-2025//global//graphics/logos/hii-01.png>
Package pdftex.def Info: /Users/dantopa/GitHub//latex-2025//global//graphics/lo
gos/hii-01.png  used on input line 55.
(pdftex.def)             Requested size: 13.59386pt x 14.22636pt.

Overfull \hbox (1.46664pt too wide) has occurred while \output is active
[][][] [][][] 
 []

[171

]

Package hyperref Warning: Suppressing link with empty target on input line 76.

</Users/dantopa/GitHub//latex-2025//pres/cwh-textbook//local//graphics//phase/U
rosticte-0.pdf, id=7753, 260.975pt x 278.03876pt>
File: /Users/dantopa/GitHub//latex-2025//pres/cwh-textbook//local//graphics//ph
ase/Urosticte-0.pdf Graphic file (type pdf)
<use /Users/dantopa/GitHub//latex-2025//pres/cwh-textbook//local//graphics//pha
se/Urosticte-0.pdf>
Package pdftex.def Info: /Users/dantopa/GitHub//latex-2025//pres/cwh-textbook//
local//graphics//phase/Urosticte-0.pdf  used on input line 76.
(pdftex.def)             Requested size: 153.64493pt x 163.69354pt.
File: /Users/dantopa/GitHub//latex-2025//global//graphics/logos/afrl-logo.png G
raphic file (type png)
<use /Users/dantopa/GitHub//latex-2025//global//graphics/logos/afrl-logo.png>
Package pdftex.def Info: /Users/dantopa/GitHub//latex-2025//global//graphics/lo
gos/afrl-logo.png  used on input line 76.
(pdftex.def)             Requested size: 43.77304pt x 14.22636pt.
File: /Users/dantopa/GitHub//latex-2025//global//graphics/logos/af-01.png Graph
ic file (type png)
<use /Users/dantopa/GitHub//latex-2025//global//graphics/logos/af-01.png>
Package pdftex.def Info: /Users/dantopa/GitHub//latex-2025//global//graphics/lo
gos/af-01.png  used on input line 76.
(pdftex.def)             Requested size: 14.84773pt x 13.08846pt.
File: /Users/dantopa/GitHub//latex-2025//global//graphics/logos/sf-best.png Gra
phic file (type png)
<use /Users/dantopa/GitHub//latex-2025//global//graphics/logos/sf-best.png>
Package pdftex.def Info: /Users/dantopa/GitHub//latex-2025//global//graphics/lo
gos/sf-best.png  used on input line 76.
(pdftex.def)             Requested size: 16.20306pt x 16.21828pt.
File: /Users/dantopa/GitHub//latex-2025//global//graphics/logos/hii-01.png Grap
hic file (type png)
<use /Users/dantopa/GitHub//latex-2025//global//graphics/logos/hii-01.png>
Package pdftex.def Info: /Users/dantopa/GitHub//latex-2025//global//graphics/lo
gos/hii-01.png  used on input line 76.
(pdftex.def)             Requested size: 13.59386pt x 14.22636pt.

Overfull \hbox (1.46664pt too wide) has occurred while \output is active
[][][] [][][] 
 []

[172

 </Users/dantopa/GitHub//latex-2025//pres/cwh-textbook//local//graphics//phase/
Urosticte-0.pdf>]
File: /Users/dantopa/GitHub//latex-2025//global//graphics/logos/afrl-logo.png G
raphic file (type png)
<use /Users/dantopa/GitHub//latex-2025//global//graphics/logos/afrl-logo.png>
Package pdftex.def Info: /Users/dantopa/GitHub//latex-2025//global//graphics/lo
gos/afrl-logo.png  used on input line 81.
(pdftex.def)             Requested size: 43.77304pt x 14.22636pt.
File: /Users/dantopa/GitHub//latex-2025//global//graphics/logos/af-01.png Graph
ic file (type png)
<use /Users/dantopa/GitHub//latex-2025//global//graphics/logos/af-01.png>
Package pdftex.def Info: /Users/dantopa/GitHub//latex-2025//global//graphics/lo
gos/af-01.png  used on input line 81.
(pdftex.def)             Requested size: 14.84773pt x 13.08846pt.
File: /Users/dantopa/GitHub//latex-2025//global//graphics/logos/sf-best.png Gra
phic file (type png)
<use /Users/dantopa/GitHub//latex-2025//global//graphics/logos/sf-best.png>
Package pdftex.def Info: /Users/dantopa/GitHub//latex-2025//global//graphics/lo
gos/sf-best.png  used on input line 81.
(pdftex.def)             Requested size: 16.20306pt x 16.21828pt.
File: /Users/dantopa/GitHub//latex-2025//global//graphics/logos/hii-01.png Grap
hic file (type png)
<use /Users/dantopa/GitHub//latex-2025//global//graphics/logos/hii-01.png>
Package pdftex.def Info: /Users/dantopa/GitHub//latex-2025//global//graphics/lo
gos/hii-01.png  used on input line 81.
(pdftex.def)             Requested size: 13.59386pt x 14.22636pt.

Overfull \hbox (1.46664pt too wide) has occurred while \output is active
[][][] [][][] 
 []

[173

]

Package hyperref Warning: Suppressing link with empty target on input line 99.

</Users/dantopa/GitHub//latex-2025//pres/cwh-textbook//local//graphics//phase/U
rosticte-100000xy.pdf, id=7852, 73.27374pt x 313.17pt>
File: /Users/dantopa/GitHub//latex-2025//pres/cwh-textbook//local//graphics//ph
ase/Urosticte-100000xy.pdf Graphic file (type pdf)
<use /Users/dantopa/GitHub//latex-2025//pres/cwh-textbook//local//graphics//pha
se/Urosticte-100000xy.pdf>
Package pdftex.def Info: /Users/dantopa/GitHub//latex-2025//pres/cwh-textbook//
local//graphics//phase/Urosticte-100000xy.pdf  used on input line 99.
(pdftex.def)             Requested size: 38.71973pt x 165.48288pt.
File: /Users/dantopa/GitHub//latex-2025//global//graphics/logos/afrl-logo.png G
raphic file (type png)
<use /Users/dantopa/GitHub//latex-2025//global//graphics/logos/afrl-logo.png>
Package pdftex.def Info: /Users/dantopa/GitHub//latex-2025//global//graphics/lo
gos/afrl-logo.png  used on input line 99.
(pdftex.def)             Requested size: 43.77304pt x 14.22636pt.
File: /Users/dantopa/GitHub//latex-2025//global//graphics/logos/af-01.png Graph
ic file (type png)
<use /Users/dantopa/GitHub//latex-2025//global//graphics/logos/af-01.png>
Package pdftex.def Info: /Users/dantopa/GitHub//latex-2025//global//graphics/lo
gos/af-01.png  used on input line 99.
(pdftex.def)             Requested size: 14.84773pt x 13.08846pt.
File: /Users/dantopa/GitHub//latex-2025//global//graphics/logos/sf-best.png Gra
phic file (type png)
<use /Users/dantopa/GitHub//latex-2025//global//graphics/logos/sf-best.png>
Package pdftex.def Info: /Users/dantopa/GitHub//latex-2025//global//graphics/lo
gos/sf-best.png  used on input line 99.
(pdftex.def)             Requested size: 16.20306pt x 16.21828pt.
File: /Users/dantopa/GitHub//latex-2025//global//graphics/logos/hii-01.png Grap
hic file (type png)
<use /Users/dantopa/GitHub//latex-2025//global//graphics/logos/hii-01.png>
Package pdftex.def Info: /Users/dantopa/GitHub//latex-2025//global//graphics/lo
gos/hii-01.png  used on input line 99.
(pdftex.def)             Requested size: 13.59386pt x 14.22636pt.

Overfull \hbox (1.46664pt too wide) has occurred while \output is active
[][][] [][][] 
 []

[174

 </Users/dantopa/GitHub//latex-2025//pres/cwh-textbook//local//graphics//phase/
Urosticte-100000xy.pdf>]
File: /Users/dantopa/GitHub//latex-2025//global//graphics/logos/afrl-logo.png G
raphic file (type png)
<use /Users/dantopa/GitHub//latex-2025//global//graphics/logos/afrl-logo.png>
Package pdftex.def Info: /Users/dantopa/GitHub//latex-2025//global//graphics/lo
gos/afrl-logo.png  used on input line 108.
(pdftex.def)             Requested size: 43.77304pt x 14.22636pt.
File: /Users/dantopa/GitHub//latex-2025//global//graphics/logos/af-01.png Graph
ic file (type png)
<use /Users/dantopa/GitHub//latex-2025//global//graphics/logos/af-01.png>
Package pdftex.def Info: /Users/dantopa/GitHub//latex-2025//global//graphics/lo
gos/af-01.png  used on input line 108.
(pdftex.def)             Requested size: 14.84773pt x 13.08846pt.
File: /Users/dantopa/GitHub//latex-2025//global//graphics/logos/sf-best.png Gra
phic file (type png)
<use /Users/dantopa/GitHub//latex-2025//global//graphics/logos/sf-best.png>
Package pdftex.def Info: /Users/dantopa/GitHub//latex-2025//global//graphics/lo
gos/sf-best.png  used on input line 108.
(pdftex.def)             Requested size: 16.20306pt x 16.21828pt.
File: /Users/dantopa/GitHub//latex-2025//global//graphics/logos/hii-01.png Grap
hic file (type png)
<use /Users/dantopa/GitHub//latex-2025//global//graphics/logos/hii-01.png>
Package pdftex.def Info: /Users/dantopa/GitHub//latex-2025//global//graphics/lo
gos/hii-01.png  used on input line 108.
(pdftex.def)             Requested size: 13.59386pt x 14.22636pt.

Overfull \hbox (1.46664pt too wide) has occurred while \output is active
[][][] [][][] 
 []

[175

]
File: /Users/dantopa/GitHub//latex-2025//global//graphics/logos/afrl-logo.png G
raphic file (type png)
<use /Users/dantopa/GitHub//latex-2025//global//graphics/logos/afrl-logo.png>
Package pdftex.def Info: /Users/dantopa/GitHub//latex-2025//global//graphics/lo
gos/afrl-logo.png  used on input line 126.
(pdftex.def)             Requested size: 43.77304pt x 14.22636pt.
File: /Users/dantopa/GitHub//latex-2025//global//graphics/logos/af-01.png Graph
ic file (type png)
<use /Users/dantopa/GitHub//latex-2025//global//graphics/logos/af-01.png>
Package pdftex.def Info: /Users/dantopa/GitHub//latex-2025//global//graphics/lo
gos/af-01.png  used on input line 126.
(pdftex.def)             Requested size: 14.84773pt x 13.08846pt.
File: /Users/dantopa/GitHub//latex-2025//global//graphics/logos/sf-best.png Gra
phic file (type png)
<use /Users/dantopa/GitHub//latex-2025//global//graphics/logos/sf-best.png>
Package pdftex.def Info: /Users/dantopa/GitHub//latex-2025//global//graphics/lo
gos/sf-best.png  used on input line 126.
(pdftex.def)             Requested size: 16.20306pt x 16.21828pt.
File: /Users/dantopa/GitHub//latex-2025//global//graphics/logos/hii-01.png Grap
hic file (type png)
<use /Users/dantopa/GitHub//latex-2025//global//graphics/logos/hii-01.png>
Package pdftex.def Info: /Users/dantopa/GitHub//latex-2025//global//graphics/lo
gos/hii-01.png  used on input line 126.
(pdftex.def)             Requested size: 13.59386pt x 14.22636pt.

Overfull \hbox (1.46664pt too wide) has occurred while \output is active
[][][] [][][] 
 []

[176

]
File: /Users/dantopa/GitHub//latex-2025//global//graphics/logos/afrl-logo.png G
raphic file (type png)
<use /Users/dantopa/GitHub//latex-2025//global//graphics/logos/afrl-logo.png>
Package pdftex.def Info: /Users/dantopa/GitHub//latex-2025//global//graphics/lo
gos/afrl-logo.png  used on input line 136.
(pdftex.def)             Requested size: 43.77304pt x 14.22636pt.
File: /Users/dantopa/GitHub//latex-2025//global//graphics/logos/af-01.png Graph
ic file (type png)
<use /Users/dantopa/GitHub//latex-2025//global//graphics/logos/af-01.png>
Package pdftex.def Info: /Users/dantopa/GitHub//latex-2025//global//graphics/lo
gos/af-01.png  used on input line 136.
(pdftex.def)             Requested size: 14.84773pt x 13.08846pt.
File: /Users/dantopa/GitHub//latex-2025//global//graphics/logos/sf-best.png Gra
phic file (type png)
<use /Users/dantopa/GitHub//latex-2025//global//graphics/logos/sf-best.png>
Package pdftex.def Info: /Users/dantopa/GitHub//latex-2025//global//graphics/lo
gos/sf-best.png  used on input line 136.
(pdftex.def)             Requested size: 16.20306pt x 16.21828pt.
File: /Users/dantopa/GitHub//latex-2025//global//graphics/logos/hii-01.png Grap
hic file (type png)
<use /Users/dantopa/GitHub//latex-2025//global//graphics/logos/hii-01.png>
Package pdftex.def Info: /Users/dantopa/GitHub//latex-2025//global//graphics/lo
gos/hii-01.png  used on input line 136.
(pdftex.def)             Requested size: 13.59386pt x 14.22636pt.

Overfull \hbox (1.46664pt too wide) has occurred while \output is active
[][][] [][][] 
 []

[177

])
(/Users/dantopa/GitHub//latex-2025//pres/cwh-textbook//sections/sssec-portraits
-k2.tex
 !! CONTENT SETUP !! /Users/dantopa/GitHub//latex-2025//pres/cwh-textbook//sect
ions/"sssec-portraits-k2.tex"
File: /Users/dantopa/GitHub//latex-2025//global//graphics/logos/afrl-logo.png G
raphic file (type png)
<use /Users/dantopa/GitHub//latex-2025//global//graphics/logos/afrl-logo.png>
Package pdftex.def Info: /Users/dantopa/GitHub//latex-2025//global//graphics/lo
gos/afrl-logo.png  used on input line 58.
(pdftex.def)             Requested size: 43.77304pt x 14.22636pt.
File: /Users/dantopa/GitHub//latex-2025//global//graphics/logos/af-01.png Graph
ic file (type png)
<use /Users/dantopa/GitHub//latex-2025//global//graphics/logos/af-01.png>
Package pdftex.def Info: /Users/dantopa/GitHub//latex-2025//global//graphics/lo
gos/af-01.png  used on input line 58.
(pdftex.def)             Requested size: 14.84773pt x 13.08846pt.
File: /Users/dantopa/GitHub//latex-2025//global//graphics/logos/sf-best.png Gra
phic file (type png)
<use /Users/dantopa/GitHub//latex-2025//global//graphics/logos/sf-best.png>
Package pdftex.def Info: /Users/dantopa/GitHub//latex-2025//global//graphics/lo
gos/sf-best.png  used on input line 58.
(pdftex.def)             Requested size: 16.20306pt x 16.21828pt.
File: /Users/dantopa/GitHub//latex-2025//global//graphics/logos/hii-01.png Grap
hic file (type png)
<use /Users/dantopa/GitHub//latex-2025//global//graphics/logos/hii-01.png>
Package pdftex.def Info: /Users/dantopa/GitHub//latex-2025//global//graphics/lo
gos/hii-01.png  used on input line 58.
(pdftex.def)             Requested size: 13.59386pt x 14.22636pt.

Overfull \hbox (1.46664pt too wide) has occurred while \output is active
[][][] [][][] 
 []

[178

]

Package hyperref Warning: Suppressing link with empty target on input line 75.

</Users/dantopa/GitHub//latex-2025//pres/cwh-textbook//local//graphics//phase/U
rosticte-k=2.pdf, id=8081, 260.975pt x 166.6225pt>
File: /Users/dantopa/GitHub//latex-2025//pres/cwh-textbook//local//graphics//ph
ase/Urosticte-k=2.pdf Graphic file (type pdf)
<use /Users/dantopa/GitHub//latex-2025//pres/cwh-textbook//local//graphics//pha
se/Urosticte-k=2.pdf>
Package pdftex.def Info: /Users/dantopa/GitHub//latex-2025//pres/cwh-textbook//
local//graphics//phase/Urosticte-k=2.pdf  used on input line 75.
(pdftex.def)             Requested size: 230.46739pt x 147.1469pt.
File: /Users/dantopa/GitHub//latex-2025//global//graphics/logos/afrl-logo.png G
raphic file (type png)
<use /Users/dantopa/GitHub//latex-2025//global//graphics/logos/afrl-logo.png>
Package pdftex.def Info: /Users/dantopa/GitHub//latex-2025//global//graphics/lo
gos/afrl-logo.png  used on input line 75.
(pdftex.def)             Requested size: 43.77304pt x 14.22636pt.
File: /Users/dantopa/GitHub//latex-2025//global//graphics/logos/af-01.png Graph
ic file (type png)
<use /Users/dantopa/GitHub//latex-2025//global//graphics/logos/af-01.png>
Package pdftex.def Info: /Users/dantopa/GitHub//latex-2025//global//graphics/lo
gos/af-01.png  used on input line 75.
(pdftex.def)             Requested size: 14.84773pt x 13.08846pt.
File: /Users/dantopa/GitHub//latex-2025//global//graphics/logos/sf-best.png Gra
phic file (type png)
<use /Users/dantopa/GitHub//latex-2025//global//graphics/logos/sf-best.png>
Package pdftex.def Info: /Users/dantopa/GitHub//latex-2025//global//graphics/lo
gos/sf-best.png  used on input line 75.
(pdftex.def)             Requested size: 16.20306pt x 16.21828pt.
File: /Users/dantopa/GitHub//latex-2025//global//graphics/logos/hii-01.png Grap
hic file (type png)
<use /Users/dantopa/GitHub//latex-2025//global//graphics/logos/hii-01.png>
Package pdftex.def Info: /Users/dantopa/GitHub//latex-2025//global//graphics/lo
gos/hii-01.png  used on input line 75.
(pdftex.def)             Requested size: 13.59386pt x 14.22636pt.

Overfull \hbox (1.46664pt too wide) has occurred while \output is active
[][][] [][][] 
 []

[179

 </Users/dantopa/GitHub//latex-2025//pres/cwh-textbook//local//graphics//phase/
Urosticte-k=2.pdf>]
File: /Users/dantopa/GitHub//latex-2025//global//graphics/logos/afrl-logo.png G
raphic file (type png)
<use /Users/dantopa/GitHub//latex-2025//global//graphics/logos/afrl-logo.png>
Package pdftex.def Info: /Users/dantopa/GitHub//latex-2025//global//graphics/lo
gos/afrl-logo.png  used on input line 81.
(pdftex.def)             Requested size: 43.77304pt x 14.22636pt.
File: /Users/dantopa/GitHub//latex-2025//global//graphics/logos/af-01.png Graph
ic file (type png)
<use /Users/dantopa/GitHub//latex-2025//global//graphics/logos/af-01.png>
Package pdftex.def Info: /Users/dantopa/GitHub//latex-2025//global//graphics/lo
gos/af-01.png  used on input line 81.
(pdftex.def)             Requested size: 14.84773pt x 13.08846pt.
File: /Users/dantopa/GitHub//latex-2025//global//graphics/logos/sf-best.png Gra
phic file (type png)
<use /Users/dantopa/GitHub//latex-2025//global//graphics/logos/sf-best.png>
Package pdftex.def Info: /Users/dantopa/GitHub//latex-2025//global//graphics/lo
gos/sf-best.png  used on input line 81.
(pdftex.def)             Requested size: 16.20306pt x 16.21828pt.
File: /Users/dantopa/GitHub//latex-2025//global//graphics/logos/hii-01.png Grap
hic file (type png)
<use /Users/dantopa/GitHub//latex-2025//global//graphics/logos/hii-01.png>
Package pdftex.def Info: /Users/dantopa/GitHub//latex-2025//global//graphics/lo
gos/hii-01.png  used on input line 81.
(pdftex.def)             Requested size: 13.59386pt x 14.22636pt.

Overfull \hbox (1.46664pt too wide) has occurred while \output is active
[][][] [][][] 
 []

[180

])
(/Users/dantopa/GitHub//latex-2025//pres/cwh-textbook//sections/sssec-portraits
-k3.tex
 !! CONTENT SETUP !! /Users/dantopa/GitHub//latex-2025//pres/cwh-textbook//sect
ions/"sssec-portraits-k3.tex"
File: /Users/dantopa/GitHub//latex-2025//global//graphics/logos/afrl-logo.png G
raphic file (type png)
<use /Users/dantopa/GitHub//latex-2025//global//graphics/logos/afrl-logo.png>
Package pdftex.def Info: /Users/dantopa/GitHub//latex-2025//global//graphics/lo
gos/afrl-logo.png  used on input line 36.
(pdftex.def)             Requested size: 43.77304pt x 14.22636pt.
File: /Users/dantopa/GitHub//latex-2025//global//graphics/logos/af-01.png Graph
ic file (type png)
<use /Users/dantopa/GitHub//latex-2025//global//graphics/logos/af-01.png>
Package pdftex.def Info: /Users/dantopa/GitHub//latex-2025//global//graphics/lo
gos/af-01.png  used on input line 36.
(pdftex.def)             Requested size: 14.84773pt x 13.08846pt.
File: /Users/dantopa/GitHub//latex-2025//global//graphics/logos/sf-best.png Gra
phic file (type png)
<use /Users/dantopa/GitHub//latex-2025//global//graphics/logos/sf-best.png>
Package pdftex.def Info: /Users/dantopa/GitHub//latex-2025//global//graphics/lo
gos/sf-best.png  used on input line 36.
(pdftex.def)             Requested size: 16.20306pt x 16.21828pt.
File: /Users/dantopa/GitHub//latex-2025//global//graphics/logos/hii-01.png Grap
hic file (type png)
<use /Users/dantopa/GitHub//latex-2025//global//graphics/logos/hii-01.png>
Package pdftex.def Info: /Users/dantopa/GitHub//latex-2025//global//graphics/lo
gos/hii-01.png  used on input line 36.
(pdftex.def)             Requested size: 13.59386pt x 14.22636pt.

Overfull \hbox (1.46664pt too wide) has occurred while \output is active
[][][] [][][] 
 []

[181

]

Package hyperref Warning: Suppressing link with empty target on input line 53.

</Users/dantopa/GitHub//latex-2025//pres/cwh-textbook//local//graphics//phase/U
rosticte-k=3.pdf, id=8225, 260.975pt x 260.975pt>
File: /Users/dantopa/GitHub//latex-2025//pres/cwh-textbook//local//graphics//ph
ase/Urosticte-k=3.pdf Graphic file (type pdf)
<use /Users/dantopa/GitHub//latex-2025//pres/cwh-textbook//local//graphics//pha
se/Urosticte-k=3.pdf>
Package pdftex.def Info: /Users/dantopa/GitHub//latex-2025//pres/cwh-textbook//
local//graphics//phase/Urosticte-k=3.pdf  used on input line 53.
(pdftex.def)             Requested size: 169.01036pt x 169.01053pt.
File: /Users/dantopa/GitHub//latex-2025//global//graphics/logos/afrl-logo.png G
raphic file (type png)
<use /Users/dantopa/GitHub//latex-2025//global//graphics/logos/afrl-logo.png>
Package pdftex.def Info: /Users/dantopa/GitHub//latex-2025//global//graphics/lo
gos/afrl-logo.png  used on input line 53.
(pdftex.def)             Requested size: 43.77304pt x 14.22636pt.
File: /Users/dantopa/GitHub//latex-2025//global//graphics/logos/af-01.png Graph
ic file (type png)
<use /Users/dantopa/GitHub//latex-2025//global//graphics/logos/af-01.png>
Package pdftex.def Info: /Users/dantopa/GitHub//latex-2025//global//graphics/lo
gos/af-01.png  used on input line 53.
(pdftex.def)             Requested size: 14.84773pt x 13.08846pt.
File: /Users/dantopa/GitHub//latex-2025//global//graphics/logos/sf-best.png Gra
phic file (type png)
<use /Users/dantopa/GitHub//latex-2025//global//graphics/logos/sf-best.png>
Package pdftex.def Info: /Users/dantopa/GitHub//latex-2025//global//graphics/lo
gos/sf-best.png  used on input line 53.
(pdftex.def)             Requested size: 16.20306pt x 16.21828pt.
File: /Users/dantopa/GitHub//latex-2025//global//graphics/logos/hii-01.png Grap
hic file (type png)
<use /Users/dantopa/GitHub//latex-2025//global//graphics/logos/hii-01.png>
Package pdftex.def Info: /Users/dantopa/GitHub//latex-2025//global//graphics/lo
gos/hii-01.png  used on input line 53.
(pdftex.def)             Requested size: 13.59386pt x 14.22636pt.

Overfull \hbox (1.46664pt too wide) has occurred while \output is active
[][][] [][][] 
 []

[182

 </Users/dantopa/GitHub//latex-2025//pres/cwh-textbook//local//graphics//phase/
Urosticte-k=3.pdf>]
File: /Users/dantopa/GitHub//latex-2025//global//graphics/logos/afrl-logo.png G
raphic file (type png)
<use /Users/dantopa/GitHub//latex-2025//global//graphics/logos/afrl-logo.png>
Package pdftex.def Info: /Users/dantopa/GitHub//latex-2025//global//graphics/lo
gos/afrl-logo.png  used on input line 59.
(pdftex.def)             Requested size: 43.77304pt x 14.22636pt.
File: /Users/dantopa/GitHub//latex-2025//global//graphics/logos/af-01.png Graph
ic file (type png)
<use /Users/dantopa/GitHub//latex-2025//global//graphics/logos/af-01.png>
Package pdftex.def Info: /Users/dantopa/GitHub//latex-2025//global//graphics/lo
gos/af-01.png  used on input line 59.
(pdftex.def)             Requested size: 14.84773pt x 13.08846pt.
File: /Users/dantopa/GitHub//latex-2025//global//graphics/logos/sf-best.png Gra
phic file (type png)
<use /Users/dantopa/GitHub//latex-2025//global//graphics/logos/sf-best.png>
Package pdftex.def Info: /Users/dantopa/GitHub//latex-2025//global//graphics/lo
gos/sf-best.png  used on input line 59.
(pdftex.def)             Requested size: 16.20306pt x 16.21828pt.
File: /Users/dantopa/GitHub//latex-2025//global//graphics/logos/hii-01.png Grap
hic file (type png)
<use /Users/dantopa/GitHub//latex-2025//global//graphics/logos/hii-01.png>
Package pdftex.def Info: /Users/dantopa/GitHub//latex-2025//global//graphics/lo
gos/hii-01.png  used on input line 59.
(pdftex.def)             Requested size: 13.59386pt x 14.22636pt.

Overfull \hbox (1.46664pt too wide) has occurred while \output is active
[][][] [][][] 
 []

[183

])
(/Users/dantopa/GitHub//latex-2025//pres/cwh-textbook//sections/sssec-portraits
-k4.tex
 !! CONTENT SETUP !! /Users/dantopa/GitHub//latex-2025//pres/cwh-textbook//sect
ions/"sssec-portraits-k4.tex"

Package hyperref Warning: Suppressing link with empty target on input line 23.

</Users/dantopa/GitHub//latex-2025//pres/cwh-textbook//local//graphics//phase/U
rosticte-000100xdotx.pdf, id=8323, 260.975pt x 260.975pt>
File: /Users/dantopa/GitHub//latex-2025//pres/cwh-textbook//local//graphics//ph
ase/Urosticte-000100xdotx.pdf Graphic file (type pdf)
<use /Users/dantopa/GitHub//latex-2025//pres/cwh-textbook//local//graphics//pha
se/Urosticte-000100xdotx.pdf>
Package pdftex.def Info: /Users/dantopa/GitHub//latex-2025//pres/cwh-textbook//
local//graphics//phase/Urosticte-000100xdotx.pdf  used on input line 23.
(pdftex.def)             Requested size: 169.01036pt x 169.01053pt.
File: /Users/dantopa/GitHub//latex-2025//global//graphics/logos/afrl-logo.png G
raphic file (type png)
<use /Users/dantopa/GitHub//latex-2025//global//graphics/logos/afrl-logo.png>
Package pdftex.def Info: /Users/dantopa/GitHub//latex-2025//global//graphics/lo
gos/afrl-logo.png  used on input line 23.
(pdftex.def)             Requested size: 43.77304pt x 14.22636pt.
File: /Users/dantopa/GitHub//latex-2025//global//graphics/logos/af-01.png Graph
ic file (type png)
<use /Users/dantopa/GitHub//latex-2025//global//graphics/logos/af-01.png>
Package pdftex.def Info: /Users/dantopa/GitHub//latex-2025//global//graphics/lo
gos/af-01.png  used on input line 23.
(pdftex.def)             Requested size: 14.84773pt x 13.08846pt.
File: /Users/dantopa/GitHub//latex-2025//global//graphics/logos/sf-best.png Gra
phic file (type png)
<use /Users/dantopa/GitHub//latex-2025//global//graphics/logos/sf-best.png>
Package pdftex.def Info: /Users/dantopa/GitHub//latex-2025//global//graphics/lo
gos/sf-best.png  used on input line 23.
(pdftex.def)             Requested size: 16.20306pt x 16.21828pt.
File: /Users/dantopa/GitHub//latex-2025//global//graphics/logos/hii-01.png Grap
hic file (type png)
<use /Users/dantopa/GitHub//latex-2025//global//graphics/logos/hii-01.png>
Package pdftex.def Info: /Users/dantopa/GitHub//latex-2025//global//graphics/lo
gos/hii-01.png  used on input line 23.
(pdftex.def)             Requested size: 13.59386pt x 14.22636pt.

Overfull \hbox (1.46664pt too wide) has occurred while \output is active
[][][] [][][] 
 []

[184

 </Users/dantopa/GitHub//latex-2025//pres/cwh-textbook//local//graphics//phase/
Urosticte-000100xdotx.pdf>]
File: /Users/dantopa/GitHub//latex-2025//global//graphics/logos/afrl-logo.png G
raphic file (type png)
<use /Users/dantopa/GitHub//latex-2025//global//graphics/logos/afrl-logo.png>
Package pdftex.def Info: /Users/dantopa/GitHub//latex-2025//global//graphics/lo
gos/afrl-logo.png  used on input line 29.
(pdftex.def)             Requested size: 43.77304pt x 14.22636pt.
File: /Users/dantopa/GitHub//latex-2025//global//graphics/logos/af-01.png Graph
ic file (type png)
<use /Users/dantopa/GitHub//latex-2025//global//graphics/logos/af-01.png>
Package pdftex.def Info: /Users/dantopa/GitHub//latex-2025//global//graphics/lo
gos/af-01.png  used on input line 29.
(pdftex.def)             Requested size: 14.84773pt x 13.08846pt.
File: /Users/dantopa/GitHub//latex-2025//global//graphics/logos/sf-best.png Gra
phic file (type png)
<use /Users/dantopa/GitHub//latex-2025//global//graphics/logos/sf-best.png>
Package pdftex.def Info: /Users/dantopa/GitHub//latex-2025//global//graphics/lo
gos/sf-best.png  used on input line 29.
(pdftex.def)             Requested size: 16.20306pt x 16.21828pt.
File: /Users/dantopa/GitHub//latex-2025//global//graphics/logos/hii-01.png Grap
hic file (type png)
<use /Users/dantopa/GitHub//latex-2025//global//graphics/logos/hii-01.png>
Package pdftex.def Info: /Users/dantopa/GitHub//latex-2025//global//graphics/lo
gos/hii-01.png  used on input line 29.
(pdftex.def)             Requested size: 13.59386pt x 14.22636pt.

Overfull \hbox (1.46664pt too wide) has occurred while \output is active
[][][] [][][] 
 []

[185

]

Package hyperref Warning: Suppressing link with empty target on input line 49.

</Users/dantopa/GitHub//latex-2025//pres/cwh-textbook//local//graphics//phase/U
rosticte-000100ydoty.pdf, id=8425, 260.975pt x 260.975pt>
File: /Users/dantopa/GitHub//latex-2025//pres/cwh-textbook//local//graphics//ph
ase/Urosticte-000100ydoty.pdf Graphic file (type pdf)
<use /Users/dantopa/GitHub//latex-2025//pres/cwh-textbook//local//graphics//pha
se/Urosticte-000100ydoty.pdf>
Package pdftex.def Info: /Users/dantopa/GitHub//latex-2025//pres/cwh-textbook//
local//graphics//phase/Urosticte-000100ydoty.pdf  used on input line 49.
(pdftex.def)             Requested size: 169.01036pt x 169.01053pt.
File: /Users/dantopa/GitHub//latex-2025//global//graphics/logos/afrl-logo.png G
raphic file (type png)
<use /Users/dantopa/GitHub//latex-2025//global//graphics/logos/afrl-logo.png>
Package pdftex.def Info: /Users/dantopa/GitHub//latex-2025//global//graphics/lo
gos/afrl-logo.png  used on input line 49.
(pdftex.def)             Requested size: 43.77304pt x 14.22636pt.
File: /Users/dantopa/GitHub//latex-2025//global//graphics/logos/af-01.png Graph
ic file (type png)
<use /Users/dantopa/GitHub//latex-2025//global//graphics/logos/af-01.png>
Package pdftex.def Info: /Users/dantopa/GitHub//latex-2025//global//graphics/lo
gos/af-01.png  used on input line 49.
(pdftex.def)             Requested size: 14.84773pt x 13.08846pt.
File: /Users/dantopa/GitHub//latex-2025//global//graphics/logos/sf-best.png Gra
phic file (type png)
<use /Users/dantopa/GitHub//latex-2025//global//graphics/logos/sf-best.png>
Package pdftex.def Info: /Users/dantopa/GitHub//latex-2025//global//graphics/lo
gos/sf-best.png  used on input line 49.
(pdftex.def)             Requested size: 16.20306pt x 16.21828pt.
File: /Users/dantopa/GitHub//latex-2025//global//graphics/logos/hii-01.png Grap
hic file (type png)
<use /Users/dantopa/GitHub//latex-2025//global//graphics/logos/hii-01.png>
Package pdftex.def Info: /Users/dantopa/GitHub//latex-2025//global//graphics/lo
gos/hii-01.png  used on input line 49.
(pdftex.def)             Requested size: 13.59386pt x 14.22636pt.

Overfull \hbox (1.46664pt too wide) has occurred while \output is active
[][][] [][][] 
 []

[186

 </Users/dantopa/GitHub//latex-2025//pres/cwh-textbook//local//graphics//phase/
Urosticte-000100ydoty.pdf>]
File: /Users/dantopa/GitHub//latex-2025//global//graphics/logos/afrl-logo.png G
raphic file (type png)
<use /Users/dantopa/GitHub//latex-2025//global//graphics/logos/afrl-logo.png>
Package pdftex.def Info: /Users/dantopa/GitHub//latex-2025//global//graphics/lo
gos/afrl-logo.png  used on input line 59.
(pdftex.def)             Requested size: 43.77304pt x 14.22636pt.
File: /Users/dantopa/GitHub//latex-2025//global//graphics/logos/af-01.png Graph
ic file (type png)
<use /Users/dantopa/GitHub//latex-2025//global//graphics/logos/af-01.png>
Package pdftex.def Info: /Users/dantopa/GitHub//latex-2025//global//graphics/lo
gos/af-01.png  used on input line 59.
(pdftex.def)             Requested size: 14.84773pt x 13.08846pt.
File: /Users/dantopa/GitHub//latex-2025//global//graphics/logos/sf-best.png Gra
phic file (type png)
<use /Users/dantopa/GitHub//latex-2025//global//graphics/logos/sf-best.png>
Package pdftex.def Info: /Users/dantopa/GitHub//latex-2025//global//graphics/lo
gos/sf-best.png  used on input line 59.
(pdftex.def)             Requested size: 16.20306pt x 16.21828pt.
File: /Users/dantopa/GitHub//latex-2025//global//graphics/logos/hii-01.png Grap
hic file (type png)
<use /Users/dantopa/GitHub//latex-2025//global//graphics/logos/hii-01.png>
Package pdftex.def Info: /Users/dantopa/GitHub//latex-2025//global//graphics/lo
gos/hii-01.png  used on input line 59.
(pdftex.def)             Requested size: 13.59386pt x 14.22636pt.

Overfull \hbox (1.46664pt too wide) has occurred while \output is active
[][][] [][][] 
 []

[187

]

Package hyperref Warning: Suppressing link with empty target on input line 77.

</Users/dantopa/GitHub//latex-2025//pres/cwh-textbook//local//graphics//phase/U
rosticte-000100xy.pdf, id=8525, 162.6075pt x 313.17pt>
File: /Users/dantopa/GitHub//latex-2025//pres/cwh-textbook//local//graphics//ph
ase/Urosticte-000100xy.pdf Graphic file (type pdf)
<use /Users/dantopa/GitHub//latex-2025//pres/cwh-textbook//local//graphics//pha
se/Urosticte-000100xy.pdf>
Package pdftex.def Info: /Users/dantopa/GitHub//latex-2025//pres/cwh-textbook//
local//graphics//phase/Urosticte-000100xy.pdf  used on input line 77.
(pdftex.def)             Requested size: 85.926pt x 165.48288pt.
File: /Users/dantopa/GitHub//latex-2025//global//graphics/logos/afrl-logo.png G
raphic file (type png)
<use /Users/dantopa/GitHub//latex-2025//global//graphics/logos/afrl-logo.png>
Package pdftex.def Info: /Users/dantopa/GitHub//latex-2025//global//graphics/lo
gos/afrl-logo.png  used on input line 77.
(pdftex.def)             Requested size: 43.77304pt x 14.22636pt.
File: /Users/dantopa/GitHub//latex-2025//global//graphics/logos/af-01.png Graph
ic file (type png)
<use /Users/dantopa/GitHub//latex-2025//global//graphics/logos/af-01.png>
Package pdftex.def Info: /Users/dantopa/GitHub//latex-2025//global//graphics/lo
gos/af-01.png  used on input line 77.
(pdftex.def)             Requested size: 14.84773pt x 13.08846pt.
File: /Users/dantopa/GitHub//latex-2025//global//graphics/logos/sf-best.png Gra
phic file (type png)
<use /Users/dantopa/GitHub//latex-2025//global//graphics/logos/sf-best.png>
Package pdftex.def Info: /Users/dantopa/GitHub//latex-2025//global//graphics/lo
gos/sf-best.png  used on input line 77.
(pdftex.def)             Requested size: 16.20306pt x 16.21828pt.
File: /Users/dantopa/GitHub//latex-2025//global//graphics/logos/hii-01.png Grap
hic file (type png)
<use /Users/dantopa/GitHub//latex-2025//global//graphics/logos/hii-01.png>
Package pdftex.def Info: /Users/dantopa/GitHub//latex-2025//global//graphics/lo
gos/hii-01.png  used on input line 77.
(pdftex.def)             Requested size: 13.59386pt x 14.22636pt.

Overfull \hbox (1.46664pt too wide) has occurred while \output is active
[][][] [][][] 
 []

[188

 </Users/dantopa/GitHub//latex-2025//pres/cwh-textbook//local//graphics//phase/
Urosticte-000100xy.pdf>])
(/Users/dantopa/GitHub//latex-2025//pres/cwh-textbook//sections/sssec-portraits
-k5.tex
 !! CONTENT SETUP !! /Users/dantopa/GitHub//latex-2025//pres/cwh-textbook//sect
ions/"sssec-portraits-k5.tex"

Overfull \hbox (12.70358pt too wide) detected at line 27
[][][]
 []

File: /Users/dantopa/GitHub//latex-2025//global//graphics/logos/afrl-logo.png G
raphic file (type png)
<use /Users/dantopa/GitHub//latex-2025//global//graphics/logos/afrl-logo.png>
Package pdftex.def Info: /Users/dantopa/GitHub//latex-2025//global//graphics/lo
gos/afrl-logo.png  used on input line 27.
(pdftex.def)             Requested size: 43.77304pt x 14.22636pt.
File: /Users/dantopa/GitHub//latex-2025//global//graphics/logos/af-01.png Graph
ic file (type png)
<use /Users/dantopa/GitHub//latex-2025//global//graphics/logos/af-01.png>
Package pdftex.def Info: /Users/dantopa/GitHub//latex-2025//global//graphics/lo
gos/af-01.png  used on input line 27.
(pdftex.def)             Requested size: 14.84773pt x 13.08846pt.
File: /Users/dantopa/GitHub//latex-2025//global//graphics/logos/sf-best.png Gra
phic file (type png)
<use /Users/dantopa/GitHub//latex-2025//global//graphics/logos/sf-best.png>
Package pdftex.def Info: /Users/dantopa/GitHub//latex-2025//global//graphics/lo
gos/sf-best.png  used on input line 27.
(pdftex.def)             Requested size: 16.20306pt x 16.21828pt.
File: /Users/dantopa/GitHub//latex-2025//global//graphics/logos/hii-01.png Grap
hic file (type png)
<use /Users/dantopa/GitHub//latex-2025//global//graphics/logos/hii-01.png>
Package pdftex.def Info: /Users/dantopa/GitHub//latex-2025//global//graphics/lo
gos/hii-01.png  used on input line 27.
(pdftex.def)             Requested size: 13.59386pt x 14.22636pt.

Overfull \hbox (1.46664pt too wide) has occurred while \output is active
[][][] [][][] 
 []

[189

]

Package hyperref Warning: Suppressing link with empty target on input line 46.

</Users/dantopa/GitHub//latex-2025//pres/cwh-textbook//local//graphics//phase/U
rosticte-000010xdotx.pdf, id=8625, 260.975pt x 260.975pt>
File: /Users/dantopa/GitHub//latex-2025//pres/cwh-textbook//local//graphics//ph
ase/Urosticte-000010xdotx.pdf Graphic file (type pdf)
<use /Users/dantopa/GitHub//latex-2025//pres/cwh-textbook//local//graphics//pha
se/Urosticte-000010xdotx.pdf>
Package pdftex.def Info: /Users/dantopa/GitHub//latex-2025//pres/cwh-textbook//
local//graphics//phase/Urosticte-000010xdotx.pdf  used on input line 46.
(pdftex.def)             Requested size: 169.01036pt x 169.01053pt.
File: /Users/dantopa/GitHub//latex-2025//global//graphics/logos/afrl-logo.png G
raphic file (type png)
<use /Users/dantopa/GitHub//latex-2025//global//graphics/logos/afrl-logo.png>
Package pdftex.def Info: /Users/dantopa/GitHub//latex-2025//global//graphics/lo
gos/afrl-logo.png  used on input line 46.
(pdftex.def)             Requested size: 43.77304pt x 14.22636pt.
File: /Users/dantopa/GitHub//latex-2025//global//graphics/logos/af-01.png Graph
ic file (type png)
<use /Users/dantopa/GitHub//latex-2025//global//graphics/logos/af-01.png>
Package pdftex.def Info: /Users/dantopa/GitHub//latex-2025//global//graphics/lo
gos/af-01.png  used on input line 46.
(pdftex.def)             Requested size: 14.84773pt x 13.08846pt.
File: /Users/dantopa/GitHub//latex-2025//global//graphics/logos/sf-best.png Gra
phic file (type png)
<use /Users/dantopa/GitHub//latex-2025//global//graphics/logos/sf-best.png>
Package pdftex.def Info: /Users/dantopa/GitHub//latex-2025//global//graphics/lo
gos/sf-best.png  used on input line 46.
(pdftex.def)             Requested size: 16.20306pt x 16.21828pt.
File: /Users/dantopa/GitHub//latex-2025//global//graphics/logos/hii-01.png Grap
hic file (type png)
<use /Users/dantopa/GitHub//latex-2025//global//graphics/logos/hii-01.png>
Package pdftex.def Info: /Users/dantopa/GitHub//latex-2025//global//graphics/lo
gos/hii-01.png  used on input line 46.
(pdftex.def)             Requested size: 13.59386pt x 14.22636pt.

Overfull \hbox (1.46664pt too wide) has occurred while \output is active
[][][] [][][] 
 []

[190

 </Users/dantopa/GitHub//latex-2025//pres/cwh-textbook//local//graphics//phase/
Urosticte-000010xdotx.pdf>]
File: /Users/dantopa/GitHub//latex-2025//global//graphics/logos/afrl-logo.png G
raphic file (type png)
<use /Users/dantopa/GitHub//latex-2025//global//graphics/logos/afrl-logo.png>
Package pdftex.def Info: /Users/dantopa/GitHub//latex-2025//global//graphics/lo
gos/afrl-logo.png  used on input line 52.
(pdftex.def)             Requested size: 43.77304pt x 14.22636pt.
File: /Users/dantopa/GitHub//latex-2025//global//graphics/logos/af-01.png Graph
ic file (type png)
<use /Users/dantopa/GitHub//latex-2025//global//graphics/logos/af-01.png>
Package pdftex.def Info: /Users/dantopa/GitHub//latex-2025//global//graphics/lo
gos/af-01.png  used on input line 52.
(pdftex.def)             Requested size: 14.84773pt x 13.08846pt.
File: /Users/dantopa/GitHub//latex-2025//global//graphics/logos/sf-best.png Gra
phic file (type png)
<use /Users/dantopa/GitHub//latex-2025//global//graphics/logos/sf-best.png>
Package pdftex.def Info: /Users/dantopa/GitHub//latex-2025//global//graphics/lo
gos/sf-best.png  used on input line 52.
(pdftex.def)             Requested size: 16.20306pt x 16.21828pt.
File: /Users/dantopa/GitHub//latex-2025//global//graphics/logos/hii-01.png Grap
hic file (type png)
<use /Users/dantopa/GitHub//latex-2025//global//graphics/logos/hii-01.png>
Package pdftex.def Info: /Users/dantopa/GitHub//latex-2025//global//graphics/lo
gos/hii-01.png  used on input line 52.
(pdftex.def)             Requested size: 13.59386pt x 14.22636pt.

Overfull \hbox (1.46664pt too wide) has occurred while \output is active
[][][] [][][] 
 []

[191

]

Package hyperref Warning: Suppressing link with empty target on input line 72.

</Users/dantopa/GitHub//latex-2025//pres/cwh-textbook//local//graphics//phase/U
rosticte-000010ydoty.pdf, id=8724, 260.975pt x 114.4275pt>
File: /Users/dantopa/GitHub//latex-2025//pres/cwh-textbook//local//graphics//ph
ase/Urosticte-000010ydoty.pdf Graphic file (type pdf)
<use /Users/dantopa/GitHub//latex-2025//pres/cwh-textbook//local//graphics//pha
se/Urosticte-000010ydoty.pdf>
Package pdftex.def Info: /Users/dantopa/GitHub//latex-2025//pres/cwh-textbook//
local//graphics//phase/Urosticte-000010ydoty.pdf  used on input line 72.
(pdftex.def)             Requested size: 169.01036pt x 74.1046pt.
File: /Users/dantopa/GitHub//latex-2025//global//graphics/logos/afrl-logo.png G
raphic file (type png)
<use /Users/dantopa/GitHub//latex-2025//global//graphics/logos/afrl-logo.png>
Package pdftex.def Info: /Users/dantopa/GitHub//latex-2025//global//graphics/lo
gos/afrl-logo.png  used on input line 72.
(pdftex.def)             Requested size: 43.77304pt x 14.22636pt.
File: /Users/dantopa/GitHub//latex-2025//global//graphics/logos/af-01.png Graph
ic file (type png)
<use /Users/dantopa/GitHub//latex-2025//global//graphics/logos/af-01.png>
Package pdftex.def Info: /Users/dantopa/GitHub//latex-2025//global//graphics/lo
gos/af-01.png  used on input line 72.
(pdftex.def)             Requested size: 14.84773pt x 13.08846pt.
File: /Users/dantopa/GitHub//latex-2025//global//graphics/logos/sf-best.png Gra
phic file (type png)
<use /Users/dantopa/GitHub//latex-2025//global//graphics/logos/sf-best.png>
Package pdftex.def Info: /Users/dantopa/GitHub//latex-2025//global//graphics/lo
gos/sf-best.png  used on input line 72.
(pdftex.def)             Requested size: 16.20306pt x 16.21828pt.
File: /Users/dantopa/GitHub//latex-2025//global//graphics/logos/hii-01.png Grap
hic file (type png)
<use /Users/dantopa/GitHub//latex-2025//global//graphics/logos/hii-01.png>
Package pdftex.def Info: /Users/dantopa/GitHub//latex-2025//global//graphics/lo
gos/hii-01.png  used on input line 72.
(pdftex.def)             Requested size: 13.59386pt x 14.22636pt.

Overfull \hbox (1.46664pt too wide) has occurred while \output is active
[][][] [][][] 
 []

[192

 </Users/dantopa/GitHub//latex-2025//pres/cwh-textbook//local//graphics//phase/
Urosticte-000010ydoty.pdf>]
File: /Users/dantopa/GitHub//latex-2025//global//graphics/logos/afrl-logo.png G
raphic file (type png)
<use /Users/dantopa/GitHub//latex-2025//global//graphics/logos/afrl-logo.png>
Package pdftex.def Info: /Users/dantopa/GitHub//latex-2025//global//graphics/lo
gos/afrl-logo.png  used on input line 82.
(pdftex.def)             Requested size: 43.77304pt x 14.22636pt.
File: /Users/dantopa/GitHub//latex-2025//global//graphics/logos/af-01.png Graph
ic file (type png)
<use /Users/dantopa/GitHub//latex-2025//global//graphics/logos/af-01.png>
Package pdftex.def Info: /Users/dantopa/GitHub//latex-2025//global//graphics/lo
gos/af-01.png  used on input line 82.
(pdftex.def)             Requested size: 14.84773pt x 13.08846pt.
File: /Users/dantopa/GitHub//latex-2025//global//graphics/logos/sf-best.png Gra
phic file (type png)
<use /Users/dantopa/GitHub//latex-2025//global//graphics/logos/sf-best.png>
Package pdftex.def Info: /Users/dantopa/GitHub//latex-2025//global//graphics/lo
gos/sf-best.png  used on input line 82.
(pdftex.def)             Requested size: 16.20306pt x 16.21828pt.
File: /Users/dantopa/GitHub//latex-2025//global//graphics/logos/hii-01.png Grap
hic file (type png)
<use /Users/dantopa/GitHub//latex-2025//global//graphics/logos/hii-01.png>
Package pdftex.def Info: /Users/dantopa/GitHub//latex-2025//global//graphics/lo
gos/hii-01.png  used on input line 82.
(pdftex.def)             Requested size: 13.59386pt x 14.22636pt.

Overfull \hbox (1.46664pt too wide) has occurred while \output is active
[][][] [][][] 
 []

[193

]

Package hyperref Warning: Suppressing link with empty target on input line 100.


</Users/dantopa/GitHub//latex-2025//pres/cwh-textbook//local//graphics//phase/U
rosticte-000010xy.pdf, id=8823, 78.2925pt x 313.17pt>
File: /Users/dantopa/GitHub//latex-2025//pres/cwh-textbook//local//graphics//ph
ase/Urosticte-000010xy.pdf Graphic file (type pdf)
<use /Users/dantopa/GitHub//latex-2025//pres/cwh-textbook//local//graphics//pha
se/Urosticte-000010xy.pdf>
Package pdftex.def Info: /Users/dantopa/GitHub//latex-2025//pres/cwh-textbook//
local//graphics//phase/Urosticte-000010xy.pdf  used on input line 100.
(pdftex.def)             Requested size: 41.37177pt x 165.48288pt.
File: /Users/dantopa/GitHub//latex-2025//global//graphics/logos/afrl-logo.png G
raphic file (type png)
<use /Users/dantopa/GitHub//latex-2025//global//graphics/logos/afrl-logo.png>
Package pdftex.def Info: /Users/dantopa/GitHub//latex-2025//global//graphics/lo
gos/afrl-logo.png  used on input line 100.
(pdftex.def)             Requested size: 43.77304pt x 14.22636pt.
File: /Users/dantopa/GitHub//latex-2025//global//graphics/logos/af-01.png Graph
ic file (type png)
<use /Users/dantopa/GitHub//latex-2025//global//graphics/logos/af-01.png>
Package pdftex.def Info: /Users/dantopa/GitHub//latex-2025//global//graphics/lo
gos/af-01.png  used on input line 100.
(pdftex.def)             Requested size: 14.84773pt x 13.08846pt.
File: /Users/dantopa/GitHub//latex-2025//global//graphics/logos/sf-best.png Gra
phic file (type png)
<use /Users/dantopa/GitHub//latex-2025//global//graphics/logos/sf-best.png>
Package pdftex.def Info: /Users/dantopa/GitHub//latex-2025//global//graphics/lo
gos/sf-best.png  used on input line 100.
(pdftex.def)             Requested size: 16.20306pt x 16.21828pt.
File: /Users/dantopa/GitHub//latex-2025//global//graphics/logos/hii-01.png Grap
hic file (type png)
<use /Users/dantopa/GitHub//latex-2025//global//graphics/logos/hii-01.png>
Package pdftex.def Info: /Users/dantopa/GitHub//latex-2025//global//graphics/lo
gos/hii-01.png  used on input line 100.
(pdftex.def)             Requested size: 13.59386pt x 14.22636pt.

Overfull \hbox (1.46664pt too wide) has occurred while \output is active
[][][] [][][] 
 []

[194

 </Users/dantopa/GitHub//latex-2025//pres/cwh-textbook//local//graphics//phase/
Urosticte-000010xy.pdf>])
(/Users/dantopa/GitHub//latex-2025//pres/cwh-textbook//sections/sssec-portraits
-k6.tex
 !! CONTENT SETUP !! /Users/dantopa/GitHub//latex-2025//pres/cwh-textbook//sect
ions/"sssec-portraits-k6.tex"

Package hyperref Warning: Suppressing link with empty target on input line 22.

File: /Users/dantopa/GitHub//latex-2025//pres/cwh-textbook//local//graphics//ph
ase/Urosticte-k=3.pdf Graphic file (type pdf)
<use /Users/dantopa/GitHub//latex-2025//pres/cwh-textbook//local//graphics//pha
se/Urosticte-k=3.pdf>
Package pdftex.def Info: /Users/dantopa/GitHub//latex-2025//pres/cwh-textbook//
local//graphics//phase/Urosticte-k=3.pdf  used on input line 22.
(pdftex.def)             Requested size: 169.01036pt x 169.01053pt.
File: /Users/dantopa/GitHub//latex-2025//global//graphics/logos/afrl-logo.png G
raphic file (type png)
<use /Users/dantopa/GitHub//latex-2025//global//graphics/logos/afrl-logo.png>
Package pdftex.def Info: /Users/dantopa/GitHub//latex-2025//global//graphics/lo
gos/afrl-logo.png  used on input line 22.
(pdftex.def)             Requested size: 43.77304pt x 14.22636pt.
File: /Users/dantopa/GitHub//latex-2025//global//graphics/logos/af-01.png Graph
ic file (type png)
<use /Users/dantopa/GitHub//latex-2025//global//graphics/logos/af-01.png>
Package pdftex.def Info: /Users/dantopa/GitHub//latex-2025//global//graphics/lo
gos/af-01.png  used on input line 22.
(pdftex.def)             Requested size: 14.84773pt x 13.08846pt.
File: /Users/dantopa/GitHub//latex-2025//global//graphics/logos/sf-best.png Gra
phic file (type png)
<use /Users/dantopa/GitHub//latex-2025//global//graphics/logos/sf-best.png>
Package pdftex.def Info: /Users/dantopa/GitHub//latex-2025//global//graphics/lo
gos/sf-best.png  used on input line 22.
(pdftex.def)             Requested size: 16.20306pt x 16.21828pt.
File: /Users/dantopa/GitHub//latex-2025//global//graphics/logos/hii-01.png Grap
hic file (type png)
<use /Users/dantopa/GitHub//latex-2025//global//graphics/logos/hii-01.png>
Package pdftex.def Info: /Users/dantopa/GitHub//latex-2025//global//graphics/lo
gos/hii-01.png  used on input line 22.
(pdftex.def)             Requested size: 13.59386pt x 14.22636pt.

Overfull \hbox (1.46664pt too wide) has occurred while \output is active
[][][] [][][] 
 []

[195

]
File: /Users/dantopa/GitHub//latex-2025//global//graphics/logos/afrl-logo.png G
raphic file (type png)
<use /Users/dantopa/GitHub//latex-2025//global//graphics/logos/afrl-logo.png>
Package pdftex.def Info: /Users/dantopa/GitHub//latex-2025//global//graphics/lo
gos/afrl-logo.png  used on input line 28.
(pdftex.def)             Requested size: 43.77304pt x 14.22636pt.
File: /Users/dantopa/GitHub//latex-2025//global//graphics/logos/af-01.png Graph
ic file (type png)
<use /Users/dantopa/GitHub//latex-2025//global//graphics/logos/af-01.png>
Package pdftex.def Info: /Users/dantopa/GitHub//latex-2025//global//graphics/lo
gos/af-01.png  used on input line 28.
(pdftex.def)             Requested size: 14.84773pt x 13.08846pt.
File: /Users/dantopa/GitHub//latex-2025//global//graphics/logos/sf-best.png Gra
phic file (type png)
<use /Users/dantopa/GitHub//latex-2025//global//graphics/logos/sf-best.png>
Package pdftex.def Info: /Users/dantopa/GitHub//latex-2025//global//graphics/lo
gos/sf-best.png  used on input line 28.
(pdftex.def)             Requested size: 16.20306pt x 16.21828pt.
File: /Users/dantopa/GitHub//latex-2025//global//graphics/logos/hii-01.png Grap
hic file (type png)
<use /Users/dantopa/GitHub//latex-2025//global//graphics/logos/hii-01.png>
Package pdftex.def Info: /Users/dantopa/GitHub//latex-2025//global//graphics/lo
gos/hii-01.png  used on input line 28.
(pdftex.def)             Requested size: 13.59386pt x 14.22636pt.

Overfull \hbox (1.46664pt too wide) has occurred while \output is active
[][][] [][][] 
 []

[196

])
(/Users/dantopa/GitHub//latex-2025//pres/cwh-textbook//sections/sssec-portraits
-1-4.tex
 !! CONTENT SETUP !! /Users/dantopa/GitHub//latex-2025//pres/cwh-textbook//sect
ions/"sssec-portraits-1-4.tex"

Package hyperref Warning: Suppressing link with empty target on input line 24.

</Users/dantopa/GitHub//latex-2025//pres/cwh-textbook//local//graphics//phase/U
rosticte-100100xdotx.pdf, id=8964, 260.975pt x 232.87pt>
File: /Users/dantopa/GitHub//latex-2025//pres/cwh-textbook//local//graphics//ph
ase/Urosticte-100100xdotx.pdf Graphic file (type pdf)
<use /Users/dantopa/GitHub//latex-2025//pres/cwh-textbook//local//graphics//pha
se/Urosticte-100100xdotx.pdf>
Package pdftex.def Info: /Users/dantopa/GitHub//latex-2025//pres/cwh-textbook//
local//graphics//phase/Urosticte-100100xdotx.pdf  used on input line 24.
(pdftex.def)             Requested size: 184.3758pt x 164.52158pt.
File: /Users/dantopa/GitHub//latex-2025//global//graphics/logos/afrl-logo.png G
raphic file (type png)
<use /Users/dantopa/GitHub//latex-2025//global//graphics/logos/afrl-logo.png>
Package pdftex.def Info: /Users/dantopa/GitHub//latex-2025//global//graphics/lo
gos/afrl-logo.png  used on input line 24.
(pdftex.def)             Requested size: 43.77304pt x 14.22636pt.
File: /Users/dantopa/GitHub//latex-2025//global//graphics/logos/af-01.png Graph
ic file (type png)
<use /Users/dantopa/GitHub//latex-2025//global//graphics/logos/af-01.png>
Package pdftex.def Info: /Users/dantopa/GitHub//latex-2025//global//graphics/lo
gos/af-01.png  used on input line 24.
(pdftex.def)             Requested size: 14.84773pt x 13.08846pt.
File: /Users/dantopa/GitHub//latex-2025//global//graphics/logos/sf-best.png Gra
phic file (type png)
<use /Users/dantopa/GitHub//latex-2025//global//graphics/logos/sf-best.png>
Package pdftex.def Info: /Users/dantopa/GitHub//latex-2025//global//graphics/lo
gos/sf-best.png  used on input line 24.
(pdftex.def)             Requested size: 16.20306pt x 16.21828pt.
File: /Users/dantopa/GitHub//latex-2025//global//graphics/logos/hii-01.png Grap
hic file (type png)
<use /Users/dantopa/GitHub//latex-2025//global//graphics/logos/hii-01.png>
Package pdftex.def Info: /Users/dantopa/GitHub//latex-2025//global//graphics/lo
gos/hii-01.png  used on input line 24.
(pdftex.def)             Requested size: 13.59386pt x 14.22636pt.

Overfull \hbox (1.46664pt too wide) has occurred while \output is active
[][][] [][][] 
 []

[197

 </Users/dantopa/GitHub//latex-2025//pres/cwh-textbook//local//graphics//phase/
Urosticte-100100xdotx.pdf>]
File: /Users/dantopa/GitHub//latex-2025//global//graphics/logos/afrl-logo.png G
raphic file (type png)
<use /Users/dantopa/GitHub//latex-2025//global//graphics/logos/afrl-logo.png>
Package pdftex.def Info: /Users/dantopa/GitHub//latex-2025//global//graphics/lo
gos/afrl-logo.png  used on input line 30.
(pdftex.def)             Requested size: 43.77304pt x 14.22636pt.
File: /Users/dantopa/GitHub//latex-2025//global//graphics/logos/af-01.png Graph
ic file (type png)
<use /Users/dantopa/GitHub//latex-2025//global//graphics/logos/af-01.png>
Package pdftex.def Info: /Users/dantopa/GitHub//latex-2025//global//graphics/lo
gos/af-01.png  used on input line 30.
(pdftex.def)             Requested size: 14.84773pt x 13.08846pt.
File: /Users/dantopa/GitHub//latex-2025//global//graphics/logos/sf-best.png Gra
phic file (type png)
<use /Users/dantopa/GitHub//latex-2025//global//graphics/logos/sf-best.png>
Package pdftex.def Info: /Users/dantopa/GitHub//latex-2025//global//graphics/lo
gos/sf-best.png  used on input line 30.
(pdftex.def)             Requested size: 16.20306pt x 16.21828pt.
File: /Users/dantopa/GitHub//latex-2025//global//graphics/logos/hii-01.png Grap
hic file (type png)
<use /Users/dantopa/GitHub//latex-2025//global//graphics/logos/hii-01.png>
Package pdftex.def Info: /Users/dantopa/GitHub//latex-2025//global//graphics/lo
gos/hii-01.png  used on input line 30.
(pdftex.def)             Requested size: 13.59386pt x 14.22636pt.

Overfull \hbox (1.46664pt too wide) has occurred while \output is active
[][][] [][][] 
 []

[198

]

Package hyperref Warning: Suppressing link with empty target on input line 51.

</Users/dantopa/GitHub//latex-2025//pres/cwh-textbook//local//graphics//phase/U
rosticte-100100ydoty.pdf, id=9064, 260.975pt x 95.35625pt>
File: /Users/dantopa/GitHub//latex-2025//pres/cwh-textbook//local//graphics//ph
ase/Urosticte-100100ydoty.pdf Graphic file (type pdf)
<use /Users/dantopa/GitHub//latex-2025//pres/cwh-textbook//local//graphics//pha
se/Urosticte-100100ydoty.pdf>
Package pdftex.def Info: /Users/dantopa/GitHub//latex-2025//pres/cwh-textbook//
local//graphics//phase/Urosticte-100100ydoty.pdf  used on input line 51.
(pdftex.def)             Requested size: 199.73653pt x 72.9822pt.
File: /Users/dantopa/GitHub//latex-2025//global//graphics/logos/afrl-logo.png G
raphic file (type png)
<use /Users/dantopa/GitHub//latex-2025//global//graphics/logos/afrl-logo.png>
Package pdftex.def Info: /Users/dantopa/GitHub//latex-2025//global//graphics/lo
gos/afrl-logo.png  used on input line 51.
(pdftex.def)             Requested size: 43.77304pt x 14.22636pt.
File: /Users/dantopa/GitHub//latex-2025//global//graphics/logos/af-01.png Graph
ic file (type png)
<use /Users/dantopa/GitHub//latex-2025//global//graphics/logos/af-01.png>
Package pdftex.def Info: /Users/dantopa/GitHub//latex-2025//global//graphics/lo
gos/af-01.png  used on input line 51.
(pdftex.def)             Requested size: 14.84773pt x 13.08846pt.
File: /Users/dantopa/GitHub//latex-2025//global//graphics/logos/sf-best.png Gra
phic file (type png)
<use /Users/dantopa/GitHub//latex-2025//global//graphics/logos/sf-best.png>
Package pdftex.def Info: /Users/dantopa/GitHub//latex-2025//global//graphics/lo
gos/sf-best.png  used on input line 51.
(pdftex.def)             Requested size: 16.20306pt x 16.21828pt.
File: /Users/dantopa/GitHub//latex-2025//global//graphics/logos/hii-01.png Grap
hic file (type png)
<use /Users/dantopa/GitHub//latex-2025//global//graphics/logos/hii-01.png>
Package pdftex.def Info: /Users/dantopa/GitHub//latex-2025//global//graphics/lo
gos/hii-01.png  used on input line 51.
(pdftex.def)             Requested size: 13.59386pt x 14.22636pt.

Overfull \hbox (1.46664pt too wide) has occurred while \output is active
[][][] [][][] 
 []

[199

 </Users/dantopa/GitHub//latex-2025//pres/cwh-textbook//local//graphics//phase/
Urosticte-100100ydoty.pdf>]
File: /Users/dantopa/GitHub//latex-2025//global//graphics/logos/afrl-logo.png G
raphic file (type png)
<use /Users/dantopa/GitHub//latex-2025//global//graphics/logos/afrl-logo.png>
Package pdftex.def Info: /Users/dantopa/GitHub//latex-2025//global//graphics/lo
gos/afrl-logo.png  used on input line 57.
(pdftex.def)             Requested size: 43.77304pt x 14.22636pt.
File: /Users/dantopa/GitHub//latex-2025//global//graphics/logos/af-01.png Graph
ic file (type png)
<use /Users/dantopa/GitHub//latex-2025//global//graphics/logos/af-01.png>
Package pdftex.def Info: /Users/dantopa/GitHub//latex-2025//global//graphics/lo
gos/af-01.png  used on input line 57.
(pdftex.def)             Requested size: 14.84773pt x 13.08846pt.
File: /Users/dantopa/GitHub//latex-2025//global//graphics/logos/sf-best.png Gra
phic file (type png)
<use /Users/dantopa/GitHub//latex-2025//global//graphics/logos/sf-best.png>
Package pdftex.def Info: /Users/dantopa/GitHub//latex-2025//global//graphics/lo
gos/sf-best.png  used on input line 57.
(pdftex.def)             Requested size: 16.20306pt x 16.21828pt.
File: /Users/dantopa/GitHub//latex-2025//global//graphics/logos/hii-01.png Grap
hic file (type png)
<use /Users/dantopa/GitHub//latex-2025//global//graphics/logos/hii-01.png>
Package pdftex.def Info: /Users/dantopa/GitHub//latex-2025//global//graphics/lo
gos/hii-01.png  used on input line 57.
(pdftex.def)             Requested size: 13.59386pt x 14.22636pt.

Overfull \hbox (1.46664pt too wide) has occurred while \output is active
[][][] [][][] 
 []

[200

]

Package hyperref Warning: Suppressing link with empty target on input line 75.

</Users/dantopa/GitHub//latex-2025//pres/cwh-textbook//local//graphics//phase/U
rosticte-100100xy.pdf, id=9164, 74.2775pt x 313.17pt>
File: /Users/dantopa/GitHub//latex-2025//pres/cwh-textbook//local//graphics//ph
ase/Urosticte-100100xy.pdf Graphic file (type pdf)
<use /Users/dantopa/GitHub//latex-2025//pres/cwh-textbook//local//graphics//pha
se/Urosticte-100100xy.pdf>
Package pdftex.def Info: /Users/dantopa/GitHub//latex-2025//pres/cwh-textbook//
local//graphics//phase/Urosticte-100100xy.pdf  used on input line 75.
(pdftex.def)             Requested size: 39.25014pt x 165.48288pt.
File: /Users/dantopa/GitHub//latex-2025//global//graphics/logos/afrl-logo.png G
raphic file (type png)
<use /Users/dantopa/GitHub//latex-2025//global//graphics/logos/afrl-logo.png>
Package pdftex.def Info: /Users/dantopa/GitHub//latex-2025//global//graphics/lo
gos/afrl-logo.png  used on input line 75.
(pdftex.def)             Requested size: 43.77304pt x 14.22636pt.
File: /Users/dantopa/GitHub//latex-2025//global//graphics/logos/af-01.png Graph
ic file (type png)
<use /Users/dantopa/GitHub//latex-2025//global//graphics/logos/af-01.png>
Package pdftex.def Info: /Users/dantopa/GitHub//latex-2025//global//graphics/lo
gos/af-01.png  used on input line 75.
(pdftex.def)             Requested size: 14.84773pt x 13.08846pt.
File: /Users/dantopa/GitHub//latex-2025//global//graphics/logos/sf-best.png Gra
phic file (type png)
<use /Users/dantopa/GitHub//latex-2025//global//graphics/logos/sf-best.png>
Package pdftex.def Info: /Users/dantopa/GitHub//latex-2025//global//graphics/lo
gos/sf-best.png  used on input line 75.
(pdftex.def)             Requested size: 16.20306pt x 16.21828pt.
File: /Users/dantopa/GitHub//latex-2025//global//graphics/logos/hii-01.png Grap
hic file (type png)
<use /Users/dantopa/GitHub//latex-2025//global//graphics/logos/hii-01.png>
Package pdftex.def Info: /Users/dantopa/GitHub//latex-2025//global//graphics/lo
gos/hii-01.png  used on input line 75.
(pdftex.def)             Requested size: 13.59386pt x 14.22636pt.

Overfull \hbox (1.46664pt too wide) has occurred while \output is active
[][][] [][][] 
 []

[201

 </Users/dantopa/GitHub//latex-2025//pres/cwh-textbook//local//graphics//phase/
Urosticte-100100xy.pdf>])
(/Users/dantopa/GitHub//latex-2025//pres/cwh-textbook//sections/sssec-portraits
-3-6.tex
 !! CONTENT SETUP !! /Users/dantopa/GitHub//latex-2025//pres/cwh-textbook//sect
ions/"sssec-portraits-3-6.tex"

Package hyperref Warning: Suppressing link with empty target on input line 22.

</Users/dantopa/GitHub//latex-2025//pres/cwh-textbook//local//graphics//phase/U
rosticte-001001zdotz.pdf, id=9219, 260.975pt x 260.975pt>
File: /Users/dantopa/GitHub//latex-2025//pres/cwh-textbook//local//graphics//ph
ase/Urosticte-001001zdotz.pdf Graphic file (type pdf)
<use /Users/dantopa/GitHub//latex-2025//pres/cwh-textbook//local//graphics//pha
se/Urosticte-001001zdotz.pdf>
Package pdftex.def Info: /Users/dantopa/GitHub//latex-2025//pres/cwh-textbook//
local//graphics//phase/Urosticte-001001zdotz.pdf  used on input line 22.
(pdftex.def)             Requested size: 169.01036pt x 169.01053pt.
File: /Users/dantopa/GitHub//latex-2025//global//graphics/logos/afrl-logo.png G
raphic file (type png)
<use /Users/dantopa/GitHub//latex-2025//global//graphics/logos/afrl-logo.png>
Package pdftex.def Info: /Users/dantopa/GitHub//latex-2025//global//graphics/lo
gos/afrl-logo.png  used on input line 22.
(pdftex.def)             Requested size: 43.77304pt x 14.22636pt.
File: /Users/dantopa/GitHub//latex-2025//global//graphics/logos/af-01.png Graph
ic file (type png)
<use /Users/dantopa/GitHub//latex-2025//global//graphics/logos/af-01.png>
Package pdftex.def Info: /Users/dantopa/GitHub//latex-2025//global//graphics/lo
gos/af-01.png  used on input line 22.
(pdftex.def)             Requested size: 14.84773pt x 13.08846pt.
File: /Users/dantopa/GitHub//latex-2025//global//graphics/logos/sf-best.png Gra
phic file (type png)
<use /Users/dantopa/GitHub//latex-2025//global//graphics/logos/sf-best.png>
Package pdftex.def Info: /Users/dantopa/GitHub//latex-2025//global//graphics/lo
gos/sf-best.png  used on input line 22.
(pdftex.def)             Requested size: 16.20306pt x 16.21828pt.
File: /Users/dantopa/GitHub//latex-2025//global//graphics/logos/hii-01.png Grap
hic file (type png)
<use /Users/dantopa/GitHub//latex-2025//global//graphics/logos/hii-01.png>
Package pdftex.def Info: /Users/dantopa/GitHub//latex-2025//global//graphics/lo
gos/hii-01.png  used on input line 22.
(pdftex.def)             Requested size: 13.59386pt x 14.22636pt.

Overfull \hbox (1.46664pt too wide) has occurred while \output is active
[][][] [][][] 
 []

[202

 </Users/dantopa/GitHub//latex-2025//pres/cwh-textbook//local//graphics//phase/
Urosticte-001001zdotz.pdf>]
File: /Users/dantopa/GitHub//latex-2025//global//graphics/logos/afrl-logo.png G
raphic file (type png)
<use /Users/dantopa/GitHub//latex-2025//global//graphics/logos/afrl-logo.png>
Package pdftex.def Info: /Users/dantopa/GitHub//latex-2025//global//graphics/lo
gos/afrl-logo.png  used on input line 29.
(pdftex.def)             Requested size: 43.77304pt x 14.22636pt.
File: /Users/dantopa/GitHub//latex-2025//global//graphics/logos/af-01.png Graph
ic file (type png)
<use /Users/dantopa/GitHub//latex-2025//global//graphics/logos/af-01.png>
Package pdftex.def Info: /Users/dantopa/GitHub//latex-2025//global//graphics/lo
gos/af-01.png  used on input line 29.
(pdftex.def)             Requested size: 14.84773pt x 13.08846pt.
File: /Users/dantopa/GitHub//latex-2025//global//graphics/logos/sf-best.png Gra
phic file (type png)
<use /Users/dantopa/GitHub//latex-2025//global//graphics/logos/sf-best.png>
Package pdftex.def Info: /Users/dantopa/GitHub//latex-2025//global//graphics/lo
gos/sf-best.png  used on input line 29.
(pdftex.def)             Requested size: 16.20306pt x 16.21828pt.
File: /Users/dantopa/GitHub//latex-2025//global//graphics/logos/hii-01.png Grap
hic file (type png)
<use /Users/dantopa/GitHub//latex-2025//global//graphics/logos/hii-01.png>
Package pdftex.def Info: /Users/dantopa/GitHub//latex-2025//global//graphics/lo
gos/hii-01.png  used on input line 29.
(pdftex.def)             Requested size: 13.59386pt x 14.22636pt.

Overfull \hbox (1.46664pt too wide) has occurred while \output is active
[][][] [][][] 
 []

[203

])
(/Users/dantopa/GitHub//latex-2025//pres/cwh-textbook//sections/sssec-omegas.te
x
 !! CONTENT SETUP !! /Users/dantopa/GitHub//latex-2025//pres/cwh-textbook//sect
ions/"sssec-omegas.tex"
File: /Users/dantopa/GitHub//latex-2025//global//graphics/logos/afrl-logo.png G
raphic file (type png)
<use /Users/dantopa/GitHub//latex-2025//global//graphics/logos/afrl-logo.png>
Package pdftex.def Info: /Users/dantopa/GitHub//latex-2025//global//graphics/lo
gos/afrl-logo.png  used on input line 9.
(pdftex.def)             Requested size: 43.77304pt x 14.22636pt.
File: /Users/dantopa/GitHub//latex-2025//global//graphics/logos/af-01.png Graph
ic file (type png)
<use /Users/dantopa/GitHub//latex-2025//global//graphics/logos/af-01.png>
Package pdftex.def Info: /Users/dantopa/GitHub//latex-2025//global//graphics/lo
gos/af-01.png  used on input line 9.
(pdftex.def)             Requested size: 14.84773pt x 13.08846pt.
File: /Users/dantopa/GitHub//latex-2025//global//graphics/logos/sf-best.png Gra
phic file (type png)
<use /Users/dantopa/GitHub//latex-2025//global//graphics/logos/sf-best.png>
Package pdftex.def Info: /Users/dantopa/GitHub//latex-2025//global//graphics/lo
gos/sf-best.png  used on input line 9.
(pdftex.def)             Requested size: 16.20306pt x 16.21828pt.
File: /Users/dantopa/GitHub//latex-2025//global//graphics/logos/hii-01.png Grap
hic file (type png)
<use /Users/dantopa/GitHub//latex-2025//global//graphics/logos/hii-01.png>
Package pdftex.def Info: /Users/dantopa/GitHub//latex-2025//global//graphics/lo
gos/hii-01.png  used on input line 9.
(pdftex.def)             Requested size: 13.59386pt x 14.22636pt.

Overfull \hbox (1.46664pt too wide) has occurred while \output is active
[][][] [][][] 
 []

[204

]

Package hyperref Warning: Suppressing link with empty target on input line 32.

</Users/dantopa/GitHub//latex-2025//pres/cwh-textbook//local//graphics//phase/U
rosticte-k1,w3.pdf, id=9362, 129.48375pt x 313.17pt>
File: /Users/dantopa/GitHub//latex-2025//pres/cwh-textbook//local//graphics//ph
ase/Urosticte-k1,w3.pdf Graphic file (type pdf)
<use /Users/dantopa/GitHub//latex-2025//pres/cwh-textbook//local//graphics//pha
se/Urosticte-k1,w3.pdf>
Package pdftex.def Info: /Users/dantopa/GitHub//latex-2025//pres/cwh-textbook//
local//graphics//phase/Urosticte-k1,w3.pdf  used on input line 32.
(pdftex.def)             Requested size: 69.14209pt x 167.23607pt.
File: /Users/dantopa/GitHub//latex-2025//global//graphics/logos/afrl-logo.png G
raphic file (type png)
<use /Users/dantopa/GitHub//latex-2025//global//graphics/logos/afrl-logo.png>
Package pdftex.def Info: /Users/dantopa/GitHub//latex-2025//global//graphics/lo
gos/afrl-logo.png  used on input line 32.
(pdftex.def)             Requested size: 43.77304pt x 14.22636pt.
File: /Users/dantopa/GitHub//latex-2025//global//graphics/logos/af-01.png Graph
ic file (type png)
<use /Users/dantopa/GitHub//latex-2025//global//graphics/logos/af-01.png>
Package pdftex.def Info: /Users/dantopa/GitHub//latex-2025//global//graphics/lo
gos/af-01.png  used on input line 32.
(pdftex.def)             Requested size: 14.84773pt x 13.08846pt.
File: /Users/dantopa/GitHub//latex-2025//global//graphics/logos/sf-best.png Gra
phic file (type png)
<use /Users/dantopa/GitHub//latex-2025//global//graphics/logos/sf-best.png>
Package pdftex.def Info: /Users/dantopa/GitHub//latex-2025//global//graphics/lo
gos/sf-best.png  used on input line 32.
(pdftex.def)             Requested size: 16.20306pt x 16.21828pt.
File: /Users/dantopa/GitHub//latex-2025//global//graphics/logos/hii-01.png Grap
hic file (type png)
<use /Users/dantopa/GitHub//latex-2025//global//graphics/logos/hii-01.png>
Package pdftex.def Info: /Users/dantopa/GitHub//latex-2025//global//graphics/lo
gos/hii-01.png  used on input line 32.
(pdftex.def)             Requested size: 13.59386pt x 14.22636pt.

Overfull \hbox (1.46664pt too wide) has occurred while \output is active
[][][] [][][] 
 []

[205

 </Users/dantopa/GitHub//latex-2025//pres/cwh-textbook//local//graphics//phase/
Urosticte-k1,w3.pdf>]

Package hyperref Warning: Suppressing link with empty target on input line 50.

</Users/dantopa/GitHub//latex-2025//pres/cwh-textbook//local//graphics//phase/U
rosticte-k1X,w3.pdf, id=9419, 45.16875pt x 313.17pt>
File: /Users/dantopa/GitHub//latex-2025//pres/cwh-textbook//local//graphics//ph
ase/Urosticte-k1X,w3.pdf Graphic file (type pdf)
<use /Users/dantopa/GitHub//latex-2025//pres/cwh-textbook//local//graphics//pha
se/Urosticte-k1X,w3.pdf>
Package pdftex.def Info: /Users/dantopa/GitHub//latex-2025//pres/cwh-textbook//
local//graphics//phase/Urosticte-k1X,w3.pdf  used on input line 50.
(pdftex.def)             Requested size: 25.45973pt x 176.51575pt.
File: /Users/dantopa/GitHub//latex-2025//global//graphics/logos/afrl-logo.png G
raphic file (type png)
<use /Users/dantopa/GitHub//latex-2025//global//graphics/logos/afrl-logo.png>
Package pdftex.def Info: /Users/dantopa/GitHub//latex-2025//global//graphics/lo
gos/afrl-logo.png  used on input line 50.
(pdftex.def)             Requested size: 43.77304pt x 14.22636pt.
File: /Users/dantopa/GitHub//latex-2025//global//graphics/logos/af-01.png Graph
ic file (type png)
<use /Users/dantopa/GitHub//latex-2025//global//graphics/logos/af-01.png>
Package pdftex.def Info: /Users/dantopa/GitHub//latex-2025//global//graphics/lo
gos/af-01.png  used on input line 50.
(pdftex.def)             Requested size: 14.84773pt x 13.08846pt.
File: /Users/dantopa/GitHub//latex-2025//global//graphics/logos/sf-best.png Gra
phic file (type png)
<use /Users/dantopa/GitHub//latex-2025//global//graphics/logos/sf-best.png>
Package pdftex.def Info: /Users/dantopa/GitHub//latex-2025//global//graphics/lo
gos/sf-best.png  used on input line 50.
(pdftex.def)             Requested size: 16.20306pt x 16.21828pt.
File: /Users/dantopa/GitHub//latex-2025//global//graphics/logos/hii-01.png Grap
hic file (type png)
<use /Users/dantopa/GitHub//latex-2025//global//graphics/logos/hii-01.png>
Package pdftex.def Info: /Users/dantopa/GitHub//latex-2025//global//graphics/lo
gos/hii-01.png  used on input line 50.
(pdftex.def)             Requested size: 13.59386pt x 14.22636pt.

Overfull \hbox (1.46664pt too wide) has occurred while \output is active
[][][] [][][] 
 []

[206

 </Users/dantopa/GitHub//latex-2025//pres/cwh-textbook//local//graphics//phase/
Urosticte-k1X,w3.pdf>]

Package hyperref Warning: Suppressing link with empty target on input line 81.

</Users/dantopa/GitHub//latex-2025//pres/cwh-textbook//local//graphics//phase/U
rosticte-k6,w3.pdf, id=9475, 260.975pt x 260.975pt>
File: /Users/dantopa/GitHub//latex-2025//pres/cwh-textbook//local//graphics//ph
ase/Urosticte-k6,w3.pdf Graphic file (type pdf)
<use /Users/dantopa/GitHub//latex-2025//pres/cwh-textbook//local//graphics//pha
se/Urosticte-k6,w3.pdf>
Package pdftex.def Info: /Users/dantopa/GitHub//latex-2025//pres/cwh-textbook//
local//graphics//phase/Urosticte-k6,w3.pdf  used on input line 81.
(pdftex.def)             Requested size: 169.01036pt x 169.01053pt.
File: /Users/dantopa/GitHub//latex-2025//global//graphics/logos/afrl-logo.png G
raphic file (type png)
<use /Users/dantopa/GitHub//latex-2025//global//graphics/logos/afrl-logo.png>
Package pdftex.def Info: /Users/dantopa/GitHub//latex-2025//global//graphics/lo
gos/afrl-logo.png  used on input line 81.
(pdftex.def)             Requested size: 43.77304pt x 14.22636pt.
File: /Users/dantopa/GitHub//latex-2025//global//graphics/logos/af-01.png Graph
ic file (type png)
<use /Users/dantopa/GitHub//latex-2025//global//graphics/logos/af-01.png>
Package pdftex.def Info: /Users/dantopa/GitHub//latex-2025//global//graphics/lo
gos/af-01.png  used on input line 81.
(pdftex.def)             Requested size: 14.84773pt x 13.08846pt.
File: /Users/dantopa/GitHub//latex-2025//global//graphics/logos/sf-best.png Gra
phic file (type png)
<use /Users/dantopa/GitHub//latex-2025//global//graphics/logos/sf-best.png>
Package pdftex.def Info: /Users/dantopa/GitHub//latex-2025//global//graphics/lo
gos/sf-best.png  used on input line 81.
(pdftex.def)             Requested size: 16.20306pt x 16.21828pt.
File: /Users/dantopa/GitHub//latex-2025//global//graphics/logos/hii-01.png Grap
hic file (type png)
<use /Users/dantopa/GitHub//latex-2025//global//graphics/logos/hii-01.png>
Package pdftex.def Info: /Users/dantopa/GitHub//latex-2025//global//graphics/lo
gos/hii-01.png  used on input line 81.
(pdftex.def)             Requested size: 13.59386pt x 14.22636pt.

Overfull \hbox (1.46664pt too wide) has occurred while \output is active
[][][] [][][] 
 []

[207

 </Users/dantopa/GitHub//latex-2025//pres/cwh-textbook//local//graphics//phase/
Urosticte-k6,w3.pdf>]))
(/Users/dantopa/GitHub//latex-2025//pres/cwh-textbook//sections/ssec-poincare-o
ther.tex
 !! CONTENT SETUP !! /Users/dantopa/GitHub//latex-2025//pres/cwh-textbook//sect
ions/"ssec-poincare-other.tex"

(/Users/dantopa/GitHub//latex-2025//pres/cwh-textbook//sections/sssec-portraits
-1-4.tex
 !! CONTENT SETUP !! /Users/dantopa/GitHub//latex-2025//pres/cwh-textbook//sect
ions/"sssec-portraits-1-4.tex"

Package hyperref Warning: Suppressing link with empty target on input line 24.

File: /Users/dantopa/GitHub//latex-2025//pres/cwh-textbook//local//graphics//ph
ase/Urosticte-100100xdotx.pdf Graphic file (type pdf)
<use /Users/dantopa/GitHub//latex-2025//pres/cwh-textbook//local//graphics//pha
se/Urosticte-100100xdotx.pdf>
Package pdftex.def Info: /Users/dantopa/GitHub//latex-2025//pres/cwh-textbook//
local//graphics//phase/Urosticte-100100xdotx.pdf  used on input line 24.
(pdftex.def)             Requested size: 184.3758pt x 164.52158pt.
File: /Users/dantopa/GitHub//latex-2025//global//graphics/logos/afrl-logo.png G
raphic file (type png)
<use /Users/dantopa/GitHub//latex-2025//global//graphics/logos/afrl-logo.png>
Package pdftex.def Info: /Users/dantopa/GitHub//latex-2025//global//graphics/lo
gos/afrl-logo.png  used on input line 24.
(pdftex.def)             Requested size: 43.77304pt x 14.22636pt.
File: /Users/dantopa/GitHub//latex-2025//global//graphics/logos/af-01.png Graph
ic file (type png)
<use /Users/dantopa/GitHub//latex-2025//global//graphics/logos/af-01.png>
Package pdftex.def Info: /Users/dantopa/GitHub//latex-2025//global//graphics/lo
gos/af-01.png  used on input line 24.
(pdftex.def)             Requested size: 14.84773pt x 13.08846pt.
File: /Users/dantopa/GitHub//latex-2025//global//graphics/logos/sf-best.png Gra
phic file (type png)
<use /Users/dantopa/GitHub//latex-2025//global//graphics/logos/sf-best.png>
Package pdftex.def Info: /Users/dantopa/GitHub//latex-2025//global//graphics/lo
gos/sf-best.png  used on input line 24.
(pdftex.def)             Requested size: 16.20306pt x 16.21828pt.
File: /Users/dantopa/GitHub//latex-2025//global//graphics/logos/hii-01.png Grap
hic file (type png)
<use /Users/dantopa/GitHub//latex-2025//global//graphics/logos/hii-01.png>
Package pdftex.def Info: /Users/dantopa/GitHub//latex-2025//global//graphics/lo
gos/hii-01.png  used on input line 24.
(pdftex.def)             Requested size: 13.59386pt x 14.22636pt.

Overfull \hbox (1.46664pt too wide) has occurred while \output is active
[][][] [][][] 
 []

[208

]
File: /Users/dantopa/GitHub//latex-2025//global//graphics/logos/afrl-logo.png G
raphic file (type png)
<use /Users/dantopa/GitHub//latex-2025//global//graphics/logos/afrl-logo.png>
Package pdftex.def Info: /Users/dantopa/GitHub//latex-2025//global//graphics/lo
gos/afrl-logo.png  used on input line 30.
(pdftex.def)             Requested size: 43.77304pt x 14.22636pt.
File: /Users/dantopa/GitHub//latex-2025//global//graphics/logos/af-01.png Graph
ic file (type png)
<use /Users/dantopa/GitHub//latex-2025//global//graphics/logos/af-01.png>
Package pdftex.def Info: /Users/dantopa/GitHub//latex-2025//global//graphics/lo
gos/af-01.png  used on input line 30.
(pdftex.def)             Requested size: 14.84773pt x 13.08846pt.
File: /Users/dantopa/GitHub//latex-2025//global//graphics/logos/sf-best.png Gra
phic file (type png)
<use /Users/dantopa/GitHub//latex-2025//global//graphics/logos/sf-best.png>
Package pdftex.def Info: /Users/dantopa/GitHub//latex-2025//global//graphics/lo
gos/sf-best.png  used on input line 30.
(pdftex.def)             Requested size: 16.20306pt x 16.21828pt.
File: /Users/dantopa/GitHub//latex-2025//global//graphics/logos/hii-01.png Grap
hic file (type png)
<use /Users/dantopa/GitHub//latex-2025//global//graphics/logos/hii-01.png>
Package pdftex.def Info: /Users/dantopa/GitHub//latex-2025//global//graphics/lo
gos/hii-01.png  used on input line 30.
(pdftex.def)             Requested size: 13.59386pt x 14.22636pt.

Overfull \hbox (1.46664pt too wide) has occurred while \output is active
[][][] [][][] 
 []

[209

]

Package hyperref Warning: Suppressing link with empty target on input line 51.

File: /Users/dantopa/GitHub//latex-2025//pres/cwh-textbook//local//graphics//ph
ase/Urosticte-100100ydoty.pdf Graphic file (type pdf)
<use /Users/dantopa/GitHub//latex-2025//pres/cwh-textbook//local//graphics//pha
se/Urosticte-100100ydoty.pdf>
Package pdftex.def Info: /Users/dantopa/GitHub//latex-2025//pres/cwh-textbook//
local//graphics//phase/Urosticte-100100ydoty.pdf  used on input line 51.
(pdftex.def)             Requested size: 199.73653pt x 72.9822pt.
File: /Users/dantopa/GitHub//latex-2025//global//graphics/logos/afrl-logo.png G
raphic file (type png)
<use /Users/dantopa/GitHub//latex-2025//global//graphics/logos/afrl-logo.png>
Package pdftex.def Info: /Users/dantopa/GitHub//latex-2025//global//graphics/lo
gos/afrl-logo.png  used on input line 51.
(pdftex.def)             Requested size: 43.77304pt x 14.22636pt.
File: /Users/dantopa/GitHub//latex-2025//global//graphics/logos/af-01.png Graph
ic file (type png)
<use /Users/dantopa/GitHub//latex-2025//global//graphics/logos/af-01.png>
Package pdftex.def Info: /Users/dantopa/GitHub//latex-2025//global//graphics/lo
gos/af-01.png  used on input line 51.
(pdftex.def)             Requested size: 14.84773pt x 13.08846pt.
File: /Users/dantopa/GitHub//latex-2025//global//graphics/logos/sf-best.png Gra
phic file (type png)
<use /Users/dantopa/GitHub//latex-2025//global//graphics/logos/sf-best.png>
Package pdftex.def Info: /Users/dantopa/GitHub//latex-2025//global//graphics/lo
gos/sf-best.png  used on input line 51.
(pdftex.def)             Requested size: 16.20306pt x 16.21828pt.
File: /Users/dantopa/GitHub//latex-2025//global//graphics/logos/hii-01.png Grap
hic file (type png)
<use /Users/dantopa/GitHub//latex-2025//global//graphics/logos/hii-01.png>
Package pdftex.def Info: /Users/dantopa/GitHub//latex-2025//global//graphics/lo
gos/hii-01.png  used on input line 51.
(pdftex.def)             Requested size: 13.59386pt x 14.22636pt.

Overfull \hbox (1.46664pt too wide) has occurred while \output is active
[][][] [][][] 
 []

[210

]
File: /Users/dantopa/GitHub//latex-2025//global//graphics/logos/afrl-logo.png G
raphic file (type png)
<use /Users/dantopa/GitHub//latex-2025//global//graphics/logos/afrl-logo.png>
Package pdftex.def Info: /Users/dantopa/GitHub//latex-2025//global//graphics/lo
gos/afrl-logo.png  used on input line 57.
(pdftex.def)             Requested size: 43.77304pt x 14.22636pt.
File: /Users/dantopa/GitHub//latex-2025//global//graphics/logos/af-01.png Graph
ic file (type png)
<use /Users/dantopa/GitHub//latex-2025//global//graphics/logos/af-01.png>
Package pdftex.def Info: /Users/dantopa/GitHub//latex-2025//global//graphics/lo
gos/af-01.png  used on input line 57.
(pdftex.def)             Requested size: 14.84773pt x 13.08846pt.
File: /Users/dantopa/GitHub//latex-2025//global//graphics/logos/sf-best.png Gra
phic file (type png)
<use /Users/dantopa/GitHub//latex-2025//global//graphics/logos/sf-best.png>
Package pdftex.def Info: /Users/dantopa/GitHub//latex-2025//global//graphics/lo
gos/sf-best.png  used on input line 57.
(pdftex.def)             Requested size: 16.20306pt x 16.21828pt.
File: /Users/dantopa/GitHub//latex-2025//global//graphics/logos/hii-01.png Grap
hic file (type png)
<use /Users/dantopa/GitHub//latex-2025//global//graphics/logos/hii-01.png>
Package pdftex.def Info: /Users/dantopa/GitHub//latex-2025//global//graphics/lo
gos/hii-01.png  used on input line 57.
(pdftex.def)             Requested size: 13.59386pt x 14.22636pt.

Overfull \hbox (1.46664pt too wide) has occurred while \output is active
[][][] [][][] 
 []

[211

]

Package hyperref Warning: Suppressing link with empty target on input line 75.

File: /Users/dantopa/GitHub//latex-2025//pres/cwh-textbook//local//graphics//ph
ase/Urosticte-100100xy.pdf Graphic file (type pdf)
<use /Users/dantopa/GitHub//latex-2025//pres/cwh-textbook//local//graphics//pha
se/Urosticte-100100xy.pdf>
Package pdftex.def Info: /Users/dantopa/GitHub//latex-2025//pres/cwh-textbook//
local//graphics//phase/Urosticte-100100xy.pdf  used on input line 75.
(pdftex.def)             Requested size: 39.25014pt x 165.48288pt.
File: /Users/dantopa/GitHub//latex-2025//global//graphics/logos/afrl-logo.png G
raphic file (type png)
<use /Users/dantopa/GitHub//latex-2025//global//graphics/logos/afrl-logo.png>
Package pdftex.def Info: /Users/dantopa/GitHub//latex-2025//global//graphics/lo
gos/afrl-logo.png  used on input line 75.
(pdftex.def)             Requested size: 43.77304pt x 14.22636pt.
File: /Users/dantopa/GitHub//latex-2025//global//graphics/logos/af-01.png Graph
ic file (type png)
<use /Users/dantopa/GitHub//latex-2025//global//graphics/logos/af-01.png>
Package pdftex.def Info: /Users/dantopa/GitHub//latex-2025//global//graphics/lo
gos/af-01.png  used on input line 75.
(pdftex.def)             Requested size: 14.84773pt x 13.08846pt.
File: /Users/dantopa/GitHub//latex-2025//global//graphics/logos/sf-best.png Gra
phic file (type png)
<use /Users/dantopa/GitHub//latex-2025//global//graphics/logos/sf-best.png>
Package pdftex.def Info: /Users/dantopa/GitHub//latex-2025//global//graphics/lo
gos/sf-best.png  used on input line 75.
(pdftex.def)             Requested size: 16.20306pt x 16.21828pt.
File: /Users/dantopa/GitHub//latex-2025//global//graphics/logos/hii-01.png Grap
hic file (type png)
<use /Users/dantopa/GitHub//latex-2025//global//graphics/logos/hii-01.png>
Package pdftex.def Info: /Users/dantopa/GitHub//latex-2025//global//graphics/lo
gos/hii-01.png  used on input line 75.
(pdftex.def)             Requested size: 13.59386pt x 14.22636pt.

Overfull \hbox (1.46664pt too wide) has occurred while \output is active
[][][] [][][] 
 []

[212

])
(/Users/dantopa/GitHub//latex-2025//pres/cwh-textbook//sections/sssec-portraits
-3-6.tex
 !! CONTENT SETUP !! /Users/dantopa/GitHub//latex-2025//pres/cwh-textbook//sect
ions/"sssec-portraits-3-6.tex"

Package hyperref Warning: Suppressing link with empty target on input line 22.

File: /Users/dantopa/GitHub//latex-2025//pres/cwh-textbook//local//graphics//ph
ase/Urosticte-001001zdotz.pdf Graphic file (type pdf)
<use /Users/dantopa/GitHub//latex-2025//pres/cwh-textbook//local//graphics//pha
se/Urosticte-001001zdotz.pdf>
Package pdftex.def Info: /Users/dantopa/GitHub//latex-2025//pres/cwh-textbook//
local//graphics//phase/Urosticte-001001zdotz.pdf  used on input line 22.
(pdftex.def)             Requested size: 169.01036pt x 169.01053pt.
File: /Users/dantopa/GitHub//latex-2025//global//graphics/logos/afrl-logo.png G
raphic file (type png)
<use /Users/dantopa/GitHub//latex-2025//global//graphics/logos/afrl-logo.png>
Package pdftex.def Info: /Users/dantopa/GitHub//latex-2025//global//graphics/lo
gos/afrl-logo.png  used on input line 22.
(pdftex.def)             Requested size: 43.77304pt x 14.22636pt.
File: /Users/dantopa/GitHub//latex-2025//global//graphics/logos/af-01.png Graph
ic file (type png)
<use /Users/dantopa/GitHub//latex-2025//global//graphics/logos/af-01.png>
Package pdftex.def Info: /Users/dantopa/GitHub//latex-2025//global//graphics/lo
gos/af-01.png  used on input line 22.
(pdftex.def)             Requested size: 14.84773pt x 13.08846pt.
File: /Users/dantopa/GitHub//latex-2025//global//graphics/logos/sf-best.png Gra
phic file (type png)
<use /Users/dantopa/GitHub//latex-2025//global//graphics/logos/sf-best.png>
Package pdftex.def Info: /Users/dantopa/GitHub//latex-2025//global//graphics/lo
gos/sf-best.png  used on input line 22.
(pdftex.def)             Requested size: 16.20306pt x 16.21828pt.
File: /Users/dantopa/GitHub//latex-2025//global//graphics/logos/hii-01.png Grap
hic file (type png)
<use /Users/dantopa/GitHub//latex-2025//global//graphics/logos/hii-01.png>
Package pdftex.def Info: /Users/dantopa/GitHub//latex-2025//global//graphics/lo
gos/hii-01.png  used on input line 22.
(pdftex.def)             Requested size: 13.59386pt x 14.22636pt.

Overfull \hbox (1.46664pt too wide) has occurred while \output is active
[][][] [][][] 
 []

[213

]
File: /Users/dantopa/GitHub//latex-2025//global//graphics/logos/afrl-logo.png G
raphic file (type png)
<use /Users/dantopa/GitHub//latex-2025//global//graphics/logos/afrl-logo.png>
Package pdftex.def Info: /Users/dantopa/GitHub//latex-2025//global//graphics/lo
gos/afrl-logo.png  used on input line 29.
(pdftex.def)             Requested size: 43.77304pt x 14.22636pt.
File: /Users/dantopa/GitHub//latex-2025//global//graphics/logos/af-01.png Graph
ic file (type png)
<use /Users/dantopa/GitHub//latex-2025//global//graphics/logos/af-01.png>
Package pdftex.def Info: /Users/dantopa/GitHub//latex-2025//global//graphics/lo
gos/af-01.png  used on input line 29.
(pdftex.def)             Requested size: 14.84773pt x 13.08846pt.
File: /Users/dantopa/GitHub//latex-2025//global//graphics/logos/sf-best.png Gra
phic file (type png)
<use /Users/dantopa/GitHub//latex-2025//global//graphics/logos/sf-best.png>
Package pdftex.def Info: /Users/dantopa/GitHub//latex-2025//global//graphics/lo
gos/sf-best.png  used on input line 29.
(pdftex.def)             Requested size: 16.20306pt x 16.21828pt.
File: /Users/dantopa/GitHub//latex-2025//global//graphics/logos/hii-01.png Grap
hic file (type png)
<use /Users/dantopa/GitHub//latex-2025//global//graphics/logos/hii-01.png>
Package pdftex.def Info: /Users/dantopa/GitHub//latex-2025//global//graphics/lo
gos/hii-01.png  used on input line 29.
(pdftex.def)             Requested size: 13.59386pt x 14.22636pt.

Overfull \hbox (1.46664pt too wide) has occurred while \output is active
[][][] [][][] 
 []

[214

])
(/Users/dantopa/GitHub//latex-2025//pres/cwh-textbook//sections/sssec-omegas.te
x
 !! CONTENT SETUP !! /Users/dantopa/GitHub//latex-2025//pres/cwh-textbook//sect
ions/"sssec-omegas.tex"
File: /Users/dantopa/GitHub//latex-2025//global//graphics/logos/afrl-logo.png G
raphic file (type png)
<use /Users/dantopa/GitHub//latex-2025//global//graphics/logos/afrl-logo.png>
Package pdftex.def Info: /Users/dantopa/GitHub//latex-2025//global//graphics/lo
gos/afrl-logo.png  used on input line 9.
(pdftex.def)             Requested size: 43.77304pt x 14.22636pt.
File: /Users/dantopa/GitHub//latex-2025//global//graphics/logos/af-01.png Graph
ic file (type png)
<use /Users/dantopa/GitHub//latex-2025//global//graphics/logos/af-01.png>
Package pdftex.def Info: /Users/dantopa/GitHub//latex-2025//global//graphics/lo
gos/af-01.png  used on input line 9.
(pdftex.def)             Requested size: 14.84773pt x 13.08846pt.
File: /Users/dantopa/GitHub//latex-2025//global//graphics/logos/sf-best.png Gra
phic file (type png)
<use /Users/dantopa/GitHub//latex-2025//global//graphics/logos/sf-best.png>
Package pdftex.def Info: /Users/dantopa/GitHub//latex-2025//global//graphics/lo
gos/sf-best.png  used on input line 9.
(pdftex.def)             Requested size: 16.20306pt x 16.21828pt.
File: /Users/dantopa/GitHub//latex-2025//global//graphics/logos/hii-01.png Grap
hic file (type png)
<use /Users/dantopa/GitHub//latex-2025//global//graphics/logos/hii-01.png>
Package pdftex.def Info: /Users/dantopa/GitHub//latex-2025//global//graphics/lo
gos/hii-01.png  used on input line 9.
(pdftex.def)             Requested size: 13.59386pt x 14.22636pt.

Overfull \hbox (1.46664pt too wide) has occurred while \output is active
[][][] [][][] 
 []

[215

]

Package hyperref Warning: Suppressing link with empty target on input line 32.

File: /Users/dantopa/GitHub//latex-2025//pres/cwh-textbook//local//graphics//ph
ase/Urosticte-k1,w3.pdf Graphic file (type pdf)
<use /Users/dantopa/GitHub//latex-2025//pres/cwh-textbook//local//graphics//pha
se/Urosticte-k1,w3.pdf>
Package pdftex.def Info: /Users/dantopa/GitHub//latex-2025//pres/cwh-textbook//
local//graphics//phase/Urosticte-k1,w3.pdf  used on input line 32.
(pdftex.def)             Requested size: 69.14209pt x 167.23607pt.
File: /Users/dantopa/GitHub//latex-2025//global//graphics/logos/afrl-logo.png G
raphic file (type png)
<use /Users/dantopa/GitHub//latex-2025//global//graphics/logos/afrl-logo.png>
Package pdftex.def Info: /Users/dantopa/GitHub//latex-2025//global//graphics/lo
gos/afrl-logo.png  used on input line 32.
(pdftex.def)             Requested size: 43.77304pt x 14.22636pt.
File: /Users/dantopa/GitHub//latex-2025//global//graphics/logos/af-01.png Graph
ic file (type png)
<use /Users/dantopa/GitHub//latex-2025//global//graphics/logos/af-01.png>
Package pdftex.def Info: /Users/dantopa/GitHub//latex-2025//global//graphics/lo
gos/af-01.png  used on input line 32.
(pdftex.def)             Requested size: 14.84773pt x 13.08846pt.
File: /Users/dantopa/GitHub//latex-2025//global//graphics/logos/sf-best.png Gra
phic file (type png)
<use /Users/dantopa/GitHub//latex-2025//global//graphics/logos/sf-best.png>
Package pdftex.def Info: /Users/dantopa/GitHub//latex-2025//global//graphics/lo
gos/sf-best.png  used on input line 32.
(pdftex.def)             Requested size: 16.20306pt x 16.21828pt.
File: /Users/dantopa/GitHub//latex-2025//global//graphics/logos/hii-01.png Grap
hic file (type png)
<use /Users/dantopa/GitHub//latex-2025//global//graphics/logos/hii-01.png>
Package pdftex.def Info: /Users/dantopa/GitHub//latex-2025//global//graphics/lo
gos/hii-01.png  used on input line 32.
(pdftex.def)             Requested size: 13.59386pt x 14.22636pt.

Overfull \hbox (1.46664pt too wide) has occurred while \output is active
[][][] [][][] 
 []

[216

]

Package hyperref Warning: Suppressing link with empty target on input line 50.

File: /Users/dantopa/GitHub//latex-2025//pres/cwh-textbook//local//graphics//ph
ase/Urosticte-k1X,w3.pdf Graphic file (type pdf)
<use /Users/dantopa/GitHub//latex-2025//pres/cwh-textbook//local//graphics//pha
se/Urosticte-k1X,w3.pdf>
Package pdftex.def Info: /Users/dantopa/GitHub//latex-2025//pres/cwh-textbook//
local//graphics//phase/Urosticte-k1X,w3.pdf  used on input line 50.
(pdftex.def)             Requested size: 25.45973pt x 176.51575pt.
File: /Users/dantopa/GitHub//latex-2025//global//graphics/logos/afrl-logo.png G
raphic file (type png)
<use /Users/dantopa/GitHub//latex-2025//global//graphics/logos/afrl-logo.png>
Package pdftex.def Info: /Users/dantopa/GitHub//latex-2025//global//graphics/lo
gos/afrl-logo.png  used on input line 50.
(pdftex.def)             Requested size: 43.77304pt x 14.22636pt.
File: /Users/dantopa/GitHub//latex-2025//global//graphics/logos/af-01.png Graph
ic file (type png)
<use /Users/dantopa/GitHub//latex-2025//global//graphics/logos/af-01.png>
Package pdftex.def Info: /Users/dantopa/GitHub//latex-2025//global//graphics/lo
gos/af-01.png  used on input line 50.
(pdftex.def)             Requested size: 14.84773pt x 13.08846pt.
File: /Users/dantopa/GitHub//latex-2025//global//graphics/logos/sf-best.png Gra
phic file (type png)
<use /Users/dantopa/GitHub//latex-2025//global//graphics/logos/sf-best.png>
Package pdftex.def Info: /Users/dantopa/GitHub//latex-2025//global//graphics/lo
gos/sf-best.png  used on input line 50.
(pdftex.def)             Requested size: 16.20306pt x 16.21828pt.
File: /Users/dantopa/GitHub//latex-2025//global//graphics/logos/hii-01.png Grap
hic file (type png)
<use /Users/dantopa/GitHub//latex-2025//global//graphics/logos/hii-01.png>
Package pdftex.def Info: /Users/dantopa/GitHub//latex-2025//global//graphics/lo
gos/hii-01.png  used on input line 50.
(pdftex.def)             Requested size: 13.59386pt x 14.22636pt.

Overfull \hbox (1.46664pt too wide) has occurred while \output is active
[][][] [][][] 
 []

[217

]

Package hyperref Warning: Suppressing link with empty target on input line 81.

File: /Users/dantopa/GitHub//latex-2025//pres/cwh-textbook//local//graphics//ph
ase/Urosticte-k6,w3.pdf Graphic file (type pdf)
<use /Users/dantopa/GitHub//latex-2025//pres/cwh-textbook//local//graphics//pha
se/Urosticte-k6,w3.pdf>
Package pdftex.def Info: /Users/dantopa/GitHub//latex-2025//pres/cwh-textbook//
local//graphics//phase/Urosticte-k6,w3.pdf  used on input line 81.
(pdftex.def)             Requested size: 169.01036pt x 169.01053pt.
File: /Users/dantopa/GitHub//latex-2025//global//graphics/logos/afrl-logo.png G
raphic file (type png)
<use /Users/dantopa/GitHub//latex-2025//global//graphics/logos/afrl-logo.png>
Package pdftex.def Info: /Users/dantopa/GitHub//latex-2025//global//graphics/lo
gos/afrl-logo.png  used on input line 81.
(pdftex.def)             Requested size: 43.77304pt x 14.22636pt.
File: /Users/dantopa/GitHub//latex-2025//global//graphics/logos/af-01.png Graph
ic file (type png)
<use /Users/dantopa/GitHub//latex-2025//global//graphics/logos/af-01.png>
Package pdftex.def Info: /Users/dantopa/GitHub//latex-2025//global//graphics/lo
gos/af-01.png  used on input line 81.
(pdftex.def)             Requested size: 14.84773pt x 13.08846pt.
File: /Users/dantopa/GitHub//latex-2025//global//graphics/logos/sf-best.png Gra
phic file (type png)
<use /Users/dantopa/GitHub//latex-2025//global//graphics/logos/sf-best.png>
Package pdftex.def Info: /Users/dantopa/GitHub//latex-2025//global//graphics/lo
gos/sf-best.png  used on input line 81.
(pdftex.def)             Requested size: 16.20306pt x 16.21828pt.
File: /Users/dantopa/GitHub//latex-2025//global//graphics/logos/hii-01.png Grap
hic file (type png)
<use /Users/dantopa/GitHub//latex-2025//global//graphics/logos/hii-01.png>
Package pdftex.def Info: /Users/dantopa/GitHub//latex-2025//global//graphics/lo
gos/hii-01.png  used on input line 81.
(pdftex.def)             Requested size: 13.59386pt x 14.22636pt.

Overfull \hbox (1.46664pt too wide) has occurred while \output is active
[][][] [][][] 
 []

[218

]))
(/Users/dantopa/GitHub//latex-2025//pres/cwh-textbook//sections/ssec-canonical-
forms.tex
 !! CONTENT SETUP !! /Users/dantopa/GitHub//latex-2025//pres/cwh-textbook//sect
ions/"ssec-canonical-forms.tex"

Package hyperref Warning: Token not allowed in a PDF string (PDFDocEncoding):
(hyperref)                removing `math shift' on input line 5.


Package hyperref Warning: Token not allowed in a PDF string (PDFDocEncoding):
(hyperref)                removing `\times' on input line 5.


Package hyperref Warning: Token not allowed in a PDF string (PDFDocEncoding):
(hyperref)                removing `math shift' on input line 5.


(/Users/dantopa/GitHub//latex-2025//global//libs//elements//theorems//thm-bn-ap
p-2-1.tex
  >> ELEMENTS LIBRARY << /Users/dantopa/GitHub//latex-2025//global//libs//eleme
nts//theorems//"thm-bn-app-2-1.tex"
)
File: /Users/dantopa/GitHub//latex-2025//global//graphics/logos/afrl-logo.png G
raphic file (type png)
<use /Users/dantopa/GitHub//latex-2025//global//graphics/logos/afrl-logo.png>
Package pdftex.def Info: /Users/dantopa/GitHub//latex-2025//global//graphics/lo
gos/afrl-logo.png  used on input line 10.
(pdftex.def)             Requested size: 43.77304pt x 14.22636pt.
File: /Users/dantopa/GitHub//latex-2025//global//graphics/logos/af-01.png Graph
ic file (type png)
<use /Users/dantopa/GitHub//latex-2025//global//graphics/logos/af-01.png>
Package pdftex.def Info: /Users/dantopa/GitHub//latex-2025//global//graphics/lo
gos/af-01.png  used on input line 10.
(pdftex.def)             Requested size: 14.84773pt x 13.08846pt.
File: /Users/dantopa/GitHub//latex-2025//global//graphics/logos/sf-best.png Gra
phic file (type png)
<use /Users/dantopa/GitHub//latex-2025//global//graphics/logos/sf-best.png>
Package pdftex.def Info: /Users/dantopa/GitHub//latex-2025//global//graphics/lo
gos/sf-best.png  used on input line 10.
(pdftex.def)             Requested size: 16.20306pt x 16.21828pt.
File: /Users/dantopa/GitHub//latex-2025//global//graphics/logos/hii-01.png Grap
hic file (type png)
<use /Users/dantopa/GitHub//latex-2025//global//graphics/logos/hii-01.png>
Package pdftex.def Info: /Users/dantopa/GitHub//latex-2025//global//graphics/lo
gos/hii-01.png  used on input line 10.
(pdftex.def)             Requested size: 13.59386pt x 14.22636pt.

Overfull \hbox (1.46664pt too wide) has occurred while \output is active
[][][] [][][] 
 []

[219

]
(/Users/dantopa/GitHub//latex-2025//global//libs//elements//theorems//thm-bn-ap
p-2-2.tex
  >> ELEMENTS LIBRARY << /Users/dantopa/GitHub//latex-2025//global//libs//eleme
nts//theorems//"thm-bn-app-2-2.tex"
)
File: /Users/dantopa/GitHub//latex-2025//global//graphics/logos/afrl-logo.png G
raphic file (type png)
<use /Users/dantopa/GitHub//latex-2025//global//graphics/logos/afrl-logo.png>
Package pdftex.def Info: /Users/dantopa/GitHub//latex-2025//global//graphics/lo
gos/afrl-logo.png  used on input line 14.
(pdftex.def)             Requested size: 43.77304pt x 14.22636pt.
File: /Users/dantopa/GitHub//latex-2025//global//graphics/logos/af-01.png Graph
ic file (type png)
<use /Users/dantopa/GitHub//latex-2025//global//graphics/logos/af-01.png>
Package pdftex.def Info: /Users/dantopa/GitHub//latex-2025//global//graphics/lo
gos/af-01.png  used on input line 14.
(pdftex.def)             Requested size: 14.84773pt x 13.08846pt.
File: /Users/dantopa/GitHub//latex-2025//global//graphics/logos/sf-best.png Gra
phic file (type png)
<use /Users/dantopa/GitHub//latex-2025//global//graphics/logos/sf-best.png>
Package pdftex.def Info: /Users/dantopa/GitHub//latex-2025//global//graphics/lo
gos/sf-best.png  used on input line 14.
(pdftex.def)             Requested size: 16.20306pt x 16.21828pt.
File: /Users/dantopa/GitHub//latex-2025//global//graphics/logos/hii-01.png Grap
hic file (type png)
<use /Users/dantopa/GitHub//latex-2025//global//graphics/logos/hii-01.png>
Package pdftex.def Info: /Users/dantopa/GitHub//latex-2025//global//graphics/lo
gos/hii-01.png  used on input line 14.
(pdftex.def)             Requested size: 13.59386pt x 14.22636pt.

Overfull \hbox (1.46664pt too wide) has occurred while \output is active
[][][] [][][] 
 []

[220

]
File: /Users/dantopa/GitHub//latex-2025//global//graphics/logos/afrl-logo.png G
raphic file (type png)
<use /Users/dantopa/GitHub//latex-2025//global//graphics/logos/afrl-logo.png>
Package pdftex.def Info: /Users/dantopa/GitHub//latex-2025//global//graphics/lo
gos/afrl-logo.png  used on input line 20.
(pdftex.def)             Requested size: 43.77304pt x 14.22636pt.
File: /Users/dantopa/GitHub//latex-2025//global//graphics/logos/af-01.png Graph
ic file (type png)
<use /Users/dantopa/GitHub//latex-2025//global//graphics/logos/af-01.png>
Package pdftex.def Info: /Users/dantopa/GitHub//latex-2025//global//graphics/lo
gos/af-01.png  used on input line 20.
(pdftex.def)             Requested size: 14.84773pt x 13.08846pt.
File: /Users/dantopa/GitHub//latex-2025//global//graphics/logos/sf-best.png Gra
phic file (type png)
<use /Users/dantopa/GitHub//latex-2025//global//graphics/logos/sf-best.png>
Package pdftex.def Info: /Users/dantopa/GitHub//latex-2025//global//graphics/lo
gos/sf-best.png  used on input line 20.
(pdftex.def)             Requested size: 16.20306pt x 16.21828pt.
File: /Users/dantopa/GitHub//latex-2025//global//graphics/logos/hii-01.png Grap
hic file (type png)
<use /Users/dantopa/GitHub//latex-2025//global//graphics/logos/hii-01.png>
Package pdftex.def Info: /Users/dantopa/GitHub//latex-2025//global//graphics/lo
gos/hii-01.png  used on input line 20.
(pdftex.def)             Requested size: 13.59386pt x 14.22636pt.

Overfull \hbox (1.46664pt too wide) has occurred while \output is active
[][][] [][][] 
 []

[221

]
File: /Users/dantopa/GitHub//latex-2025//global//graphics/logos/afrl-logo.png G
raphic file (type png)
<use /Users/dantopa/GitHub//latex-2025//global//graphics/logos/afrl-logo.png>
Package pdftex.def Info: /Users/dantopa/GitHub//latex-2025//global//graphics/lo
gos/afrl-logo.png  used on input line 79.
(pdftex.def)             Requested size: 43.77304pt x 14.22636pt.
File: /Users/dantopa/GitHub//latex-2025//global//graphics/logos/af-01.png Graph
ic file (type png)
<use /Users/dantopa/GitHub//latex-2025//global//graphics/logos/af-01.png>
Package pdftex.def Info: /Users/dantopa/GitHub//latex-2025//global//graphics/lo
gos/af-01.png  used on input line 79.
(pdftex.def)             Requested size: 14.84773pt x 13.08846pt.
File: /Users/dantopa/GitHub//latex-2025//global//graphics/logos/sf-best.png Gra
phic file (type png)
<use /Users/dantopa/GitHub//latex-2025//global//graphics/logos/sf-best.png>
Package pdftex.def Info: /Users/dantopa/GitHub//latex-2025//global//graphics/lo
gos/sf-best.png  used on input line 79.
(pdftex.def)             Requested size: 16.20306pt x 16.21828pt.
File: /Users/dantopa/GitHub//latex-2025//global//graphics/logos/hii-01.png Grap
hic file (type png)
<use /Users/dantopa/GitHub//latex-2025//global//graphics/logos/hii-01.png>
Package pdftex.def Info: /Users/dantopa/GitHub//latex-2025//global//graphics/lo
gos/hii-01.png  used on input line 79.
(pdftex.def)             Requested size: 13.59386pt x 14.22636pt.

Overfull \hbox (1.46664pt too wide) has occurred while \output is active
[][][] [][][] 
 []

[222

]
File: /Users/dantopa/GitHub//latex-2025//global//graphics/logos/afrl-logo.png G
raphic file (type png)
<use /Users/dantopa/GitHub//latex-2025//global//graphics/logos/afrl-logo.png>
Package pdftex.def Info: /Users/dantopa/GitHub//latex-2025//global//graphics/lo
gos/afrl-logo.png  used on input line 83.
(pdftex.def)             Requested size: 43.77304pt x 14.22636pt.
File: /Users/dantopa/GitHub//latex-2025//global//graphics/logos/af-01.png Graph
ic file (type png)
<use /Users/dantopa/GitHub//latex-2025//global//graphics/logos/af-01.png>
Package pdftex.def Info: /Users/dantopa/GitHub//latex-2025//global//graphics/lo
gos/af-01.png  used on input line 83.
(pdftex.def)             Requested size: 14.84773pt x 13.08846pt.
File: /Users/dantopa/GitHub//latex-2025//global//graphics/logos/sf-best.png Gra
phic file (type png)
<use /Users/dantopa/GitHub//latex-2025//global//graphics/logos/sf-best.png>
Package pdftex.def Info: /Users/dantopa/GitHub//latex-2025//global//graphics/lo
gos/sf-best.png  used on input line 83.
(pdftex.def)             Requested size: 16.20306pt x 16.21828pt.
File: /Users/dantopa/GitHub//latex-2025//global//graphics/logos/hii-01.png Grap
hic file (type png)
<use /Users/dantopa/GitHub//latex-2025//global//graphics/logos/hii-01.png>
Package pdftex.def Info: /Users/dantopa/GitHub//latex-2025//global//graphics/lo
gos/hii-01.png  used on input line 83.
(pdftex.def)             Requested size: 13.59386pt x 14.22636pt.

Overfull \hbox (1.46664pt too wide) has occurred while \output is active
[][][] [][][] 
 []

[223

]
File: /Users/dantopa/GitHub//latex-2025//global//graphics/logos/afrl-logo.png G
raphic file (type png)
<use /Users/dantopa/GitHub//latex-2025//global//graphics/logos/afrl-logo.png>
Package pdftex.def Info: /Users/dantopa/GitHub//latex-2025//global//graphics/lo
gos/afrl-logo.png  used on input line 108.
(pdftex.def)             Requested size: 43.77304pt x 14.22636pt.
File: /Users/dantopa/GitHub//latex-2025//global//graphics/logos/af-01.png Graph
ic file (type png)
<use /Users/dantopa/GitHub//latex-2025//global//graphics/logos/af-01.png>
Package pdftex.def Info: /Users/dantopa/GitHub//latex-2025//global//graphics/lo
gos/af-01.png  used on input line 108.
(pdftex.def)             Requested size: 14.84773pt x 13.08846pt.
File: /Users/dantopa/GitHub//latex-2025//global//graphics/logos/sf-best.png Gra
phic file (type png)
<use /Users/dantopa/GitHub//latex-2025//global//graphics/logos/sf-best.png>
Package pdftex.def Info: /Users/dantopa/GitHub//latex-2025//global//graphics/lo
gos/sf-best.png  used on input line 108.
(pdftex.def)             Requested size: 16.20306pt x 16.21828pt.
File: /Users/dantopa/GitHub//latex-2025//global//graphics/logos/hii-01.png Grap
hic file (type png)
<use /Users/dantopa/GitHub//latex-2025//global//graphics/logos/hii-01.png>
Package pdftex.def Info: /Users/dantopa/GitHub//latex-2025//global//graphics/lo
gos/hii-01.png  used on input line 108.
(pdftex.def)             Requested size: 13.59386pt x 14.22636pt.

Overfull \hbox (1.46664pt too wide) has occurred while \output is active
[][][] [][][] 
 []

[224

]
Overfull \hbox (48.8861pt too wide) detected at line 124
[][][]
 []

File: /Users/dantopa/GitHub//latex-2025//global//graphics/logos/afrl-logo.png G
raphic file (type png)
<use /Users/dantopa/GitHub//latex-2025//global//graphics/logos/afrl-logo.png>
Package pdftex.def Info: /Users/dantopa/GitHub//latex-2025//global//graphics/lo
gos/afrl-logo.png  used on input line 124.
(pdftex.def)             Requested size: 43.77304pt x 14.22636pt.
File: /Users/dantopa/GitHub//latex-2025//global//graphics/logos/af-01.png Graph
ic file (type png)
<use /Users/dantopa/GitHub//latex-2025//global//graphics/logos/af-01.png>
Package pdftex.def Info: /Users/dantopa/GitHub//latex-2025//global//graphics/lo
gos/af-01.png  used on input line 124.
(pdftex.def)             Requested size: 14.84773pt x 13.08846pt.
File: /Users/dantopa/GitHub//latex-2025//global//graphics/logos/sf-best.png Gra
phic file (type png)
<use /Users/dantopa/GitHub//latex-2025//global//graphics/logos/sf-best.png>
Package pdftex.def Info: /Users/dantopa/GitHub//latex-2025//global//graphics/lo
gos/sf-best.png  used on input line 124.
(pdftex.def)             Requested size: 16.20306pt x 16.21828pt.
File: /Users/dantopa/GitHub//latex-2025//global//graphics/logos/hii-01.png Grap
hic file (type png)
<use /Users/dantopa/GitHub//latex-2025//global//graphics/logos/hii-01.png>
Package pdftex.def Info: /Users/dantopa/GitHub//latex-2025//global//graphics/lo
gos/hii-01.png  used on input line 124.
(pdftex.def)             Requested size: 13.59386pt x 14.22636pt.

Overfull \hbox (1.46664pt too wide) has occurred while \output is active
[][][] [][][] 
 []

[225

]pdfTeX warning (ext4): destination with the same identifier (name{eq:2}) has b
een already used, duplicate ignored
<to be read again> 
                   \relax 
l.134 \end{frame}
                 
File: /Users/dantopa/GitHub//latex-2025//global//graphics/logos/afrl-logo.png G
raphic file (type png)
<use /Users/dantopa/GitHub//latex-2025//global//graphics/logos/afrl-logo.png>
Package pdftex.def Info: /Users/dantopa/GitHub//latex-2025//global//graphics/lo
gos/afrl-logo.png  used on input line 134.
(pdftex.def)             Requested size: 43.77304pt x 14.22636pt.
File: /Users/dantopa/GitHub//latex-2025//global//graphics/logos/af-01.png Graph
ic file (type png)
<use /Users/dantopa/GitHub//latex-2025//global//graphics/logos/af-01.png>
Package pdftex.def Info: /Users/dantopa/GitHub//latex-2025//global//graphics/lo
gos/af-01.png  used on input line 134.
(pdftex.def)             Requested size: 14.84773pt x 13.08846pt.
File: /Users/dantopa/GitHub//latex-2025//global//graphics/logos/sf-best.png Gra
phic file (type png)
<use /Users/dantopa/GitHub//latex-2025//global//graphics/logos/sf-best.png>
Package pdftex.def Info: /Users/dantopa/GitHub//latex-2025//global//graphics/lo
gos/sf-best.png  used on input line 134.
(pdftex.def)             Requested size: 16.20306pt x 16.21828pt.
File: /Users/dantopa/GitHub//latex-2025//global//graphics/logos/hii-01.png Grap
hic file (type png)
<use /Users/dantopa/GitHub//latex-2025//global//graphics/logos/hii-01.png>
Package pdftex.def Info: /Users/dantopa/GitHub//latex-2025//global//graphics/lo
gos/hii-01.png  used on input line 134.
(pdftex.def)             Requested size: 13.59386pt x 14.22636pt.

Overfull \hbox (1.46664pt too wide) has occurred while \output is active
[][][] [][][] 
 []

[226

]
</Users/dantopa/GitHub//latex-2025//pres/cwh-textbook//local//graphics//mm/poin
care-beta.pdf, id=10350, 260.975pt x 260.975pt>
File: /Users/dantopa/GitHub//latex-2025//pres/cwh-textbook//local//graphics//mm
/poincare-beta.pdf Graphic file (type pdf)
<use /Users/dantopa/GitHub//latex-2025//pres/cwh-textbook//local//graphics//mm/
poincare-beta.pdf>
Package pdftex.def Info: /Users/dantopa/GitHub//latex-2025//pres/cwh-textbook//
local//graphics//mm/poincare-beta.pdf  used on input line 150.
(pdftex.def)             Requested size: 107.55333pt x 107.55396pt.
</Users/dantopa/GitHub//latex-2025//pres/cwh-textbook//local//graphics//mm/poin
care-alpha.pdf, id=10351, 260.975pt x 260.975pt>
File: /Users/dantopa/GitHub//latex-2025//pres/cwh-textbook//local//graphics//mm
/poincare-alpha.pdf Graphic file (type pdf)
<use /Users/dantopa/GitHub//latex-2025//pres/cwh-textbook//local//graphics//mm/
poincare-alpha.pdf>
Package pdftex.def Info: /Users/dantopa/GitHub//latex-2025//pres/cwh-textbook//
local//graphics//mm/poincare-alpha.pdf  used on input line 150.
(pdftex.def)             Requested size: 107.55333pt x 107.55396pt.

Overfull \hbox (1.88495pt too wide) in paragraph at lines 150--150
[][]  
 []

File: /Users/dantopa/GitHub//latex-2025//global//graphics/logos/afrl-logo.png G
raphic file (type png)
<use /Users/dantopa/GitHub//latex-2025//global//graphics/logos/afrl-logo.png>
Package pdftex.def Info: /Users/dantopa/GitHub//latex-2025//global//graphics/lo
gos/afrl-logo.png  used on input line 150.
(pdftex.def)             Requested size: 43.77304pt x 14.22636pt.
File: /Users/dantopa/GitHub//latex-2025//global//graphics/logos/af-01.png Graph
ic file (type png)
<use /Users/dantopa/GitHub//latex-2025//global//graphics/logos/af-01.png>
Package pdftex.def Info: /Users/dantopa/GitHub//latex-2025//global//graphics/lo
gos/af-01.png  used on input line 150.
(pdftex.def)             Requested size: 14.84773pt x 13.08846pt.
File: /Users/dantopa/GitHub//latex-2025//global//graphics/logos/sf-best.png Gra
phic file (type png)
<use /Users/dantopa/GitHub//latex-2025//global//graphics/logos/sf-best.png>
Package pdftex.def Info: /Users/dantopa/GitHub//latex-2025//global//graphics/lo
gos/sf-best.png  used on input line 150.
(pdftex.def)             Requested size: 16.20306pt x 16.21828pt.
File: /Users/dantopa/GitHub//latex-2025//global//graphics/logos/hii-01.png Grap
hic file (type png)
<use /Users/dantopa/GitHub//latex-2025//global//graphics/logos/hii-01.png>
Package pdftex.def Info: /Users/dantopa/GitHub//latex-2025//global//graphics/lo
gos/hii-01.png  used on input line 150.
(pdftex.def)             Requested size: 13.59386pt x 14.22636pt.

Overfull \hbox (1.46664pt too wide) has occurred while \output is active
[][][] [][][] 
 []

[227

 </Users/dantopa/GitHub//latex-2025//pres/cwh-textbook//local//graphics//mm/poi
ncare-beta.pdf> </Users/dantopa/GitHub//latex-2025//pres/cwh-textbook//local//g
raphics//mm/poincare-alpha.pdf

pdfTeX warning: /Library/TeX/texbin/pdflatex (file /Users/dantopa/GitHub//latex
-2025//pres/cwh-textbook//local//graphics//mm/poincare-alpha.pdf): PDF inclusio
n: multiple pdfs with page group included in a single page
>]))
(/Users/dantopa/GitHub//latex-2025//pres/cwh-textbook//sections//sec-dynamics.t
ex
 !! CONTENT SETUP !! /Users/dantopa/GitHub//latex-2025//pres/cwh-textbook//sect
ions/"sec-dynamics.tex"

(/Users/dantopa/GitHub//latex-2025//pres/cwh-textbook//sections/ssec-ficticious
.tex
 !! CONTENT SETUP !! /Users/dantopa/GitHub//latex-2025//pres/cwh-textbook//sect
ions/"ssec-ficticious.tex"
File: /Users/dantopa/GitHub//latex-2025//global//graphics/logos/afrl-logo.png G
raphic file (type png)
<use /Users/dantopa/GitHub//latex-2025//global//graphics/logos/afrl-logo.png>
Package pdftex.def Info: /Users/dantopa/GitHub//latex-2025//global//graphics/lo
gos/afrl-logo.png  used on input line 49.
(pdftex.def)             Requested size: 43.77304pt x 14.22636pt.
File: /Users/dantopa/GitHub//latex-2025//global//graphics/logos/af-01.png Graph
ic file (type png)
<use /Users/dantopa/GitHub//latex-2025//global//graphics/logos/af-01.png>
Package pdftex.def Info: /Users/dantopa/GitHub//latex-2025//global//graphics/lo
gos/af-01.png  used on input line 49.
(pdftex.def)             Requested size: 14.84773pt x 13.08846pt.
File: /Users/dantopa/GitHub//latex-2025//global//graphics/logos/sf-best.png Gra
phic file (type png)
<use /Users/dantopa/GitHub//latex-2025//global//graphics/logos/sf-best.png>
Package pdftex.def Info: /Users/dantopa/GitHub//latex-2025//global//graphics/lo
gos/sf-best.png  used on input line 49.
(pdftex.def)             Requested size: 16.20306pt x 16.21828pt.
File: /Users/dantopa/GitHub//latex-2025//global//graphics/logos/hii-01.png Grap
hic file (type png)
<use /Users/dantopa/GitHub//latex-2025//global//graphics/logos/hii-01.png>
Package pdftex.def Info: /Users/dantopa/GitHub//latex-2025//global//graphics/lo
gos/hii-01.png  used on input line 49.
(pdftex.def)             Requested size: 13.59386pt x 14.22636pt.

Overfull \hbox (1.46664pt too wide) has occurred while \output is active
[][][] [][][] 
 []

[228

]
File: /Users/dantopa/GitHub//latex-2025//global//graphics/logos/afrl-logo.png G
raphic file (type png)
<use /Users/dantopa/GitHub//latex-2025//global//graphics/logos/afrl-logo.png>
Package pdftex.def Info: /Users/dantopa/GitHub//latex-2025//global//graphics/lo
gos/afrl-logo.png  used on input line 49.
(pdftex.def)             Requested size: 43.77304pt x 14.22636pt.
File: /Users/dantopa/GitHub//latex-2025//global//graphics/logos/af-01.png Graph
ic file (type png)
<use /Users/dantopa/GitHub//latex-2025//global//graphics/logos/af-01.png>
Package pdftex.def Info: /Users/dantopa/GitHub//latex-2025//global//graphics/lo
gos/af-01.png  used on input line 49.
(pdftex.def)             Requested size: 14.84773pt x 13.08846pt.
File: /Users/dantopa/GitHub//latex-2025//global//graphics/logos/sf-best.png Gra
phic file (type png)
<use /Users/dantopa/GitHub//latex-2025//global//graphics/logos/sf-best.png>
Package pdftex.def Info: /Users/dantopa/GitHub//latex-2025//global//graphics/lo
gos/sf-best.png  used on input line 49.
(pdftex.def)             Requested size: 16.20306pt x 16.21828pt.
File: /Users/dantopa/GitHub//latex-2025//global//graphics/logos/hii-01.png Grap
hic file (type png)
<use /Users/dantopa/GitHub//latex-2025//global//graphics/logos/hii-01.png>
Package pdftex.def Info: /Users/dantopa/GitHub//latex-2025//global//graphics/lo
gos/hii-01.png  used on input line 49.
(pdftex.def)             Requested size: 13.59386pt x 14.22636pt.

Overfull \hbox (1.46664pt too wide) has occurred while \output is active
[][][] [][][] 
 []

[229


pdfTeX warning (ext4): destination with the same identifier (name{eq:Rotating\0
40frame}) has been already used, duplicate ignored

\@EveryShipout@Output ...@Org@Shipout \box \@cclv 
                                                  
l.49 \end{frame}
                ]
File: /Users/dantopa/GitHub//latex-2025//global//graphics/logos/afrl-logo.png G
raphic file (type png)
<use /Users/dantopa/GitHub//latex-2025//global//graphics/logos/afrl-logo.png>
Package pdftex.def Info: /Users/dantopa/GitHub//latex-2025//global//graphics/lo
gos/afrl-logo.png  used on input line 49.
(pdftex.def)             Requested size: 43.77304pt x 14.22636pt.
File: /Users/dantopa/GitHub//latex-2025//global//graphics/logos/af-01.png Graph
ic file (type png)
<use /Users/dantopa/GitHub//latex-2025//global//graphics/logos/af-01.png>
Package pdftex.def Info: /Users/dantopa/GitHub//latex-2025//global//graphics/lo
gos/af-01.png  used on input line 49.
(pdftex.def)             Requested size: 14.84773pt x 13.08846pt.
File: /Users/dantopa/GitHub//latex-2025//global//graphics/logos/sf-best.png Gra
phic file (type png)
<use /Users/dantopa/GitHub//latex-2025//global//graphics/logos/sf-best.png>
Package pdftex.def Info: /Users/dantopa/GitHub//latex-2025//global//graphics/lo
gos/sf-best.png  used on input line 49.
(pdftex.def)             Requested size: 16.20306pt x 16.21828pt.
File: /Users/dantopa/GitHub//latex-2025//global//graphics/logos/hii-01.png Grap
hic file (type png)
<use /Users/dantopa/GitHub//latex-2025//global//graphics/logos/hii-01.png>
Package pdftex.def Info: /Users/dantopa/GitHub//latex-2025//global//graphics/lo
gos/hii-01.png  used on input line 49.
(pdftex.def)             Requested size: 13.59386pt x 14.22636pt.

Overfull \hbox (1.46664pt too wide) has occurred while \output is active
[][][] [][][] 
 []

[230


]
File: /Users/dantopa/GitHub//latex-2025//global//graphics/logos/afrl-logo.png G
raphic file (type png)
<use /Users/dantopa/GitHub//latex-2025//global//graphics/logos/afrl-logo.png>
Package pdftex.def Info: /Users/dantopa/GitHub//latex-2025//global//graphics/lo
gos/afrl-logo.png  used on input line 61.
(pdftex.def)             Requested size: 43.77304pt x 14.22636pt.
File: /Users/dantopa/GitHub//latex-2025//global//graphics/logos/af-01.png Graph
ic file (type png)
<use /Users/dantopa/GitHub//latex-2025//global//graphics/logos/af-01.png>
Package pdftex.def Info: /Users/dantopa/GitHub//latex-2025//global//graphics/lo
gos/af-01.png  used on input line 61.
(pdftex.def)             Requested size: 14.84773pt x 13.08846pt.
File: /Users/dantopa/GitHub//latex-2025//global//graphics/logos/sf-best.png Gra
phic file (type png)
<use /Users/dantopa/GitHub//latex-2025//global//graphics/logos/sf-best.png>
Package pdftex.def Info: /Users/dantopa/GitHub//latex-2025//global//graphics/lo
gos/sf-best.png  used on input line 61.
(pdftex.def)             Requested size: 16.20306pt x 16.21828pt.
File: /Users/dantopa/GitHub//latex-2025//global//graphics/logos/hii-01.png Grap
hic file (type png)
<use /Users/dantopa/GitHub//latex-2025//global//graphics/logos/hii-01.png>
Package pdftex.def Info: /Users/dantopa/GitHub//latex-2025//global//graphics/lo
gos/hii-01.png  used on input line 61.
(pdftex.def)             Requested size: 13.59386pt x 14.22636pt.

Overfull \hbox (1.46664pt too wide) has occurred while \output is active
[][][] [][][] 
 []

[231

]
File: /Users/dantopa/GitHub//latex-2025//global//graphics/logos/afrl-logo.png G
raphic file (type png)
<use /Users/dantopa/GitHub//latex-2025//global//graphics/logos/afrl-logo.png>
Package pdftex.def Info: /Users/dantopa/GitHub//latex-2025//global//graphics/lo
gos/afrl-logo.png  used on input line 86.
(pdftex.def)             Requested size: 43.77304pt x 14.22636pt.
File: /Users/dantopa/GitHub//latex-2025//global//graphics/logos/af-01.png Graph
ic file (type png)
<use /Users/dantopa/GitHub//latex-2025//global//graphics/logos/af-01.png>
Package pdftex.def Info: /Users/dantopa/GitHub//latex-2025//global//graphics/lo
gos/af-01.png  used on input line 86.
(pdftex.def)             Requested size: 14.84773pt x 13.08846pt.
File: /Users/dantopa/GitHub//latex-2025//global//graphics/logos/sf-best.png Gra
phic file (type png)
<use /Users/dantopa/GitHub//latex-2025//global//graphics/logos/sf-best.png>
Package pdftex.def Info: /Users/dantopa/GitHub//latex-2025//global//graphics/lo
gos/sf-best.png  used on input line 86.
(pdftex.def)             Requested size: 16.20306pt x 16.21828pt.
File: /Users/dantopa/GitHub//latex-2025//global//graphics/logos/hii-01.png Grap
hic file (type png)
<use /Users/dantopa/GitHub//latex-2025//global//graphics/logos/hii-01.png>
Package pdftex.def Info: /Users/dantopa/GitHub//latex-2025//global//graphics/lo
gos/hii-01.png  used on input line 86.
(pdftex.def)             Requested size: 13.59386pt x 14.22636pt.

Overfull \hbox (1.46664pt too wide) has occurred while \output is active
[][][] [][][] 
 []

[232

]
File: /Users/dantopa/GitHub//latex-2025//global//graphics/logos/afrl-logo.png G
raphic file (type png)
<use /Users/dantopa/GitHub//latex-2025//global//graphics/logos/afrl-logo.png>
Package pdftex.def Info: /Users/dantopa/GitHub//latex-2025//global//graphics/lo
gos/afrl-logo.png  used on input line 86.
(pdftex.def)             Requested size: 43.77304pt x 14.22636pt.
File: /Users/dantopa/GitHub//latex-2025//global//graphics/logos/af-01.png Graph
ic file (type png)
<use /Users/dantopa/GitHub//latex-2025//global//graphics/logos/af-01.png>
Package pdftex.def Info: /Users/dantopa/GitHub//latex-2025//global//graphics/lo
gos/af-01.png  used on input line 86.
(pdftex.def)             Requested size: 14.84773pt x 13.08846pt.
File: /Users/dantopa/GitHub//latex-2025//global//graphics/logos/sf-best.png Gra
phic file (type png)
<use /Users/dantopa/GitHub//latex-2025//global//graphics/logos/sf-best.png>
Package pdftex.def Info: /Users/dantopa/GitHub//latex-2025//global//graphics/lo
gos/sf-best.png  used on input line 86.
(pdftex.def)             Requested size: 16.20306pt x 16.21828pt.
File: /Users/dantopa/GitHub//latex-2025//global//graphics/logos/hii-01.png Grap
hic file (type png)
<use /Users/dantopa/GitHub//latex-2025//global//graphics/logos/hii-01.png>
Package pdftex.def Info: /Users/dantopa/GitHub//latex-2025//global//graphics/lo
gos/hii-01.png  used on input line 86.
(pdftex.def)             Requested size: 13.59386pt x 14.22636pt.

Overfull \hbox (1.46664pt too wide) has occurred while \output is active
[][][] [][][] 
 []

[233


])
(/Users/dantopa/GitHub//latex-2025//pres/cwh-textbook//sections/ssec-symmetry.t
ex
 !! CONTENT SETUP !! /Users/dantopa/GitHub//latex-2025//pres/cwh-textbook//sect
ions/"ssec-symmetry.tex"
File: /Users/dantopa/GitHub//latex-2025//global//graphics/logos/afrl-logo.png G
raphic file (type png)
<use /Users/dantopa/GitHub//latex-2025//global//graphics/logos/afrl-logo.png>
Package pdftex.def Info: /Users/dantopa/GitHub//latex-2025//global//graphics/lo
gos/afrl-logo.png  used on input line 15.
(pdftex.def)             Requested size: 43.77304pt x 14.22636pt.
File: /Users/dantopa/GitHub//latex-2025//global//graphics/logos/af-01.png Graph
ic file (type png)
<use /Users/dantopa/GitHub//latex-2025//global//graphics/logos/af-01.png>
Package pdftex.def Info: /Users/dantopa/GitHub//latex-2025//global//graphics/lo
gos/af-01.png  used on input line 15.
(pdftex.def)             Requested size: 14.84773pt x 13.08846pt.
File: /Users/dantopa/GitHub//latex-2025//global//graphics/logos/sf-best.png Gra
phic file (type png)
<use /Users/dantopa/GitHub//latex-2025//global//graphics/logos/sf-best.png>
Package pdftex.def Info: /Users/dantopa/GitHub//latex-2025//global//graphics/lo
gos/sf-best.png  used on input line 15.
(pdftex.def)             Requested size: 16.20306pt x 16.21828pt.
File: /Users/dantopa/GitHub//latex-2025//global//graphics/logos/hii-01.png Grap
hic file (type png)
<use /Users/dantopa/GitHub//latex-2025//global//graphics/logos/hii-01.png>
Package pdftex.def Info: /Users/dantopa/GitHub//latex-2025//global//graphics/lo
gos/hii-01.png  used on input line 15.
(pdftex.def)             Requested size: 13.59386pt x 14.22636pt.

Overfull \hbox (1.46664pt too wide) has occurred while \output is active
[][][] [][][] 
 []

[234

]
File: /Users/dantopa/GitHub//latex-2025//global//graphics/logos/afrl-logo.png G
raphic file (type png)
<use /Users/dantopa/GitHub//latex-2025//global//graphics/logos/afrl-logo.png>
Package pdftex.def Info: /Users/dantopa/GitHub//latex-2025//global//graphics/lo
gos/afrl-logo.png  used on input line 24.
(pdftex.def)             Requested size: 43.77304pt x 14.22636pt.
File: /Users/dantopa/GitHub//latex-2025//global//graphics/logos/af-01.png Graph
ic file (type png)
<use /Users/dantopa/GitHub//latex-2025//global//graphics/logos/af-01.png>
Package pdftex.def Info: /Users/dantopa/GitHub//latex-2025//global//graphics/lo
gos/af-01.png  used on input line 24.
(pdftex.def)             Requested size: 14.84773pt x 13.08846pt.
File: /Users/dantopa/GitHub//latex-2025//global//graphics/logos/sf-best.png Gra
phic file (type png)
<use /Users/dantopa/GitHub//latex-2025//global//graphics/logos/sf-best.png>
Package pdftex.def Info: /Users/dantopa/GitHub//latex-2025//global//graphics/lo
gos/sf-best.png  used on input line 24.
(pdftex.def)             Requested size: 16.20306pt x 16.21828pt.
File: /Users/dantopa/GitHub//latex-2025//global//graphics/logos/hii-01.png Grap
hic file (type png)
<use /Users/dantopa/GitHub//latex-2025//global//graphics/logos/hii-01.png>
Package pdftex.def Info: /Users/dantopa/GitHub//latex-2025//global//graphics/lo
gos/hii-01.png  used on input line 24.
(pdftex.def)             Requested size: 13.59386pt x 14.22636pt.

Overfull \hbox (1.46664pt too wide) has occurred while \output is active
[][][] [][][] 
 []

[235

]
File: /Users/dantopa/GitHub//latex-2025//global//graphics/logos/afrl-logo.png G
raphic file (type png)
<use /Users/dantopa/GitHub//latex-2025//global//graphics/logos/afrl-logo.png>
Package pdftex.def Info: /Users/dantopa/GitHub//latex-2025//global//graphics/lo
gos/afrl-logo.png  used on input line 43.
(pdftex.def)             Requested size: 43.77304pt x 14.22636pt.
File: /Users/dantopa/GitHub//latex-2025//global//graphics/logos/af-01.png Graph
ic file (type png)
<use /Users/dantopa/GitHub//latex-2025//global//graphics/logos/af-01.png>
Package pdftex.def Info: /Users/dantopa/GitHub//latex-2025//global//graphics/lo
gos/af-01.png  used on input line 43.
(pdftex.def)             Requested size: 14.84773pt x 13.08846pt.
File: /Users/dantopa/GitHub//latex-2025//global//graphics/logos/sf-best.png Gra
phic file (type png)
<use /Users/dantopa/GitHub//latex-2025//global//graphics/logos/sf-best.png>
Package pdftex.def Info: /Users/dantopa/GitHub//latex-2025//global//graphics/lo
gos/sf-best.png  used on input line 43.
(pdftex.def)             Requested size: 16.20306pt x 16.21828pt.
File: /Users/dantopa/GitHub//latex-2025//global//graphics/logos/hii-01.png Grap
hic file (type png)
<use /Users/dantopa/GitHub//latex-2025//global//graphics/logos/hii-01.png>
Package pdftex.def Info: /Users/dantopa/GitHub//latex-2025//global//graphics/lo
gos/hii-01.png  used on input line 43.
(pdftex.def)             Requested size: 13.59386pt x 14.22636pt.

Overfull \hbox (1.46664pt too wide) has occurred while \output is active
[][][] [][][] 
 []

[236

]
File: /Users/dantopa/GitHub//latex-2025//global//graphics/logos/afrl-logo.png G
raphic file (type png)
<use /Users/dantopa/GitHub//latex-2025//global//graphics/logos/afrl-logo.png>
Package pdftex.def Info: /Users/dantopa/GitHub//latex-2025//global//graphics/lo
gos/afrl-logo.png  used on input line 43.
(pdftex.def)             Requested size: 43.77304pt x 14.22636pt.
File: /Users/dantopa/GitHub//latex-2025//global//graphics/logos/af-01.png Graph
ic file (type png)
<use /Users/dantopa/GitHub//latex-2025//global//graphics/logos/af-01.png>
Package pdftex.def Info: /Users/dantopa/GitHub//latex-2025//global//graphics/lo
gos/af-01.png  used on input line 43.
(pdftex.def)             Requested size: 14.84773pt x 13.08846pt.
File: /Users/dantopa/GitHub//latex-2025//global//graphics/logos/sf-best.png Gra
phic file (type png)
<use /Users/dantopa/GitHub//latex-2025//global//graphics/logos/sf-best.png>
Package pdftex.def Info: /Users/dantopa/GitHub//latex-2025//global//graphics/lo
gos/sf-best.png  used on input line 43.
(pdftex.def)             Requested size: 16.20306pt x 16.21828pt.
File: /Users/dantopa/GitHub//latex-2025//global//graphics/logos/hii-01.png Grap
hic file (type png)
<use /Users/dantopa/GitHub//latex-2025//global//graphics/logos/hii-01.png>
Package pdftex.def Info: /Users/dantopa/GitHub//latex-2025//global//graphics/lo
gos/hii-01.png  used on input line 43.
(pdftex.def)             Requested size: 13.59386pt x 14.22636pt.

Overfull \hbox (1.46664pt too wide) has occurred while \output is active
[][][] [][][] 
 []

[237


]
File: /Users/dantopa/GitHub//latex-2025//global//graphics/logos/afrl-logo.png G
raphic file (type png)
<use /Users/dantopa/GitHub//latex-2025//global//graphics/logos/afrl-logo.png>
Package pdftex.def Info: /Users/dantopa/GitHub//latex-2025//global//graphics/lo
gos/afrl-logo.png  used on input line 62.
(pdftex.def)             Requested size: 43.77304pt x 14.22636pt.
File: /Users/dantopa/GitHub//latex-2025//global//graphics/logos/af-01.png Graph
ic file (type png)
<use /Users/dantopa/GitHub//latex-2025//global//graphics/logos/af-01.png>
Package pdftex.def Info: /Users/dantopa/GitHub//latex-2025//global//graphics/lo
gos/af-01.png  used on input line 62.
(pdftex.def)             Requested size: 14.84773pt x 13.08846pt.
File: /Users/dantopa/GitHub//latex-2025//global//graphics/logos/sf-best.png Gra
phic file (type png)
<use /Users/dantopa/GitHub//latex-2025//global//graphics/logos/sf-best.png>
Package pdftex.def Info: /Users/dantopa/GitHub//latex-2025//global//graphics/lo
gos/sf-best.png  used on input line 62.
(pdftex.def)             Requested size: 16.20306pt x 16.21828pt.
File: /Users/dantopa/GitHub//latex-2025//global//graphics/logos/hii-01.png Grap
hic file (type png)
<use /Users/dantopa/GitHub//latex-2025//global//graphics/logos/hii-01.png>
Package pdftex.def Info: /Users/dantopa/GitHub//latex-2025//global//graphics/lo
gos/hii-01.png  used on input line 62.
(pdftex.def)             Requested size: 13.59386pt x 14.22636pt.

Overfull \hbox (1.46664pt too wide) has occurred while \output is active
[][][] [][][] 
 []

[238

]
File: /Users/dantopa/GitHub//latex-2025//global//graphics/logos/afrl-logo.png G
raphic file (type png)
<use /Users/dantopa/GitHub//latex-2025//global//graphics/logos/afrl-logo.png>
Package pdftex.def Info: /Users/dantopa/GitHub//latex-2025//global//graphics/lo
gos/afrl-logo.png  used on input line 62.
(pdftex.def)             Requested size: 43.77304pt x 14.22636pt.
File: /Users/dantopa/GitHub//latex-2025//global//graphics/logos/af-01.png Graph
ic file (type png)
<use /Users/dantopa/GitHub//latex-2025//global//graphics/logos/af-01.png>
Package pdftex.def Info: /Users/dantopa/GitHub//latex-2025//global//graphics/lo
gos/af-01.png  used on input line 62.
(pdftex.def)             Requested size: 14.84773pt x 13.08846pt.
File: /Users/dantopa/GitHub//latex-2025//global//graphics/logos/sf-best.png Gra
phic file (type png)
<use /Users/dantopa/GitHub//latex-2025//global//graphics/logos/sf-best.png>
Package pdftex.def Info: /Users/dantopa/GitHub//latex-2025//global//graphics/lo
gos/sf-best.png  used on input line 62.
(pdftex.def)             Requested size: 16.20306pt x 16.21828pt.
File: /Users/dantopa/GitHub//latex-2025//global//graphics/logos/hii-01.png Grap
hic file (type png)
<use /Users/dantopa/GitHub//latex-2025//global//graphics/logos/hii-01.png>
Package pdftex.def Info: /Users/dantopa/GitHub//latex-2025//global//graphics/lo
gos/hii-01.png  used on input line 62.
(pdftex.def)             Requested size: 13.59386pt x 14.22636pt.

Overfull \hbox (1.46664pt too wide) has occurred while \output is active
[][][] [][][] 
 []

[239


]
File: /Users/dantopa/GitHub//latex-2025//global//graphics/logos/afrl-logo.png G
raphic file (type png)
<use /Users/dantopa/GitHub//latex-2025//global//graphics/logos/afrl-logo.png>
Package pdftex.def Info: /Users/dantopa/GitHub//latex-2025//global//graphics/lo
gos/afrl-logo.png  used on input line 81.
(pdftex.def)             Requested size: 43.77304pt x 14.22636pt.
File: /Users/dantopa/GitHub//latex-2025//global//graphics/logos/af-01.png Graph
ic file (type png)
<use /Users/dantopa/GitHub//latex-2025//global//graphics/logos/af-01.png>
Package pdftex.def Info: /Users/dantopa/GitHub//latex-2025//global//graphics/lo
gos/af-01.png  used on input line 81.
(pdftex.def)             Requested size: 14.84773pt x 13.08846pt.
File: /Users/dantopa/GitHub//latex-2025//global//graphics/logos/sf-best.png Gra
phic file (type png)
<use /Users/dantopa/GitHub//latex-2025//global//graphics/logos/sf-best.png>
Package pdftex.def Info: /Users/dantopa/GitHub//latex-2025//global//graphics/lo
gos/sf-best.png  used on input line 81.
(pdftex.def)             Requested size: 16.20306pt x 16.21828pt.
File: /Users/dantopa/GitHub//latex-2025//global//graphics/logos/hii-01.png Grap
hic file (type png)
<use /Users/dantopa/GitHub//latex-2025//global//graphics/logos/hii-01.png>
Package pdftex.def Info: /Users/dantopa/GitHub//latex-2025//global//graphics/lo
gos/hii-01.png  used on input line 81.
(pdftex.def)             Requested size: 13.59386pt x 14.22636pt.

Overfull \hbox (1.46664pt too wide) has occurred while \output is active
[][][] [][][] 
 []

[240

]
File: /Users/dantopa/GitHub//latex-2025//global//graphics/logos/afrl-logo.png G
raphic file (type png)
<use /Users/dantopa/GitHub//latex-2025//global//graphics/logos/afrl-logo.png>
Package pdftex.def Info: /Users/dantopa/GitHub//latex-2025//global//graphics/lo
gos/afrl-logo.png  used on input line 81.
(pdftex.def)             Requested size: 43.77304pt x 14.22636pt.
File: /Users/dantopa/GitHub//latex-2025//global//graphics/logos/af-01.png Graph
ic file (type png)
<use /Users/dantopa/GitHub//latex-2025//global//graphics/logos/af-01.png>
Package pdftex.def Info: /Users/dantopa/GitHub//latex-2025//global//graphics/lo
gos/af-01.png  used on input line 81.
(pdftex.def)             Requested size: 14.84773pt x 13.08846pt.
File: /Users/dantopa/GitHub//latex-2025//global//graphics/logos/sf-best.png Gra
phic file (type png)
<use /Users/dantopa/GitHub//latex-2025//global//graphics/logos/sf-best.png>
Package pdftex.def Info: /Users/dantopa/GitHub//latex-2025//global//graphics/lo
gos/sf-best.png  used on input line 81.
(pdftex.def)             Requested size: 16.20306pt x 16.21828pt.
File: /Users/dantopa/GitHub//latex-2025//global//graphics/logos/hii-01.png Grap
hic file (type png)
<use /Users/dantopa/GitHub//latex-2025//global//graphics/logos/hii-01.png>
Package pdftex.def Info: /Users/dantopa/GitHub//latex-2025//global//graphics/lo
gos/hii-01.png  used on input line 81.
(pdftex.def)             Requested size: 13.59386pt x 14.22636pt.

Overfull \hbox (1.46664pt too wide) has occurred while \output is active
[][][] [][][] 
 []

[241


]
File: /Users/dantopa/GitHub//latex-2025//global//graphics/logos/afrl-logo.png G
raphic file (type png)
<use /Users/dantopa/GitHub//latex-2025//global//graphics/logos/afrl-logo.png>
Package pdftex.def Info: /Users/dantopa/GitHub//latex-2025//global//graphics/lo
gos/afrl-logo.png  used on input line 89.
(pdftex.def)             Requested size: 43.77304pt x 14.22636pt.
File: /Users/dantopa/GitHub//latex-2025//global//graphics/logos/af-01.png Graph
ic file (type png)
<use /Users/dantopa/GitHub//latex-2025//global//graphics/logos/af-01.png>
Package pdftex.def Info: /Users/dantopa/GitHub//latex-2025//global//graphics/lo
gos/af-01.png  used on input line 89.
(pdftex.def)             Requested size: 14.84773pt x 13.08846pt.
File: /Users/dantopa/GitHub//latex-2025//global//graphics/logos/sf-best.png Gra
phic file (type png)
<use /Users/dantopa/GitHub//latex-2025//global//graphics/logos/sf-best.png>
Package pdftex.def Info: /Users/dantopa/GitHub//latex-2025//global//graphics/lo
gos/sf-best.png  used on input line 89.
(pdftex.def)             Requested size: 16.20306pt x 16.21828pt.
File: /Users/dantopa/GitHub//latex-2025//global//graphics/logos/hii-01.png Grap
hic file (type png)
<use /Users/dantopa/GitHub//latex-2025//global//graphics/logos/hii-01.png>
Package pdftex.def Info: /Users/dantopa/GitHub//latex-2025//global//graphics/lo
gos/hii-01.png  used on input line 89.
(pdftex.def)             Requested size: 13.59386pt x 14.22636pt.

Overfull \hbox (1.46664pt too wide) has occurred while \output is active
[][][] [][][] 
 []

[242

]
(/Users/dantopa/GitHub//latex-2025//pres/cwh-textbook//local//components//figur
es//fig-cwh-AB.tex
 !! CONTENT SETUP !! /Users/dantopa/GitHub//latex-2025//pres/cwh-textbook//loca
l//components//tables//"fig-cwh-AB.tex"
)
File: /Users/dantopa/GitHub//latex-2025//global//graphics/logos/afrl-logo.png G
raphic file (type png)
<use /Users/dantopa/GitHub//latex-2025//global//graphics/logos/afrl-logo.png>
Package pdftex.def Info: /Users/dantopa/GitHub//latex-2025//global//graphics/lo
gos/afrl-logo.png  used on input line 97.
(pdftex.def)             Requested size: 43.77304pt x 14.22636pt.
File: /Users/dantopa/GitHub//latex-2025//global//graphics/logos/af-01.png Graph
ic file (type png)
<use /Users/dantopa/GitHub//latex-2025//global//graphics/logos/af-01.png>
Package pdftex.def Info: /Users/dantopa/GitHub//latex-2025//global//graphics/lo
gos/af-01.png  used on input line 97.
(pdftex.def)             Requested size: 14.84773pt x 13.08846pt.
File: /Users/dantopa/GitHub//latex-2025//global//graphics/logos/sf-best.png Gra
phic file (type png)
<use /Users/dantopa/GitHub//latex-2025//global//graphics/logos/sf-best.png>
Package pdftex.def Info: /Users/dantopa/GitHub//latex-2025//global//graphics/lo
gos/sf-best.png  used on input line 97.
(pdftex.def)             Requested size: 16.20306pt x 16.21828pt.
File: /Users/dantopa/GitHub//latex-2025//global//graphics/logos/hii-01.png Grap
hic file (type png)
<use /Users/dantopa/GitHub//latex-2025//global//graphics/logos/hii-01.png>
Package pdftex.def Info: /Users/dantopa/GitHub//latex-2025//global//graphics/lo
gos/hii-01.png  used on input line 97.
(pdftex.def)             Requested size: 13.59386pt x 14.22636pt.

Overfull \hbox (1.46664pt too wide) has occurred while \output is active
[][][] [][][] 
 []

[243

]
(/Users/dantopa/GitHub//latex-2025//pres/cwh-textbook//local//components//figur
es//fig-cwh-BA.tex
 !! CONTENT SETUP !! /Users/dantopa/GitHub//latex-2025//pres/cwh-textbook//loca
l//components//tables//"fig-cwh-BA.tex"
)
File: /Users/dantopa/GitHub//latex-2025//global//graphics/logos/afrl-logo.png G
raphic file (type png)
<use /Users/dantopa/GitHub//latex-2025//global//graphics/logos/afrl-logo.png>
Package pdftex.def Info: /Users/dantopa/GitHub//latex-2025//global//graphics/lo
gos/afrl-logo.png  used on input line 103.
(pdftex.def)             Requested size: 43.77304pt x 14.22636pt.
File: /Users/dantopa/GitHub//latex-2025//global//graphics/logos/af-01.png Graph
ic file (type png)
<use /Users/dantopa/GitHub//latex-2025//global//graphics/logos/af-01.png>
Package pdftex.def Info: /Users/dantopa/GitHub//latex-2025//global//graphics/lo
gos/af-01.png  used on input line 103.
(pdftex.def)             Requested size: 14.84773pt x 13.08846pt.
File: /Users/dantopa/GitHub//latex-2025//global//graphics/logos/sf-best.png Gra
phic file (type png)
<use /Users/dantopa/GitHub//latex-2025//global//graphics/logos/sf-best.png>
Package pdftex.def Info: /Users/dantopa/GitHub//latex-2025//global//graphics/lo
gos/sf-best.png  used on input line 103.
(pdftex.def)             Requested size: 16.20306pt x 16.21828pt.
File: /Users/dantopa/GitHub//latex-2025//global//graphics/logos/hii-01.png Grap
hic file (type png)
<use /Users/dantopa/GitHub//latex-2025//global//graphics/logos/hii-01.png>
Package pdftex.def Info: /Users/dantopa/GitHub//latex-2025//global//graphics/lo
gos/hii-01.png  used on input line 103.
(pdftex.def)             Requested size: 13.59386pt x 14.22636pt.

Overfull \hbox (1.46664pt too wide) has occurred while \output is active
[][][] [][][] 
 []

[244

]
File: /Users/dantopa/GitHub//latex-2025//global//graphics/logos/afrl-logo.png G
raphic file (type png)
<use /Users/dantopa/GitHub//latex-2025//global//graphics/logos/afrl-logo.png>
Package pdftex.def Info: /Users/dantopa/GitHub//latex-2025//global//graphics/lo
gos/afrl-logo.png  used on input line 112.
(pdftex.def)             Requested size: 43.77304pt x 14.22636pt.
File: /Users/dantopa/GitHub//latex-2025//global//graphics/logos/af-01.png Graph
ic file (type png)
<use /Users/dantopa/GitHub//latex-2025//global//graphics/logos/af-01.png>
Package pdftex.def Info: /Users/dantopa/GitHub//latex-2025//global//graphics/lo
gos/af-01.png  used on input line 112.
(pdftex.def)             Requested size: 14.84773pt x 13.08846pt.
File: /Users/dantopa/GitHub//latex-2025//global//graphics/logos/sf-best.png Gra
phic file (type png)
<use /Users/dantopa/GitHub//latex-2025//global//graphics/logos/sf-best.png>
Package pdftex.def Info: /Users/dantopa/GitHub//latex-2025//global//graphics/lo
gos/sf-best.png  used on input line 112.
(pdftex.def)             Requested size: 16.20306pt x 16.21828pt.
File: /Users/dantopa/GitHub//latex-2025//global//graphics/logos/hii-01.png Grap
hic file (type png)
<use /Users/dantopa/GitHub//latex-2025//global//graphics/logos/hii-01.png>
Package pdftex.def Info: /Users/dantopa/GitHub//latex-2025//global//graphics/lo
gos/hii-01.png  used on input line 112.
(pdftex.def)             Requested size: 13.59386pt x 14.22636pt.

Overfull \hbox (1.46664pt too wide) has occurred while \output is active
[][][] [][][] 
 []

[245

])
(/Users/dantopa/GitHub//latex-2025//pres/cwh-textbook//sections/ssec-beyond.tex
 !! CONTENT SETUP !! /Users/dantopa/GitHub//latex-2025//pres/cwh-textbook//sect
ions/"ssec-beyond.tex"
File: /Users/dantopa/GitHub//latex-2025//global//graphics/logos/afrl-logo.png G
raphic file (type png)
<use /Users/dantopa/GitHub//latex-2025//global//graphics/logos/afrl-logo.png>
Package pdftex.def Info: /Users/dantopa/GitHub//latex-2025//global//graphics/lo
gos/afrl-logo.png  used on input line 13.
(pdftex.def)             Requested size: 43.77304pt x 14.22636pt.
File: /Users/dantopa/GitHub//latex-2025//global//graphics/logos/af-01.png Graph
ic file (type png)
<use /Users/dantopa/GitHub//latex-2025//global//graphics/logos/af-01.png>
Package pdftex.def Info: /Users/dantopa/GitHub//latex-2025//global//graphics/lo
gos/af-01.png  used on input line 13.
(pdftex.def)             Requested size: 14.84773pt x 13.08846pt.
File: /Users/dantopa/GitHub//latex-2025//global//graphics/logos/sf-best.png Gra
phic file (type png)
<use /Users/dantopa/GitHub//latex-2025//global//graphics/logos/sf-best.png>
Package pdftex.def Info: /Users/dantopa/GitHub//latex-2025//global//graphics/lo
gos/sf-best.png  used on input line 13.
(pdftex.def)             Requested size: 16.20306pt x 16.21828pt.
File: /Users/dantopa/GitHub//latex-2025//global//graphics/logos/hii-01.png Grap
hic file (type png)
<use /Users/dantopa/GitHub//latex-2025//global//graphics/logos/hii-01.png>
Package pdftex.def Info: /Users/dantopa/GitHub//latex-2025//global//graphics/lo
gos/hii-01.png  used on input line 13.
(pdftex.def)             Requested size: 13.59386pt x 14.22636pt.

Overfull \hbox (1.46664pt too wide) has occurred while \output is active
[][][] [][][] 
 []

[246

]
File: /Users/dantopa/GitHub//latex-2025//global//graphics/logos/afrl-logo.png G
raphic file (type png)
<use /Users/dantopa/GitHub//latex-2025//global//graphics/logos/afrl-logo.png>
Package pdftex.def Info: /Users/dantopa/GitHub//latex-2025//global//graphics/lo
gos/afrl-logo.png  used on input line 26.
(pdftex.def)             Requested size: 43.77304pt x 14.22636pt.
File: /Users/dantopa/GitHub//latex-2025//global//graphics/logos/af-01.png Graph
ic file (type png)
<use /Users/dantopa/GitHub//latex-2025//global//graphics/logos/af-01.png>
Package pdftex.def Info: /Users/dantopa/GitHub//latex-2025//global//graphics/lo
gos/af-01.png  used on input line 26.
(pdftex.def)             Requested size: 14.84773pt x 13.08846pt.
File: /Users/dantopa/GitHub//latex-2025//global//graphics/logos/sf-best.png Gra
phic file (type png)
<use /Users/dantopa/GitHub//latex-2025//global//graphics/logos/sf-best.png>
Package pdftex.def Info: /Users/dantopa/GitHub//latex-2025//global//graphics/lo
gos/sf-best.png  used on input line 26.
(pdftex.def)             Requested size: 16.20306pt x 16.21828pt.
File: /Users/dantopa/GitHub//latex-2025//global//graphics/logos/hii-01.png Grap
hic file (type png)
<use /Users/dantopa/GitHub//latex-2025//global//graphics/logos/hii-01.png>
Package pdftex.def Info: /Users/dantopa/GitHub//latex-2025//global//graphics/lo
gos/hii-01.png  used on input line 26.
(pdftex.def)             Requested size: 13.59386pt x 14.22636pt.

Overfull \hbox (1.46664pt too wide) has occurred while \output is active
[][][] [][][] 
 []

[247

]
Overfull \hbox (9.93991pt too wide) detected at line 37
[][][]
 []

File: /Users/dantopa/GitHub//latex-2025//global//graphics/logos/afrl-logo.png G
raphic file (type png)
<use /Users/dantopa/GitHub//latex-2025//global//graphics/logos/afrl-logo.png>
Package pdftex.def Info: /Users/dantopa/GitHub//latex-2025//global//graphics/lo
gos/afrl-logo.png  used on input line 37.
(pdftex.def)             Requested size: 43.77304pt x 14.22636pt.
File: /Users/dantopa/GitHub//latex-2025//global//graphics/logos/af-01.png Graph
ic file (type png)
<use /Users/dantopa/GitHub//latex-2025//global//graphics/logos/af-01.png>
Package pdftex.def Info: /Users/dantopa/GitHub//latex-2025//global//graphics/lo
gos/af-01.png  used on input line 37.
(pdftex.def)             Requested size: 14.84773pt x 13.08846pt.
File: /Users/dantopa/GitHub//latex-2025//global//graphics/logos/sf-best.png Gra
phic file (type png)
<use /Users/dantopa/GitHub//latex-2025//global//graphics/logos/sf-best.png>
Package pdftex.def Info: /Users/dantopa/GitHub//latex-2025//global//graphics/lo
gos/sf-best.png  used on input line 37.
(pdftex.def)             Requested size: 16.20306pt x 16.21828pt.
File: /Users/dantopa/GitHub//latex-2025//global//graphics/logos/hii-01.png Grap
hic file (type png)
<use /Users/dantopa/GitHub//latex-2025//global//graphics/logos/hii-01.png>
Package pdftex.def Info: /Users/dantopa/GitHub//latex-2025//global//graphics/lo
gos/hii-01.png  used on input line 37.
(pdftex.def)             Requested size: 13.59386pt x 14.22636pt.

Overfull \hbox (1.46664pt too wide) has occurred while \output is active
[][][] [][][] 
 []

[248

]

LaTeX Warning: Reference `eq:compare' on page 249 undefined on input line 47.

File: /Users/dantopa/GitHub//latex-2025//global//graphics/logos/afrl-logo.png G
raphic file (type png)
<use /Users/dantopa/GitHub//latex-2025//global//graphics/logos/afrl-logo.png>
Package pdftex.def Info: /Users/dantopa/GitHub//latex-2025//global//graphics/lo
gos/afrl-logo.png  used on input line 47.
(pdftex.def)             Requested size: 43.77304pt x 14.22636pt.
File: /Users/dantopa/GitHub//latex-2025//global//graphics/logos/af-01.png Graph
ic file (type png)
<use /Users/dantopa/GitHub//latex-2025//global//graphics/logos/af-01.png>
Package pdftex.def Info: /Users/dantopa/GitHub//latex-2025//global//graphics/lo
gos/af-01.png  used on input line 47.
(pdftex.def)             Requested size: 14.84773pt x 13.08846pt.
File: /Users/dantopa/GitHub//latex-2025//global//graphics/logos/sf-best.png Gra
phic file (type png)
<use /Users/dantopa/GitHub//latex-2025//global//graphics/logos/sf-best.png>
Package pdftex.def Info: /Users/dantopa/GitHub//latex-2025//global//graphics/lo
gos/sf-best.png  used on input line 47.
(pdftex.def)             Requested size: 16.20306pt x 16.21828pt.
File: /Users/dantopa/GitHub//latex-2025//global//graphics/logos/hii-01.png Grap
hic file (type png)
<use /Users/dantopa/GitHub//latex-2025//global//graphics/logos/hii-01.png>
Package pdftex.def Info: /Users/dantopa/GitHub//latex-2025//global//graphics/lo
gos/hii-01.png  used on input line 47.
(pdftex.def)             Requested size: 13.59386pt x 14.22636pt.

Overfull \hbox (1.46664pt too wide) has occurred while \output is active
[][][] [][][] 
 []

[249

]
File: /Users/dantopa/GitHub//latex-2025//global//graphics/logos/afrl-logo.png G
raphic file (type png)
<use /Users/dantopa/GitHub//latex-2025//global//graphics/logos/afrl-logo.png>
Package pdftex.def Info: /Users/dantopa/GitHub//latex-2025//global//graphics/lo
gos/afrl-logo.png  used on input line 57.
(pdftex.def)             Requested size: 43.77304pt x 14.22636pt.
File: /Users/dantopa/GitHub//latex-2025//global//graphics/logos/af-01.png Graph
ic file (type png)
<use /Users/dantopa/GitHub//latex-2025//global//graphics/logos/af-01.png>
Package pdftex.def Info: /Users/dantopa/GitHub//latex-2025//global//graphics/lo
gos/af-01.png  used on input line 57.
(pdftex.def)             Requested size: 14.84773pt x 13.08846pt.
File: /Users/dantopa/GitHub//latex-2025//global//graphics/logos/sf-best.png Gra
phic file (type png)
<use /Users/dantopa/GitHub//latex-2025//global//graphics/logos/sf-best.png>
Package pdftex.def Info: /Users/dantopa/GitHub//latex-2025//global//graphics/lo
gos/sf-best.png  used on input line 57.
(pdftex.def)             Requested size: 16.20306pt x 16.21828pt.
File: /Users/dantopa/GitHub//latex-2025//global//graphics/logos/hii-01.png Grap
hic file (type png)
<use /Users/dantopa/GitHub//latex-2025//global//graphics/logos/hii-01.png>
Package pdftex.def Info: /Users/dantopa/GitHub//latex-2025//global//graphics/lo
gos/hii-01.png  used on input line 57.
(pdftex.def)             Requested size: 13.59386pt x 14.22636pt.

Overfull \hbox (1.46664pt too wide) has occurred while \output is active
[][][] [][][] 
 []

[250

]
</Users/dantopa/GitHub//latex-2025//pres/cwh-textbook//local//graphics//histo-e
ccentricity.pdf, id=11380, 260.975pt x 159.59625pt>
File: /Users/dantopa/GitHub//latex-2025//pres/cwh-textbook//local//graphics//hi
sto-eccentricity.pdf Graphic file (type pdf)
<use /Users/dantopa/GitHub//latex-2025//pres/cwh-textbook//local//graphics//his
to-eccentricity.pdf>
Package pdftex.def Info: /Users/dantopa/GitHub//latex-2025//pres/cwh-textbook//
local//graphics//histo-eccentricity.pdf  used on input line 69.
(pdftex.def)             Requested size: 230.46739pt x 140.9419pt.
File: /Users/dantopa/GitHub//latex-2025//global//graphics/logos/afrl-logo.png G
raphic file (type png)
<use /Users/dantopa/GitHub//latex-2025//global//graphics/logos/afrl-logo.png>
Package pdftex.def Info: /Users/dantopa/GitHub//latex-2025//global//graphics/lo
gos/afrl-logo.png  used on input line 69.
(pdftex.def)             Requested size: 43.77304pt x 14.22636pt.
File: /Users/dantopa/GitHub//latex-2025//global//graphics/logos/af-01.png Graph
ic file (type png)
<use /Users/dantopa/GitHub//latex-2025//global//graphics/logos/af-01.png>
Package pdftex.def Info: /Users/dantopa/GitHub//latex-2025//global//graphics/lo
gos/af-01.png  used on input line 69.
(pdftex.def)             Requested size: 14.84773pt x 13.08846pt.
File: /Users/dantopa/GitHub//latex-2025//global//graphics/logos/sf-best.png Gra
phic file (type png)
<use /Users/dantopa/GitHub//latex-2025//global//graphics/logos/sf-best.png>
Package pdftex.def Info: /Users/dantopa/GitHub//latex-2025//global//graphics/lo
gos/sf-best.png  used on input line 69.
(pdftex.def)             Requested size: 16.20306pt x 16.21828pt.
File: /Users/dantopa/GitHub//latex-2025//global//graphics/logos/hii-01.png Grap
hic file (type png)
<use /Users/dantopa/GitHub//latex-2025//global//graphics/logos/hii-01.png>
Package pdftex.def Info: /Users/dantopa/GitHub//latex-2025//global//graphics/lo
gos/hii-01.png  used on input line 69.
(pdftex.def)             Requested size: 13.59386pt x 14.22636pt.

Overfull \hbox (1.46664pt too wide) has occurred while \output is active
[][][] [][][] 
 []

[251

 </Users/dantopa/GitHub//latex-2025//pres/cwh-textbook//local//graphics//histo-
eccentricity.pdf>]
File: /Users/dantopa/GitHub//latex-2025//global//graphics/logos/afrl-logo.png G
raphic file (type png)
<use /Users/dantopa/GitHub//latex-2025//global//graphics/logos/afrl-logo.png>
Package pdftex.def Info: /Users/dantopa/GitHub//latex-2025//global//graphics/lo
gos/afrl-logo.png  used on input line 76.
(pdftex.def)             Requested size: 43.77304pt x 14.22636pt.
File: /Users/dantopa/GitHub//latex-2025//global//graphics/logos/af-01.png Graph
ic file (type png)
<use /Users/dantopa/GitHub//latex-2025//global//graphics/logos/af-01.png>
Package pdftex.def Info: /Users/dantopa/GitHub//latex-2025//global//graphics/lo
gos/af-01.png  used on input line 76.
(pdftex.def)             Requested size: 14.84773pt x 13.08846pt.
File: /Users/dantopa/GitHub//latex-2025//global//graphics/logos/sf-best.png Gra
phic file (type png)
<use /Users/dantopa/GitHub//latex-2025//global//graphics/logos/sf-best.png>
Package pdftex.def Info: /Users/dantopa/GitHub//latex-2025//global//graphics/lo
gos/sf-best.png  used on input line 76.
(pdftex.def)             Requested size: 16.20306pt x 16.21828pt.
File: /Users/dantopa/GitHub//latex-2025//global//graphics/logos/hii-01.png Grap
hic file (type png)
<use /Users/dantopa/GitHub//latex-2025//global//graphics/logos/hii-01.png>
Package pdftex.def Info: /Users/dantopa/GitHub//latex-2025//global//graphics/lo
gos/hii-01.png  used on input line 76.
(pdftex.def)             Requested size: 13.59386pt x 14.22636pt.

Overfull \hbox (1.46664pt too wide) has occurred while \output is active
[][][] [][][] 
 []

[252

]
File: /Users/dantopa/GitHub//latex-2025//global//graphics/logos/afrl-logo.png G
raphic file (type png)
<use /Users/dantopa/GitHub//latex-2025//global//graphics/logos/afrl-logo.png>
Package pdftex.def Info: /Users/dantopa/GitHub//latex-2025//global//graphics/lo
gos/afrl-logo.png  used on input line 83.
(pdftex.def)             Requested size: 43.77304pt x 14.22636pt.
File: /Users/dantopa/GitHub//latex-2025//global//graphics/logos/af-01.png Graph
ic file (type png)
<use /Users/dantopa/GitHub//latex-2025//global//graphics/logos/af-01.png>
Package pdftex.def Info: /Users/dantopa/GitHub//latex-2025//global//graphics/lo
gos/af-01.png  used on input line 83.
(pdftex.def)             Requested size: 14.84773pt x 13.08846pt.
File: /Users/dantopa/GitHub//latex-2025//global//graphics/logos/sf-best.png Gra
phic file (type png)
<use /Users/dantopa/GitHub//latex-2025//global//graphics/logos/sf-best.png>
Package pdftex.def Info: /Users/dantopa/GitHub//latex-2025//global//graphics/lo
gos/sf-best.png  used on input line 83.
(pdftex.def)             Requested size: 16.20306pt x 16.21828pt.
File: /Users/dantopa/GitHub//latex-2025//global//graphics/logos/hii-01.png Grap
hic file (type png)
<use /Users/dantopa/GitHub//latex-2025//global//graphics/logos/hii-01.png>
Package pdftex.def Info: /Users/dantopa/GitHub//latex-2025//global//graphics/lo
gos/hii-01.png  used on input line 83.
(pdftex.def)             Requested size: 13.59386pt x 14.22636pt.

Overfull \hbox (1.46664pt too wide) has occurred while \output is active
[][][] [][][] 
 []

[253

]

LaTeX Warning: Citation 'xu2016relativisticdynamicsrelativemotions' on page 254
 undefined on input line 89.

File: /Users/dantopa/GitHub//latex-2025//global//graphics/logos/afrl-logo.png G
raphic file (type png)
<use /Users/dantopa/GitHub//latex-2025//global//graphics/logos/afrl-logo.png>
Package pdftex.def Info: /Users/dantopa/GitHub//latex-2025//global//graphics/lo
gos/afrl-logo.png  used on input line 89.
(pdftex.def)             Requested size: 43.77304pt x 14.22636pt.
File: /Users/dantopa/GitHub//latex-2025//global//graphics/logos/af-01.png Graph
ic file (type png)
<use /Users/dantopa/GitHub//latex-2025//global//graphics/logos/af-01.png>
Package pdftex.def Info: /Users/dantopa/GitHub//latex-2025//global//graphics/lo
gos/af-01.png  used on input line 89.
(pdftex.def)             Requested size: 14.84773pt x 13.08846pt.
File: /Users/dantopa/GitHub//latex-2025//global//graphics/logos/sf-best.png Gra
phic file (type png)
<use /Users/dantopa/GitHub//latex-2025//global//graphics/logos/sf-best.png>
Package pdftex.def Info: /Users/dantopa/GitHub//latex-2025//global//graphics/lo
gos/sf-best.png  used on input line 89.
(pdftex.def)             Requested size: 16.20306pt x 16.21828pt.
File: /Users/dantopa/GitHub//latex-2025//global//graphics/logos/hii-01.png Grap
hic file (type png)
<use /Users/dantopa/GitHub//latex-2025//global//graphics/logos/hii-01.png>
Package pdftex.def Info: /Users/dantopa/GitHub//latex-2025//global//graphics/lo
gos/hii-01.png  used on input line 89.
(pdftex.def)             Requested size: 13.59386pt x 14.22636pt.

Overfull \hbox (1.46664pt too wide) has occurred while \output is active
[][][] [][][] 
 []

[254

]
(/Users/dantopa/GitHub//latex-2025//pres/cwh-textbook//sections/sssec-pert-tsch
auner-hemple.tex
 !! CONTENT SETUP !! /Users/dantopa/GitHub//latex-2025//pres/cwh-textbook//sect
ions/"sssec-pert-tschauner-hemple.tex"
</Users/dantopa/GitHub//latex-2025//pres/cwh-textbook//local//graphics//phase/p
ert-th-xxdot.pdf, id=11554, 260.975pt x 225.84375pt>
File: /Users/dantopa/GitHub//latex-2025//pres/cwh-textbook//local//graphics//ph
ase/pert-th-xxdot.pdf Graphic file (type pdf)
<use /Users/dantopa/GitHub//latex-2025//pres/cwh-textbook//local//graphics//pha
se/pert-th-xxdot.pdf>
Package pdftex.def Info: /Users/dantopa/GitHub//latex-2025//pres/cwh-textbook//
local//graphics//phase/pert-th-xxdot.pdf  used on input line 23.
(pdftex.def)             Requested size: 199.73653pt x 172.8526pt.
File: /Users/dantopa/GitHub//latex-2025//global//graphics/logos/afrl-logo.png G
raphic file (type png)
<use /Users/dantopa/GitHub//latex-2025//global//graphics/logos/afrl-logo.png>
Package pdftex.def Info: /Users/dantopa/GitHub//latex-2025//global//graphics/lo
gos/afrl-logo.png  used on input line 23.
(pdftex.def)             Requested size: 43.77304pt x 14.22636pt.
File: /Users/dantopa/GitHub//latex-2025//global//graphics/logos/af-01.png Graph
ic file (type png)
<use /Users/dantopa/GitHub//latex-2025//global//graphics/logos/af-01.png>
Package pdftex.def Info: /Users/dantopa/GitHub//latex-2025//global//graphics/lo
gos/af-01.png  used on input line 23.
(pdftex.def)             Requested size: 14.84773pt x 13.08846pt.
File: /Users/dantopa/GitHub//latex-2025//global//graphics/logos/sf-best.png Gra
phic file (type png)
<use /Users/dantopa/GitHub//latex-2025//global//graphics/logos/sf-best.png>
Package pdftex.def Info: /Users/dantopa/GitHub//latex-2025//global//graphics/lo
gos/sf-best.png  used on input line 23.
(pdftex.def)             Requested size: 16.20306pt x 16.21828pt.
File: /Users/dantopa/GitHub//latex-2025//global//graphics/logos/hii-01.png Grap
hic file (type png)
<use /Users/dantopa/GitHub//latex-2025//global//graphics/logos/hii-01.png>
Package pdftex.def Info: /Users/dantopa/GitHub//latex-2025//global//graphics/lo
gos/hii-01.png  used on input line 23.
(pdftex.def)             Requested size: 13.59386pt x 14.22636pt.

Overfull \hbox (1.46664pt too wide) has occurred while \output is active
[][][] [][][] 
 []

[255

 </Users/dantopa/GitHub//latex-2025//pres/cwh-textbook//local//graphics//phase/
pert-th-xxdot.pdf>]
File: /Users/dantopa/GitHub//latex-2025//global//graphics/logos/afrl-logo.png G
raphic file (type png)
<use /Users/dantopa/GitHub//latex-2025//global//graphics/logos/afrl-logo.png>
Package pdftex.def Info: /Users/dantopa/GitHub//latex-2025//global//graphics/lo
gos/afrl-logo.png  used on input line 28.
(pdftex.def)             Requested size: 43.77304pt x 14.22636pt.
File: /Users/dantopa/GitHub//latex-2025//global//graphics/logos/af-01.png Graph
ic file (type png)
<use /Users/dantopa/GitHub//latex-2025//global//graphics/logos/af-01.png>
Package pdftex.def Info: /Users/dantopa/GitHub//latex-2025//global//graphics/lo
gos/af-01.png  used on input line 28.
(pdftex.def)             Requested size: 14.84773pt x 13.08846pt.
File: /Users/dantopa/GitHub//latex-2025//global//graphics/logos/sf-best.png Gra
phic file (type png)
<use /Users/dantopa/GitHub//latex-2025//global//graphics/logos/sf-best.png>
Package pdftex.def Info: /Users/dantopa/GitHub//latex-2025//global//graphics/lo
gos/sf-best.png  used on input line 28.
(pdftex.def)             Requested size: 16.20306pt x 16.21828pt.
File: /Users/dantopa/GitHub//latex-2025//global//graphics/logos/hii-01.png Grap
hic file (type png)
<use /Users/dantopa/GitHub//latex-2025//global//graphics/logos/hii-01.png>
Package pdftex.def Info: /Users/dantopa/GitHub//latex-2025//global//graphics/lo
gos/hii-01.png  used on input line 28.
(pdftex.def)             Requested size: 13.59386pt x 14.22636pt.

Overfull \hbox (1.46664pt too wide) has occurred while \output is active
[][][] [][][] 
 []

[256

]
</Users/dantopa/GitHub//latex-2025//pres/cwh-textbook//local//graphics//phase/p
ert-th-yydot.pdf, id=11650, 260.975pt x 92.345pt>
File: /Users/dantopa/GitHub//latex-2025//pres/cwh-textbook//local//graphics//ph
ase/pert-th-yydot.pdf Graphic file (type pdf)
<use /Users/dantopa/GitHub//latex-2025//pres/cwh-textbook//local//graphics//pha
se/pert-th-yydot.pdf>
Package pdftex.def Info: /Users/dantopa/GitHub//latex-2025//pres/cwh-textbook//
local//graphics//phase/pert-th-yydot.pdf  used on input line 45.
(pdftex.def)             Requested size: 199.73653pt x 70.67749pt.
File: /Users/dantopa/GitHub//latex-2025//global//graphics/logos/afrl-logo.png G
raphic file (type png)
<use /Users/dantopa/GitHub//latex-2025//global//graphics/logos/afrl-logo.png>
Package pdftex.def Info: /Users/dantopa/GitHub//latex-2025//global//graphics/lo
gos/afrl-logo.png  used on input line 45.
(pdftex.def)             Requested size: 43.77304pt x 14.22636pt.
File: /Users/dantopa/GitHub//latex-2025//global//graphics/logos/af-01.png Graph
ic file (type png)
<use /Users/dantopa/GitHub//latex-2025//global//graphics/logos/af-01.png>
Package pdftex.def Info: /Users/dantopa/GitHub//latex-2025//global//graphics/lo
gos/af-01.png  used on input line 45.
(pdftex.def)             Requested size: 14.84773pt x 13.08846pt.
File: /Users/dantopa/GitHub//latex-2025//global//graphics/logos/sf-best.png Gra
phic file (type png)
<use /Users/dantopa/GitHub//latex-2025//global//graphics/logos/sf-best.png>
Package pdftex.def Info: /Users/dantopa/GitHub//latex-2025//global//graphics/lo
gos/sf-best.png  used on input line 45.
(pdftex.def)             Requested size: 16.20306pt x 16.21828pt.
File: /Users/dantopa/GitHub//latex-2025//global//graphics/logos/hii-01.png Grap
hic file (type png)
<use /Users/dantopa/GitHub//latex-2025//global//graphics/logos/hii-01.png>
Package pdftex.def Info: /Users/dantopa/GitHub//latex-2025//global//graphics/lo
gos/hii-01.png  used on input line 45.
(pdftex.def)             Requested size: 13.59386pt x 14.22636pt.

Overfull \hbox (1.46664pt too wide) has occurred while \output is active
[][][] [][][] 
 []

[257

 </Users/dantopa/GitHub//latex-2025//pres/cwh-textbook//local//graphics//phase/
pert-th-yydot.pdf>]
</Users/dantopa/GitHub//latex-2025//pres/cwh-textbook//local//graphics//phase/p
ert-th-xy.pdf, id=11704, 73.27374pt x 313.17pt>
File: /Users/dantopa/GitHub//latex-2025//pres/cwh-textbook//local//graphics//ph
ase/pert-th-xy.pdf Graphic file (type pdf)
<use /Users/dantopa/GitHub//latex-2025//pres/cwh-textbook//local//graphics//pha
se/pert-th-xy.pdf>
Package pdftex.def Info: /Users/dantopa/GitHub//latex-2025//pres/cwh-textbook//
local//graphics//phase/pert-th-xy.pdf  used on input line 69.
(pdftex.def)             Requested size: 38.71973pt x 165.48288pt.
File: /Users/dantopa/GitHub//latex-2025//global//graphics/logos/afrl-logo.png G
raphic file (type png)
<use /Users/dantopa/GitHub//latex-2025//global//graphics/logos/afrl-logo.png>
Package pdftex.def Info: /Users/dantopa/GitHub//latex-2025//global//graphics/lo
gos/afrl-logo.png  used on input line 69.
(pdftex.def)             Requested size: 43.77304pt x 14.22636pt.
File: /Users/dantopa/GitHub//latex-2025//global//graphics/logos/af-01.png Graph
ic file (type png)
<use /Users/dantopa/GitHub//latex-2025//global//graphics/logos/af-01.png>
Package pdftex.def Info: /Users/dantopa/GitHub//latex-2025//global//graphics/lo
gos/af-01.png  used on input line 69.
(pdftex.def)             Requested size: 14.84773pt x 13.08846pt.
File: /Users/dantopa/GitHub//latex-2025//global//graphics/logos/sf-best.png Gra
phic file (type png)
<use /Users/dantopa/GitHub//latex-2025//global//graphics/logos/sf-best.png>
Package pdftex.def Info: /Users/dantopa/GitHub//latex-2025//global//graphics/lo
gos/sf-best.png  used on input line 69.
(pdftex.def)             Requested size: 16.20306pt x 16.21828pt.
File: /Users/dantopa/GitHub//latex-2025//global//graphics/logos/hii-01.png Grap
hic file (type png)
<use /Users/dantopa/GitHub//latex-2025//global//graphics/logos/hii-01.png>
Package pdftex.def Info: /Users/dantopa/GitHub//latex-2025//global//graphics/lo
gos/hii-01.png  used on input line 69.
(pdftex.def)             Requested size: 13.59386pt x 14.22636pt.

Overfull \hbox (1.46664pt too wide) has occurred while \output is active
[][][] [][][] 
 []

[258

 </Users/dantopa/GitHub//latex-2025//pres/cwh-textbook//local//graphics//phase/
pert-th-xy.pdf>])
LaTeX Font Info:    Font shape `T1/lmss/b/n' in size <10> not available
(Font)              Font shape `T1/lmss/bx/n' tried instead on input line 123.

Overfull \hbox (20.31366pt too wide) in paragraph at lines 123--123
 [] 
 []

File: /Users/dantopa/GitHub//latex-2025//global//graphics/logos/afrl-logo.png G
raphic file (type png)
<use /Users/dantopa/GitHub//latex-2025//global//graphics/logos/afrl-logo.png>
Package pdftex.def Info: /Users/dantopa/GitHub//latex-2025//global//graphics/lo
gos/afrl-logo.png  used on input line 123.
(pdftex.def)             Requested size: 43.77304pt x 14.22636pt.
File: /Users/dantopa/GitHub//latex-2025//global//graphics/logos/af-01.png Graph
ic file (type png)
<use /Users/dantopa/GitHub//latex-2025//global//graphics/logos/af-01.png>
Package pdftex.def Info: /Users/dantopa/GitHub//latex-2025//global//graphics/lo
gos/af-01.png  used on input line 123.
(pdftex.def)             Requested size: 14.84773pt x 13.08846pt.
File: /Users/dantopa/GitHub//latex-2025//global//graphics/logos/sf-best.png Gra
phic file (type png)
<use /Users/dantopa/GitHub//latex-2025//global//graphics/logos/sf-best.png>
Package pdftex.def Info: /Users/dantopa/GitHub//latex-2025//global//graphics/lo
gos/sf-best.png  used on input line 123.
(pdftex.def)             Requested size: 16.20306pt x 16.21828pt.
File: /Users/dantopa/GitHub//latex-2025//global//graphics/logos/hii-01.png Grap
hic file (type png)
<use /Users/dantopa/GitHub//latex-2025//global//graphics/logos/hii-01.png>
Package pdftex.def Info: /Users/dantopa/GitHub//latex-2025//global//graphics/lo
gos/hii-01.png  used on input line 123.
(pdftex.def)             Requested size: 13.59386pt x 14.22636pt.

Overfull \hbox (1.46664pt too wide) has occurred while \output is active
[][][] [][][] 
 []

[259

]
File: /Users/dantopa/GitHub//latex-2025//global//graphics/logos/afrl-logo.png G
raphic file (type png)
<use /Users/dantopa/GitHub//latex-2025//global//graphics/logos/afrl-logo.png>
Package pdftex.def Info: /Users/dantopa/GitHub//latex-2025//global//graphics/lo
gos/afrl-logo.png  used on input line 148.
(pdftex.def)             Requested size: 43.77304pt x 14.22636pt.
File: /Users/dantopa/GitHub//latex-2025//global//graphics/logos/af-01.png Graph
ic file (type png)
<use /Users/dantopa/GitHub//latex-2025//global//graphics/logos/af-01.png>
Package pdftex.def Info: /Users/dantopa/GitHub//latex-2025//global//graphics/lo
gos/af-01.png  used on input line 148.
(pdftex.def)             Requested size: 14.84773pt x 13.08846pt.
File: /Users/dantopa/GitHub//latex-2025//global//graphics/logos/sf-best.png Gra
phic file (type png)
<use /Users/dantopa/GitHub//latex-2025//global//graphics/logos/sf-best.png>
Package pdftex.def Info: /Users/dantopa/GitHub//latex-2025//global//graphics/lo
gos/sf-best.png  used on input line 148.
(pdftex.def)             Requested size: 16.20306pt x 16.21828pt.
File: /Users/dantopa/GitHub//latex-2025//global//graphics/logos/hii-01.png Grap
hic file (type png)
<use /Users/dantopa/GitHub//latex-2025//global//graphics/logos/hii-01.png>
Package pdftex.def Info: /Users/dantopa/GitHub//latex-2025//global//graphics/lo
gos/hii-01.png  used on input line 148.
(pdftex.def)             Requested size: 13.59386pt x 14.22636pt.

Overfull \hbox (1.46664pt too wide) has occurred while \output is active
[][][] [][][] 
 []

[260

]

LaTeX Warning: Reference `eq:perturbed-angle' on page 261 undefined on input li
ne 176.

File: /Users/dantopa/GitHub//latex-2025//global//graphics/logos/afrl-logo.png G
raphic file (type png)
<use /Users/dantopa/GitHub//latex-2025//global//graphics/logos/afrl-logo.png>
Package pdftex.def Info: /Users/dantopa/GitHub//latex-2025//global//graphics/lo
gos/afrl-logo.png  used on input line 176.
(pdftex.def)             Requested size: 43.77304pt x 14.22636pt.
File: /Users/dantopa/GitHub//latex-2025//global//graphics/logos/af-01.png Graph
ic file (type png)
<use /Users/dantopa/GitHub//latex-2025//global//graphics/logos/af-01.png>
Package pdftex.def Info: /Users/dantopa/GitHub//latex-2025//global//graphics/lo
gos/af-01.png  used on input line 176.
(pdftex.def)             Requested size: 14.84773pt x 13.08846pt.
File: /Users/dantopa/GitHub//latex-2025//global//graphics/logos/sf-best.png Gra
phic file (type png)
<use /Users/dantopa/GitHub//latex-2025//global//graphics/logos/sf-best.png>
Package pdftex.def Info: /Users/dantopa/GitHub//latex-2025//global//graphics/lo
gos/sf-best.png  used on input line 176.
(pdftex.def)             Requested size: 16.20306pt x 16.21828pt.
File: /Users/dantopa/GitHub//latex-2025//global//graphics/logos/hii-01.png Grap
hic file (type png)
<use /Users/dantopa/GitHub//latex-2025//global//graphics/logos/hii-01.png>
Package pdftex.def Info: /Users/dantopa/GitHub//latex-2025//global//graphics/lo
gos/hii-01.png  used on input line 176.
(pdftex.def)             Requested size: 13.59386pt x 14.22636pt.

Overfull \hbox (1.46664pt too wide) has occurred while \output is active
[][][] [][][] 
 []

[261

]

LaTeX Warning: Reference `eq:perturbed-angle' on page 262 undefined on input li
ne 204.


Overfull \hbox (19.14737pt too wide) in paragraph at lines 204--204
 [] 
 []

pdfTeX warning (ext4): destination with the same identifier (name{tab:t-perturb
ations-02}) has been already used, duplicate ignored
<to be read again> 
                   \relax 
l.204 \end{frame}
                 
File: /Users/dantopa/GitHub//latex-2025//global//graphics/logos/afrl-logo.png G
raphic file (type png)
<use /Users/dantopa/GitHub//latex-2025//global//graphics/logos/afrl-logo.png>
Package pdftex.def Info: /Users/dantopa/GitHub//latex-2025//global//graphics/lo
gos/afrl-logo.png  used on input line 204.
(pdftex.def)             Requested size: 43.77304pt x 14.22636pt.
File: /Users/dantopa/GitHub//latex-2025//global//graphics/logos/af-01.png Graph
ic file (type png)
<use /Users/dantopa/GitHub//latex-2025//global//graphics/logos/af-01.png>
Package pdftex.def Info: /Users/dantopa/GitHub//latex-2025//global//graphics/lo
gos/af-01.png  used on input line 204.
(pdftex.def)             Requested size: 14.84773pt x 13.08846pt.
File: /Users/dantopa/GitHub//latex-2025//global//graphics/logos/sf-best.png Gra
phic file (type png)
<use /Users/dantopa/GitHub//latex-2025//global//graphics/logos/sf-best.png>
Package pdftex.def Info: /Users/dantopa/GitHub//latex-2025//global//graphics/lo
gos/sf-best.png  used on input line 204.
(pdftex.def)             Requested size: 16.20306pt x 16.21828pt.
File: /Users/dantopa/GitHub//latex-2025//global//graphics/logos/hii-01.png Grap
hic file (type png)
<use /Users/dantopa/GitHub//latex-2025//global//graphics/logos/hii-01.png>
Package pdftex.def Info: /Users/dantopa/GitHub//latex-2025//global//graphics/lo
gos/hii-01.png  used on input line 204.
(pdftex.def)             Requested size: 13.59386pt x 14.22636pt.

Overfull \hbox (1.46664pt too wide) has occurred while \output is active
[][][] [][][] 
 []

[262

]

LaTeX Warning: Citation 'tschauner1965rendezvous' on page 263 undefined on inpu
t line 218.


LaTeX Warning: Citation 'lancaster1970relative' on page 263 undefined on input 
line 218.


LaTeX Warning: Citation 'carter1990optimal' on page 263 undefined on input line
 218.


LaTeX Warning: Citation 'Sherrill2013' on page 263 undefined on input line 218.



LaTeX Warning: Citation 'butcher2018nonlinear' on page 263 undefined on input l
ine 218.


LaTeX Warning: Citation 'altalhi2019analytical' on page 263 undefined on input 
line 218.


LaTeX Warning: Citation 'Grossi2021' on page 263 undefined on input line 218.

File: /Users/dantopa/GitHub//latex-2025//global//graphics/logos/afrl-logo.png G
raphic file (type png)
<use /Users/dantopa/GitHub//latex-2025//global//graphics/logos/afrl-logo.png>
Package pdftex.def Info: /Users/dantopa/GitHub//latex-2025//global//graphics/lo
gos/afrl-logo.png  used on input line 218.
(pdftex.def)             Requested size: 43.77304pt x 14.22636pt.
File: /Users/dantopa/GitHub//latex-2025//global//graphics/logos/af-01.png Graph
ic file (type png)
<use /Users/dantopa/GitHub//latex-2025//global//graphics/logos/af-01.png>
Package pdftex.def Info: /Users/dantopa/GitHub//latex-2025//global//graphics/lo
gos/af-01.png  used on input line 218.
(pdftex.def)             Requested size: 14.84773pt x 13.08846pt.
File: /Users/dantopa/GitHub//latex-2025//global//graphics/logos/sf-best.png Gra
phic file (type png)
<use /Users/dantopa/GitHub//latex-2025//global//graphics/logos/sf-best.png>
Package pdftex.def Info: /Users/dantopa/GitHub//latex-2025//global//graphics/lo
gos/sf-best.png  used on input line 218.
(pdftex.def)             Requested size: 16.20306pt x 16.21828pt.
File: /Users/dantopa/GitHub//latex-2025//global//graphics/logos/hii-01.png Grap
hic file (type png)
<use /Users/dantopa/GitHub//latex-2025//global//graphics/logos/hii-01.png>
Package pdftex.def Info: /Users/dantopa/GitHub//latex-2025//global//graphics/lo
gos/hii-01.png  used on input line 218.
(pdftex.def)             Requested size: 13.59386pt x 14.22636pt.

Overfull \hbox (1.46664pt too wide) has occurred while \output is active
[][][] [][][] 
 []

[263

]
File: /Users/dantopa/GitHub//latex-2025//global//graphics/logos/afrl-logo.png G
raphic file (type png)
<use /Users/dantopa/GitHub//latex-2025//global//graphics/logos/afrl-logo.png>
Package pdftex.def Info: /Users/dantopa/GitHub//latex-2025//global//graphics/lo
gos/afrl-logo.png  used on input line 230.
(pdftex.def)             Requested size: 43.77304pt x 14.22636pt.
File: /Users/dantopa/GitHub//latex-2025//global//graphics/logos/af-01.png Graph
ic file (type png)
<use /Users/dantopa/GitHub//latex-2025//global//graphics/logos/af-01.png>
Package pdftex.def Info: /Users/dantopa/GitHub//latex-2025//global//graphics/lo
gos/af-01.png  used on input line 230.
(pdftex.def)             Requested size: 14.84773pt x 13.08846pt.
File: /Users/dantopa/GitHub//latex-2025//global//graphics/logos/sf-best.png Gra
phic file (type png)
<use /Users/dantopa/GitHub//latex-2025//global//graphics/logos/sf-best.png>
Package pdftex.def Info: /Users/dantopa/GitHub//latex-2025//global//graphics/lo
gos/sf-best.png  used on input line 230.
(pdftex.def)             Requested size: 16.20306pt x 16.21828pt.
File: /Users/dantopa/GitHub//latex-2025//global//graphics/logos/hii-01.png Grap
hic file (type png)
<use /Users/dantopa/GitHub//latex-2025//global//graphics/logos/hii-01.png>
Package pdftex.def Info: /Users/dantopa/GitHub//latex-2025//global//graphics/lo
gos/hii-01.png  used on input line 230.
(pdftex.def)             Requested size: 13.59386pt x 14.22636pt.

Overfull \hbox (1.46664pt too wide) has occurred while \output is active
[][][] [][][] 
 []

[264

]
Overfull \hbox (9.24687pt too wide) in paragraph at lines 250--250
 [] 
 []

pdfTeX warning (ext4): destination with the same identifier (name{eq:}) has bee
n already used, duplicate ignored
<to be read again> 
                   \relax 
l.250 \end{frame}
                 
File: /Users/dantopa/GitHub//latex-2025//global//graphics/logos/afrl-logo.png G
raphic file (type png)
<use /Users/dantopa/GitHub//latex-2025//global//graphics/logos/afrl-logo.png>
Package pdftex.def Info: /Users/dantopa/GitHub//latex-2025//global//graphics/lo
gos/afrl-logo.png  used on input line 250.
(pdftex.def)             Requested size: 43.77304pt x 14.22636pt.
File: /Users/dantopa/GitHub//latex-2025//global//graphics/logos/af-01.png Graph
ic file (type png)
<use /Users/dantopa/GitHub//latex-2025//global//graphics/logos/af-01.png>
Package pdftex.def Info: /Users/dantopa/GitHub//latex-2025//global//graphics/lo
gos/af-01.png  used on input line 250.
(pdftex.def)             Requested size: 14.84773pt x 13.08846pt.
File: /Users/dantopa/GitHub//latex-2025//global//graphics/logos/sf-best.png Gra
phic file (type png)
<use /Users/dantopa/GitHub//latex-2025//global//graphics/logos/sf-best.png>
Package pdftex.def Info: /Users/dantopa/GitHub//latex-2025//global//graphics/lo
gos/sf-best.png  used on input line 250.
(pdftex.def)             Requested size: 16.20306pt x 16.21828pt.
File: /Users/dantopa/GitHub//latex-2025//global//graphics/logos/hii-01.png Grap
hic file (type png)
<use /Users/dantopa/GitHub//latex-2025//global//graphics/logos/hii-01.png>
Package pdftex.def Info: /Users/dantopa/GitHub//latex-2025//global//graphics/lo
gos/hii-01.png  used on input line 250.
(pdftex.def)             Requested size: 13.59386pt x 14.22636pt.

Overfull \hbox (1.46664pt too wide) has occurred while \output is active
[][][] [][][] 
 []

[265

]
Overfull \hbox (7.54408pt too wide) in paragraph at lines 289--289
 [] 
 []

File: /Users/dantopa/GitHub//latex-2025//global//graphics/logos/afrl-logo.png G
raphic file (type png)
<use /Users/dantopa/GitHub//latex-2025//global//graphics/logos/afrl-logo.png>
Package pdftex.def Info: /Users/dantopa/GitHub//latex-2025//global//graphics/lo
gos/afrl-logo.png  used on input line 289.
(pdftex.def)             Requested size: 43.77304pt x 14.22636pt.
File: /Users/dantopa/GitHub//latex-2025//global//graphics/logos/af-01.png Graph
ic file (type png)
<use /Users/dantopa/GitHub//latex-2025//global//graphics/logos/af-01.png>
Package pdftex.def Info: /Users/dantopa/GitHub//latex-2025//global//graphics/lo
gos/af-01.png  used on input line 289.
(pdftex.def)             Requested size: 14.84773pt x 13.08846pt.
File: /Users/dantopa/GitHub//latex-2025//global//graphics/logos/sf-best.png Gra
phic file (type png)
<use /Users/dantopa/GitHub//latex-2025//global//graphics/logos/sf-best.png>
Package pdftex.def Info: /Users/dantopa/GitHub//latex-2025//global//graphics/lo
gos/sf-best.png  used on input line 289.
(pdftex.def)             Requested size: 16.20306pt x 16.21828pt.
File: /Users/dantopa/GitHub//latex-2025//global//graphics/logos/hii-01.png Grap
hic file (type png)
<use /Users/dantopa/GitHub//latex-2025//global//graphics/logos/hii-01.png>
Package pdftex.def Info: /Users/dantopa/GitHub//latex-2025//global//graphics/lo
gos/hii-01.png  used on input line 289.
(pdftex.def)             Requested size: 13.59386pt x 14.22636pt.

Overfull \hbox (1.46664pt too wide) has occurred while \output is active
[][][] [][][] 
 []

[266

]
File: /Users/dantopa/GitHub//latex-2025//global//graphics/logos/afrl-logo.png G
raphic file (type png)
<use /Users/dantopa/GitHub//latex-2025//global//graphics/logos/afrl-logo.png>
Package pdftex.def Info: /Users/dantopa/GitHub//latex-2025//global//graphics/lo
gos/afrl-logo.png  used on input line 301.
(pdftex.def)             Requested size: 43.77304pt x 14.22636pt.
File: /Users/dantopa/GitHub//latex-2025//global//graphics/logos/af-01.png Graph
ic file (type png)
<use /Users/dantopa/GitHub//latex-2025//global//graphics/logos/af-01.png>
Package pdftex.def Info: /Users/dantopa/GitHub//latex-2025//global//graphics/lo
gos/af-01.png  used on input line 301.
(pdftex.def)             Requested size: 14.84773pt x 13.08846pt.
File: /Users/dantopa/GitHub//latex-2025//global//graphics/logos/sf-best.png Gra
phic file (type png)
<use /Users/dantopa/GitHub//latex-2025//global//graphics/logos/sf-best.png>
Package pdftex.def Info: /Users/dantopa/GitHub//latex-2025//global//graphics/lo
gos/sf-best.png  used on input line 301.
(pdftex.def)             Requested size: 16.20306pt x 16.21828pt.
File: /Users/dantopa/GitHub//latex-2025//global//graphics/logos/hii-01.png Grap
hic file (type png)
<use /Users/dantopa/GitHub//latex-2025//global//graphics/logos/hii-01.png>
Package pdftex.def Info: /Users/dantopa/GitHub//latex-2025//global//graphics/lo
gos/hii-01.png  used on input line 301.
(pdftex.def)             Requested size: 13.59386pt x 14.22636pt.

Overfull \hbox (1.46664pt too wide) has occurred while \output is active
[][][] [][][] 
 []

[267

]
File: /Users/dantopa/GitHub//latex-2025//global//graphics/logos/afrl-logo.png G
raphic file (type png)
<use /Users/dantopa/GitHub//latex-2025//global//graphics/logos/afrl-logo.png>
Package pdftex.def Info: /Users/dantopa/GitHub//latex-2025//global//graphics/lo
gos/afrl-logo.png  used on input line 310.
(pdftex.def)             Requested size: 43.77304pt x 14.22636pt.
File: /Users/dantopa/GitHub//latex-2025//global//graphics/logos/af-01.png Graph
ic file (type png)
<use /Users/dantopa/GitHub//latex-2025//global//graphics/logos/af-01.png>
Package pdftex.def Info: /Users/dantopa/GitHub//latex-2025//global//graphics/lo
gos/af-01.png  used on input line 310.
(pdftex.def)             Requested size: 14.84773pt x 13.08846pt.
File: /Users/dantopa/GitHub//latex-2025//global//graphics/logos/sf-best.png Gra
phic file (type png)
<use /Users/dantopa/GitHub//latex-2025//global//graphics/logos/sf-best.png>
Package pdftex.def Info: /Users/dantopa/GitHub//latex-2025//global//graphics/lo
gos/sf-best.png  used on input line 310.
(pdftex.def)             Requested size: 16.20306pt x 16.21828pt.
File: /Users/dantopa/GitHub//latex-2025//global//graphics/logos/hii-01.png Grap
hic file (type png)
<use /Users/dantopa/GitHub//latex-2025//global//graphics/logos/hii-01.png>
Package pdftex.def Info: /Users/dantopa/GitHub//latex-2025//global//graphics/lo
gos/hii-01.png  used on input line 310.
(pdftex.def)             Requested size: 13.59386pt x 14.22636pt.

Overfull \hbox (1.46664pt too wide) has occurred while \output is active
[][][] [][][] 
 []

[268

]
</Users/dantopa/GitHub//latex-2025//pres/cwh-textbook//local//graphics//xu2016r
elativisticdynamicsrelativemotions.png, id=12186, 1388.18625pt x 456.70625pt>
File: /Users/dantopa/GitHub//latex-2025//pres/cwh-textbook//local//graphics//xu
2016relativisticdynamicsrelativemotions.png Graphic file (type png)
<use /Users/dantopa/GitHub//latex-2025//pres/cwh-textbook//local//graphics//xu2
016relativisticdynamicsrelativemotions.png>
Package pdftex.def Info: /Users/dantopa/GitHub//latex-2025//pres/cwh-textbook//
local//graphics//xu2016relativisticdynamicsrelativemotions.png  used on input l
ine 319.
(pdftex.def)             Requested size: 307.28987pt x 101.0959pt.


LaTeX Warning: Citation 'xu2016relativisticdynamicsrelativemotions' on page 269
 undefined on input line 319.

File: /Users/dantopa/GitHub//latex-2025//global//graphics/logos/afrl-logo.png G
raphic file (type png)
<use /Users/dantopa/GitHub//latex-2025//global//graphics/logos/afrl-logo.png>
Package pdftex.def Info: /Users/dantopa/GitHub//latex-2025//global//graphics/lo
gos/afrl-logo.png  used on input line 319.
(pdftex.def)             Requested size: 43.77304pt x 14.22636pt.
File: /Users/dantopa/GitHub//latex-2025//global//graphics/logos/af-01.png Graph
ic file (type png)
<use /Users/dantopa/GitHub//latex-2025//global//graphics/logos/af-01.png>
Package pdftex.def Info: /Users/dantopa/GitHub//latex-2025//global//graphics/lo
gos/af-01.png  used on input line 319.
(pdftex.def)             Requested size: 14.84773pt x 13.08846pt.
File: /Users/dantopa/GitHub//latex-2025//global//graphics/logos/sf-best.png Gra
phic file (type png)
<use /Users/dantopa/GitHub//latex-2025//global//graphics/logos/sf-best.png>
Package pdftex.def Info: /Users/dantopa/GitHub//latex-2025//global//graphics/lo
gos/sf-best.png  used on input line 319.
(pdftex.def)             Requested size: 16.20306pt x 16.21828pt.
File: /Users/dantopa/GitHub//latex-2025//global//graphics/logos/hii-01.png Grap
hic file (type png)
<use /Users/dantopa/GitHub//latex-2025//global//graphics/logos/hii-01.png>
Package pdftex.def Info: /Users/dantopa/GitHub//latex-2025//global//graphics/lo
gos/hii-01.png  used on input line 319.
(pdftex.def)             Requested size: 13.59386pt x 14.22636pt.

Overfull \hbox (1.46664pt too wide) has occurred while \output is active
[][][] [][][] 
 []

[269

 </Users/dantopa/GitHub//latex-2025//pres/cwh-textbook//local//graphics//xu2016
relativisticdynamicsrelativemotions.png>]

LaTeX Warning: Citation 'xu2016relativisticdynamicsrelativemotions' on page 270
 undefined on input line 325.

File: /Users/dantopa/GitHub//latex-2025//global//graphics/logos/afrl-logo.png G
raphic file (type png)
<use /Users/dantopa/GitHub//latex-2025//global//graphics/logos/afrl-logo.png>
Package pdftex.def Info: /Users/dantopa/GitHub//latex-2025//global//graphics/lo
gos/afrl-logo.png  used on input line 325.
(pdftex.def)             Requested size: 43.77304pt x 14.22636pt.
File: /Users/dantopa/GitHub//latex-2025//global//graphics/logos/af-01.png Graph
ic file (type png)
<use /Users/dantopa/GitHub//latex-2025//global//graphics/logos/af-01.png>
Package pdftex.def Info: /Users/dantopa/GitHub//latex-2025//global//graphics/lo
gos/af-01.png  used on input line 325.
(pdftex.def)             Requested size: 14.84773pt x 13.08846pt.
File: /Users/dantopa/GitHub//latex-2025//global//graphics/logos/sf-best.png Gra
phic file (type png)
<use /Users/dantopa/GitHub//latex-2025//global//graphics/logos/sf-best.png>
Package pdftex.def Info: /Users/dantopa/GitHub//latex-2025//global//graphics/lo
gos/sf-best.png  used on input line 325.
(pdftex.def)             Requested size: 16.20306pt x 16.21828pt.
File: /Users/dantopa/GitHub//latex-2025//global//graphics/logos/hii-01.png Grap
hic file (type png)
<use /Users/dantopa/GitHub//latex-2025//global//graphics/logos/hii-01.png>
Package pdftex.def Info: /Users/dantopa/GitHub//latex-2025//global//graphics/lo
gos/hii-01.png  used on input line 325.
(pdftex.def)             Requested size: 13.59386pt x 14.22636pt.

Overfull \hbox (1.46664pt too wide) has occurred while \output is active
[][][] [][][] 
 []

[270

]
File: /Users/dantopa/GitHub//latex-2025//global//graphics/logos/afrl-logo.png G
raphic file (type png)
<use /Users/dantopa/GitHub//latex-2025//global//graphics/logos/afrl-logo.png>
Package pdftex.def Info: /Users/dantopa/GitHub//latex-2025//global//graphics/lo
gos/afrl-logo.png  used on input line 343.
(pdftex.def)             Requested size: 43.77304pt x 14.22636pt.
File: /Users/dantopa/GitHub//latex-2025//global//graphics/logos/af-01.png Graph
ic file (type png)
<use /Users/dantopa/GitHub//latex-2025//global//graphics/logos/af-01.png>
Package pdftex.def Info: /Users/dantopa/GitHub//latex-2025//global//graphics/lo
gos/af-01.png  used on input line 343.
(pdftex.def)             Requested size: 14.84773pt x 13.08846pt.
File: /Users/dantopa/GitHub//latex-2025//global//graphics/logos/sf-best.png Gra
phic file (type png)
<use /Users/dantopa/GitHub//latex-2025//global//graphics/logos/sf-best.png>
Package pdftex.def Info: /Users/dantopa/GitHub//latex-2025//global//graphics/lo
gos/sf-best.png  used on input line 343.
(pdftex.def)             Requested size: 16.20306pt x 16.21828pt.
File: /Users/dantopa/GitHub//latex-2025//global//graphics/logos/hii-01.png Grap
hic file (type png)
<use /Users/dantopa/GitHub//latex-2025//global//graphics/logos/hii-01.png>
Package pdftex.def Info: /Users/dantopa/GitHub//latex-2025//global//graphics/lo
gos/hii-01.png  used on input line 343.
(pdftex.def)             Requested size: 13.59386pt x 14.22636pt.

Overfull \hbox (1.46664pt too wide) has occurred while \output is active
[][][] [][][] 
 []

[271

]
File: /Users/dantopa/GitHub//latex-2025//global//graphics/logos/afrl-logo.png G
raphic file (type png)
<use /Users/dantopa/GitHub//latex-2025//global//graphics/logos/afrl-logo.png>
Package pdftex.def Info: /Users/dantopa/GitHub//latex-2025//global//graphics/lo
gos/afrl-logo.png  used on input line 354.
(pdftex.def)             Requested size: 43.77304pt x 14.22636pt.
File: /Users/dantopa/GitHub//latex-2025//global//graphics/logos/af-01.png Graph
ic file (type png)
<use /Users/dantopa/GitHub//latex-2025//global//graphics/logos/af-01.png>
Package pdftex.def Info: /Users/dantopa/GitHub//latex-2025//global//graphics/lo
gos/af-01.png  used on input line 354.
(pdftex.def)             Requested size: 14.84773pt x 13.08846pt.
File: /Users/dantopa/GitHub//latex-2025//global//graphics/logos/sf-best.png Gra
phic file (type png)
<use /Users/dantopa/GitHub//latex-2025//global//graphics/logos/sf-best.png>
Package pdftex.def Info: /Users/dantopa/GitHub//latex-2025//global//graphics/lo
gos/sf-best.png  used on input line 354.
(pdftex.def)             Requested size: 16.20306pt x 16.21828pt.
File: /Users/dantopa/GitHub//latex-2025//global//graphics/logos/hii-01.png Grap
hic file (type png)
<use /Users/dantopa/GitHub//latex-2025//global//graphics/logos/hii-01.png>
Package pdftex.def Info: /Users/dantopa/GitHub//latex-2025//global//graphics/lo
gos/hii-01.png  used on input line 354.
(pdftex.def)             Requested size: 13.59386pt x 14.22636pt.

Overfull \hbox (1.46664pt too wide) has occurred while \output is active
[][][] [][][] 
 []

[272

]
File: /Users/dantopa/GitHub//latex-2025//global//graphics/logos/afrl-logo.png G
raphic file (type png)
<use /Users/dantopa/GitHub//latex-2025//global//graphics/logos/afrl-logo.png>
Package pdftex.def Info: /Users/dantopa/GitHub//latex-2025//global//graphics/lo
gos/afrl-logo.png  used on input line 362.
(pdftex.def)             Requested size: 43.77304pt x 14.22636pt.
File: /Users/dantopa/GitHub//latex-2025//global//graphics/logos/af-01.png Graph
ic file (type png)
<use /Users/dantopa/GitHub//latex-2025//global//graphics/logos/af-01.png>
Package pdftex.def Info: /Users/dantopa/GitHub//latex-2025//global//graphics/lo
gos/af-01.png  used on input line 362.
(pdftex.def)             Requested size: 14.84773pt x 13.08846pt.
File: /Users/dantopa/GitHub//latex-2025//global//graphics/logos/sf-best.png Gra
phic file (type png)
<use /Users/dantopa/GitHub//latex-2025//global//graphics/logos/sf-best.png>
Package pdftex.def Info: /Users/dantopa/GitHub//latex-2025//global//graphics/lo
gos/sf-best.png  used on input line 362.
(pdftex.def)             Requested size: 16.20306pt x 16.21828pt.
File: /Users/dantopa/GitHub//latex-2025//global//graphics/logos/hii-01.png Grap
hic file (type png)
<use /Users/dantopa/GitHub//latex-2025//global//graphics/logos/hii-01.png>
Package pdftex.def Info: /Users/dantopa/GitHub//latex-2025//global//graphics/lo
gos/hii-01.png  used on input line 362.
(pdftex.def)             Requested size: 13.59386pt x 14.22636pt.

Overfull \hbox (1.46664pt too wide) has occurred while \output is active
[][][] [][][] 
 []

[273

]
File: /Users/dantopa/GitHub//latex-2025//global//graphics/logos/afrl-logo.png G
raphic file (type png)
<use /Users/dantopa/GitHub//latex-2025//global//graphics/logos/afrl-logo.png>
Package pdftex.def Info: /Users/dantopa/GitHub//latex-2025//global//graphics/lo
gos/afrl-logo.png  used on input line 389.
(pdftex.def)             Requested size: 43.77304pt x 14.22636pt.
File: /Users/dantopa/GitHub//latex-2025//global//graphics/logos/af-01.png Graph
ic file (type png)
<use /Users/dantopa/GitHub//latex-2025//global//graphics/logos/af-01.png>
Package pdftex.def Info: /Users/dantopa/GitHub//latex-2025//global//graphics/lo
gos/af-01.png  used on input line 389.
(pdftex.def)             Requested size: 14.84773pt x 13.08846pt.
File: /Users/dantopa/GitHub//latex-2025//global//graphics/logos/sf-best.png Gra
phic file (type png)
<use /Users/dantopa/GitHub//latex-2025//global//graphics/logos/sf-best.png>
Package pdftex.def Info: /Users/dantopa/GitHub//latex-2025//global//graphics/lo
gos/sf-best.png  used on input line 389.
(pdftex.def)             Requested size: 16.20306pt x 16.21828pt.
File: /Users/dantopa/GitHub//latex-2025//global//graphics/logos/hii-01.png Grap
hic file (type png)
<use /Users/dantopa/GitHub//latex-2025//global//graphics/logos/hii-01.png>
Package pdftex.def Info: /Users/dantopa/GitHub//latex-2025//global//graphics/lo
gos/hii-01.png  used on input line 389.
(pdftex.def)             Requested size: 13.59386pt x 14.22636pt.

Overfull \hbox (1.46664pt too wide) has occurred while \output is active
[][][] [][][] 
 []

[274

]
File: /Users/dantopa/GitHub//latex-2025//global//graphics/logos/afrl-logo.png G
raphic file (type png)
<use /Users/dantopa/GitHub//latex-2025//global//graphics/logos/afrl-logo.png>
Package pdftex.def Info: /Users/dantopa/GitHub//latex-2025//global//graphics/lo
gos/afrl-logo.png  used on input line 406.
(pdftex.def)             Requested size: 43.77304pt x 14.22636pt.
File: /Users/dantopa/GitHub//latex-2025//global//graphics/logos/af-01.png Graph
ic file (type png)
<use /Users/dantopa/GitHub//latex-2025//global//graphics/logos/af-01.png>
Package pdftex.def Info: /Users/dantopa/GitHub//latex-2025//global//graphics/lo
gos/af-01.png  used on input line 406.
(pdftex.def)             Requested size: 14.84773pt x 13.08846pt.
File: /Users/dantopa/GitHub//latex-2025//global//graphics/logos/sf-best.png Gra
phic file (type png)
<use /Users/dantopa/GitHub//latex-2025//global//graphics/logos/sf-best.png>
Package pdftex.def Info: /Users/dantopa/GitHub//latex-2025//global//graphics/lo
gos/sf-best.png  used on input line 406.
(pdftex.def)             Requested size: 16.20306pt x 16.21828pt.
File: /Users/dantopa/GitHub//latex-2025//global//graphics/logos/hii-01.png Grap
hic file (type png)
<use /Users/dantopa/GitHub//latex-2025//global//graphics/logos/hii-01.png>
Package pdftex.def Info: /Users/dantopa/GitHub//latex-2025//global//graphics/lo
gos/hii-01.png  used on input line 406.
(pdftex.def)             Requested size: 13.59386pt x 14.22636pt.

Overfull \hbox (1.46664pt too wide) has occurred while \output is active
[][][] [][][] 
 []

[275

]
File: /Users/dantopa/GitHub//latex-2025//global//graphics/logos/afrl-logo.png G
raphic file (type png)
<use /Users/dantopa/GitHub//latex-2025//global//graphics/logos/afrl-logo.png>
Package pdftex.def Info: /Users/dantopa/GitHub//latex-2025//global//graphics/lo
gos/afrl-logo.png  used on input line 436.
(pdftex.def)             Requested size: 43.77304pt x 14.22636pt.
File: /Users/dantopa/GitHub//latex-2025//global//graphics/logos/af-01.png Graph
ic file (type png)
<use /Users/dantopa/GitHub//latex-2025//global//graphics/logos/af-01.png>
Package pdftex.def Info: /Users/dantopa/GitHub//latex-2025//global//graphics/lo
gos/af-01.png  used on input line 436.
(pdftex.def)             Requested size: 14.84773pt x 13.08846pt.
File: /Users/dantopa/GitHub//latex-2025//global//graphics/logos/sf-best.png Gra
phic file (type png)
<use /Users/dantopa/GitHub//latex-2025//global//graphics/logos/sf-best.png>
Package pdftex.def Info: /Users/dantopa/GitHub//latex-2025//global//graphics/lo
gos/sf-best.png  used on input line 436.
(pdftex.def)             Requested size: 16.20306pt x 16.21828pt.
File: /Users/dantopa/GitHub//latex-2025//global//graphics/logos/hii-01.png Grap
hic file (type png)
<use /Users/dantopa/GitHub//latex-2025//global//graphics/logos/hii-01.png>
Package pdftex.def Info: /Users/dantopa/GitHub//latex-2025//global//graphics/lo
gos/hii-01.png  used on input line 436.
(pdftex.def)             Requested size: 13.59386pt x 14.22636pt.

Overfull \hbox (1.46664pt too wide) has occurred while \output is active
[][][] [][][] 
 []

[276

]

LaTeX Warning: Citation 'ROH20162255' on page 277 undefined on input line 466.

File: /Users/dantopa/GitHub//latex-2025//global//graphics/logos/afrl-logo.png G
raphic file (type png)
<use /Users/dantopa/GitHub//latex-2025//global//graphics/logos/afrl-logo.png>
Package pdftex.def Info: /Users/dantopa/GitHub//latex-2025//global//graphics/lo
gos/afrl-logo.png  used on input line 466.
(pdftex.def)             Requested size: 43.77304pt x 14.22636pt.
File: /Users/dantopa/GitHub//latex-2025//global//graphics/logos/af-01.png Graph
ic file (type png)
<use /Users/dantopa/GitHub//latex-2025//global//graphics/logos/af-01.png>
Package pdftex.def Info: /Users/dantopa/GitHub//latex-2025//global//graphics/lo
gos/af-01.png  used on input line 466.
(pdftex.def)             Requested size: 14.84773pt x 13.08846pt.
File: /Users/dantopa/GitHub//latex-2025//global//graphics/logos/sf-best.png Gra
phic file (type png)
<use /Users/dantopa/GitHub//latex-2025//global//graphics/logos/sf-best.png>
Package pdftex.def Info: /Users/dantopa/GitHub//latex-2025//global//graphics/lo
gos/sf-best.png  used on input line 466.
(pdftex.def)             Requested size: 16.20306pt x 16.21828pt.
File: /Users/dantopa/GitHub//latex-2025//global//graphics/logos/hii-01.png Grap
hic file (type png)
<use /Users/dantopa/GitHub//latex-2025//global//graphics/logos/hii-01.png>
Package pdftex.def Info: /Users/dantopa/GitHub//latex-2025//global//graphics/lo
gos/hii-01.png  used on input line 466.
(pdftex.def)             Requested size: 13.59386pt x 14.22636pt.

Overfull \hbox (1.46664pt too wide) has occurred while \output is active
[][][] [][][] 
 []

[277

]

LaTeX Warning: Citation 'ROH20162255' on page 278 undefined on input line 466.

File: /Users/dantopa/GitHub//latex-2025//global//graphics/logos/afrl-logo.png G
raphic file (type png)
<use /Users/dantopa/GitHub//latex-2025//global//graphics/logos/afrl-logo.png>
Package pdftex.def Info: /Users/dantopa/GitHub//latex-2025//global//graphics/lo
gos/afrl-logo.png  used on input line 466.
(pdftex.def)             Requested size: 43.77304pt x 14.22636pt.
File: /Users/dantopa/GitHub//latex-2025//global//graphics/logos/af-01.png Graph
ic file (type png)
<use /Users/dantopa/GitHub//latex-2025//global//graphics/logos/af-01.png>
Package pdftex.def Info: /Users/dantopa/GitHub//latex-2025//global//graphics/lo
gos/af-01.png  used on input line 466.
(pdftex.def)             Requested size: 14.84773pt x 13.08846pt.
File: /Users/dantopa/GitHub//latex-2025//global//graphics/logos/sf-best.png Gra
phic file (type png)
<use /Users/dantopa/GitHub//latex-2025//global//graphics/logos/sf-best.png>
Package pdftex.def Info: /Users/dantopa/GitHub//latex-2025//global//graphics/lo
gos/sf-best.png  used on input line 466.
(pdftex.def)             Requested size: 16.20306pt x 16.21828pt.
File: /Users/dantopa/GitHub//latex-2025//global//graphics/logos/hii-01.png Grap
hic file (type png)
<use /Users/dantopa/GitHub//latex-2025//global//graphics/logos/hii-01.png>
Package pdftex.def Info: /Users/dantopa/GitHub//latex-2025//global//graphics/lo
gos/hii-01.png  used on input line 466.
(pdftex.def)             Requested size: 13.59386pt x 14.22636pt.

Overfull \hbox (1.46664pt too wide) has occurred while \output is active
[][][] [][][] 
 []

[278


]
File: /Users/dantopa/GitHub//latex-2025//global//graphics/logos/afrl-logo.png G
raphic file (type png)
<use /Users/dantopa/GitHub//latex-2025//global//graphics/logos/afrl-logo.png>
Package pdftex.def Info: /Users/dantopa/GitHub//latex-2025//global//graphics/lo
gos/afrl-logo.png  used on input line 483.
(pdftex.def)             Requested size: 43.77304pt x 14.22636pt.
File: /Users/dantopa/GitHub//latex-2025//global//graphics/logos/af-01.png Graph
ic file (type png)
<use /Users/dantopa/GitHub//latex-2025//global//graphics/logos/af-01.png>
Package pdftex.def Info: /Users/dantopa/GitHub//latex-2025//global//graphics/lo
gos/af-01.png  used on input line 483.
(pdftex.def)             Requested size: 14.84773pt x 13.08846pt.
File: /Users/dantopa/GitHub//latex-2025//global//graphics/logos/sf-best.png Gra
phic file (type png)
<use /Users/dantopa/GitHub//latex-2025//global//graphics/logos/sf-best.png>
Package pdftex.def Info: /Users/dantopa/GitHub//latex-2025//global//graphics/lo
gos/sf-best.png  used on input line 483.
(pdftex.def)             Requested size: 16.20306pt x 16.21828pt.
File: /Users/dantopa/GitHub//latex-2025//global//graphics/logos/hii-01.png Grap
hic file (type png)
<use /Users/dantopa/GitHub//latex-2025//global//graphics/logos/hii-01.png>
Package pdftex.def Info: /Users/dantopa/GitHub//latex-2025//global//graphics/lo
gos/hii-01.png  used on input line 483.
(pdftex.def)             Requested size: 13.59386pt x 14.22636pt.

Overfull \hbox (1.46664pt too wide) has occurred while \output is active
[][][] [][][] 
 []

[279

]
File: /Users/dantopa/GitHub//latex-2025//global//graphics/logos/afrl-logo.png G
raphic file (type png)
<use /Users/dantopa/GitHub//latex-2025//global//graphics/logos/afrl-logo.png>
Package pdftex.def Info: /Users/dantopa/GitHub//latex-2025//global//graphics/lo
gos/afrl-logo.png  used on input line 501.
(pdftex.def)             Requested size: 43.77304pt x 14.22636pt.
File: /Users/dantopa/GitHub//latex-2025//global//graphics/logos/af-01.png Graph
ic file (type png)
<use /Users/dantopa/GitHub//latex-2025//global//graphics/logos/af-01.png>
Package pdftex.def Info: /Users/dantopa/GitHub//latex-2025//global//graphics/lo
gos/af-01.png  used on input line 501.
(pdftex.def)             Requested size: 14.84773pt x 13.08846pt.
File: /Users/dantopa/GitHub//latex-2025//global//graphics/logos/sf-best.png Gra
phic file (type png)
<use /Users/dantopa/GitHub//latex-2025//global//graphics/logos/sf-best.png>
Package pdftex.def Info: /Users/dantopa/GitHub//latex-2025//global//graphics/lo
gos/sf-best.png  used on input line 501.
(pdftex.def)             Requested size: 16.20306pt x 16.21828pt.
File: /Users/dantopa/GitHub//latex-2025//global//graphics/logos/hii-01.png Grap
hic file (type png)
<use /Users/dantopa/GitHub//latex-2025//global//graphics/logos/hii-01.png>
Package pdftex.def Info: /Users/dantopa/GitHub//latex-2025//global//graphics/lo
gos/hii-01.png  used on input line 501.
(pdftex.def)             Requested size: 13.59386pt x 14.22636pt.

Overfull \hbox (1.46664pt too wide) has occurred while \output is active
[][][] [][][] 
 []

[280

]

LaTeX Warning: Citation 'ROH20162255' on page 281 undefined on input line 525.


Overfull \vbox (6.33922pt too high) detected at line 525
 []

File: /Users/dantopa/GitHub//latex-2025//global//graphics/logos/afrl-logo.png G
raphic file (type png)
<use /Users/dantopa/GitHub//latex-2025//global//graphics/logos/afrl-logo.png>
Package pdftex.def Info: /Users/dantopa/GitHub//latex-2025//global//graphics/lo
gos/afrl-logo.png  used on input line 525.
(pdftex.def)             Requested size: 43.77304pt x 14.22636pt.
File: /Users/dantopa/GitHub//latex-2025//global//graphics/logos/af-01.png Graph
ic file (type png)
<use /Users/dantopa/GitHub//latex-2025//global//graphics/logos/af-01.png>
Package pdftex.def Info: /Users/dantopa/GitHub//latex-2025//global//graphics/lo
gos/af-01.png  used on input line 525.
(pdftex.def)             Requested size: 14.84773pt x 13.08846pt.
File: /Users/dantopa/GitHub//latex-2025//global//graphics/logos/sf-best.png Gra
phic file (type png)
<use /Users/dantopa/GitHub//latex-2025//global//graphics/logos/sf-best.png>
Package pdftex.def Info: /Users/dantopa/GitHub//latex-2025//global//graphics/lo
gos/sf-best.png  used on input line 525.
(pdftex.def)             Requested size: 16.20306pt x 16.21828pt.
File: /Users/dantopa/GitHub//latex-2025//global//graphics/logos/hii-01.png Grap
hic file (type png)
<use /Users/dantopa/GitHub//latex-2025//global//graphics/logos/hii-01.png>
Package pdftex.def Info: /Users/dantopa/GitHub//latex-2025//global//graphics/lo
gos/hii-01.png  used on input line 525.
(pdftex.def)             Requested size: 13.59386pt x 14.22636pt.

Overfull \hbox (1.46664pt too wide) has occurred while \output is active
[][][] [][][] 
 []

[281

]

LaTeX Warning: Citation 'ROH20162255' on page 282 undefined on input line 547.

File: /Users/dantopa/GitHub//latex-2025//global//graphics/logos/afrl-logo.png G
raphic file (type png)
<use /Users/dantopa/GitHub//latex-2025//global//graphics/logos/afrl-logo.png>
Package pdftex.def Info: /Users/dantopa/GitHub//latex-2025//global//graphics/lo
gos/afrl-logo.png  used on input line 547.
(pdftex.def)             Requested size: 43.77304pt x 14.22636pt.
File: /Users/dantopa/GitHub//latex-2025//global//graphics/logos/af-01.png Graph
ic file (type png)
<use /Users/dantopa/GitHub//latex-2025//global//graphics/logos/af-01.png>
Package pdftex.def Info: /Users/dantopa/GitHub//latex-2025//global//graphics/lo
gos/af-01.png  used on input line 547.
(pdftex.def)             Requested size: 14.84773pt x 13.08846pt.
File: /Users/dantopa/GitHub//latex-2025//global//graphics/logos/sf-best.png Gra
phic file (type png)
<use /Users/dantopa/GitHub//latex-2025//global//graphics/logos/sf-best.png>
Package pdftex.def Info: /Users/dantopa/GitHub//latex-2025//global//graphics/lo
gos/sf-best.png  used on input line 547.
(pdftex.def)             Requested size: 16.20306pt x 16.21828pt.
File: /Users/dantopa/GitHub//latex-2025//global//graphics/logos/hii-01.png Grap
hic file (type png)
<use /Users/dantopa/GitHub//latex-2025//global//graphics/logos/hii-01.png>
Package pdftex.def Info: /Users/dantopa/GitHub//latex-2025//global//graphics/lo
gos/hii-01.png  used on input line 547.
(pdftex.def)             Requested size: 13.59386pt x 14.22636pt.

Overfull \hbox (1.46664pt too wide) has occurred while \output is active
[][][] [][][] 
 []

[282

]
File: /Users/dantopa/GitHub//latex-2025//global//graphics/logos/afrl-logo.png G
raphic file (type png)
<use /Users/dantopa/GitHub//latex-2025//global//graphics/logos/afrl-logo.png>
Package pdftex.def Info: /Users/dantopa/GitHub//latex-2025//global//graphics/lo
gos/afrl-logo.png  used on input line 570.
(pdftex.def)             Requested size: 43.77304pt x 14.22636pt.
File: /Users/dantopa/GitHub//latex-2025//global//graphics/logos/af-01.png Graph
ic file (type png)
<use /Users/dantopa/GitHub//latex-2025//global//graphics/logos/af-01.png>
Package pdftex.def Info: /Users/dantopa/GitHub//latex-2025//global//graphics/lo
gos/af-01.png  used on input line 570.
(pdftex.def)             Requested size: 14.84773pt x 13.08846pt.
File: /Users/dantopa/GitHub//latex-2025//global//graphics/logos/sf-best.png Gra
phic file (type png)
<use /Users/dantopa/GitHub//latex-2025//global//graphics/logos/sf-best.png>
Package pdftex.def Info: /Users/dantopa/GitHub//latex-2025//global//graphics/lo
gos/sf-best.png  used on input line 570.
(pdftex.def)             Requested size: 16.20306pt x 16.21828pt.
File: /Users/dantopa/GitHub//latex-2025//global//graphics/logos/hii-01.png Grap
hic file (type png)
<use /Users/dantopa/GitHub//latex-2025//global//graphics/logos/hii-01.png>
Package pdftex.def Info: /Users/dantopa/GitHub//latex-2025//global//graphics/lo
gos/hii-01.png  used on input line 570.
(pdftex.def)             Requested size: 13.59386pt x 14.22636pt.

Overfull \hbox (1.46664pt too wide) has occurred while \output is active
[][][] [][][] 
 []

[283

]
File: /Users/dantopa/GitHub//latex-2025//global//graphics/logos/afrl-logo.png G
raphic file (type png)
<use /Users/dantopa/GitHub//latex-2025//global//graphics/logos/afrl-logo.png>
Package pdftex.def Info: /Users/dantopa/GitHub//latex-2025//global//graphics/lo
gos/afrl-logo.png  used on input line 570.
(pdftex.def)             Requested size: 43.77304pt x 14.22636pt.
File: /Users/dantopa/GitHub//latex-2025//global//graphics/logos/af-01.png Graph
ic file (type png)
<use /Users/dantopa/GitHub//latex-2025//global//graphics/logos/af-01.png>
Package pdftex.def Info: /Users/dantopa/GitHub//latex-2025//global//graphics/lo
gos/af-01.png  used on input line 570.
(pdftex.def)             Requested size: 14.84773pt x 13.08846pt.
File: /Users/dantopa/GitHub//latex-2025//global//graphics/logos/sf-best.png Gra
phic file (type png)
<use /Users/dantopa/GitHub//latex-2025//global//graphics/logos/sf-best.png>
Package pdftex.def Info: /Users/dantopa/GitHub//latex-2025//global//graphics/lo
gos/sf-best.png  used on input line 570.
(pdftex.def)             Requested size: 16.20306pt x 16.21828pt.
File: /Users/dantopa/GitHub//latex-2025//global//graphics/logos/hii-01.png Grap
hic file (type png)
<use /Users/dantopa/GitHub//latex-2025//global//graphics/logos/hii-01.png>
Package pdftex.def Info: /Users/dantopa/GitHub//latex-2025//global//graphics/lo
gos/hii-01.png  used on input line 570.
(pdftex.def)             Requested size: 13.59386pt x 14.22636pt.

Overfull \hbox (1.46664pt too wide) has occurred while \output is active
[][][] [][][] 
 []

[284


]

LaTeX Warning: Citation 'kopeikin2004parametrized' on page 285 undefined on inp
ut line 584.


LaTeX Warning: Citation 'PhysRevD.72.104022' on page 285 undefined on input lin
e 584.


LaTeX Warning: Citation 'boetzel2017solving' on page 285 undefined on input lin
e 584.


LaTeX Warning: Citation 'ROH20162255' on page 285 undefined on input line 584.


LaTeX Warning: Citation 'PhysRevD.72.104022' on page 285 undefined on input lin
e 584.


LaTeX Warning: Citation 'PhysRevD.95.104009' on page 285 undefined on input lin
e 584.


LaTeX Warning: Citation 'roh2018numerical' on page 285 undefined on input line 
584.


LaTeX Warning: Citation 'o2021general' on page 285 undefined on input line 584.


File: /Users/dantopa/GitHub//latex-2025//global//graphics/logos/afrl-logo.png G
raphic file (type png)
<use /Users/dantopa/GitHub//latex-2025//global//graphics/logos/afrl-logo.png>
Package pdftex.def Info: /Users/dantopa/GitHub//latex-2025//global//graphics/lo
gos/afrl-logo.png  used on input line 584.
(pdftex.def)             Requested size: 43.77304pt x 14.22636pt.
File: /Users/dantopa/GitHub//latex-2025//global//graphics/logos/af-01.png Graph
ic file (type png)
<use /Users/dantopa/GitHub//latex-2025//global//graphics/logos/af-01.png>
Package pdftex.def Info: /Users/dantopa/GitHub//latex-2025//global//graphics/lo
gos/af-01.png  used on input line 584.
(pdftex.def)             Requested size: 14.84773pt x 13.08846pt.
File: /Users/dantopa/GitHub//latex-2025//global//graphics/logos/sf-best.png Gra
phic file (type png)
<use /Users/dantopa/GitHub//latex-2025//global//graphics/logos/sf-best.png>
Package pdftex.def Info: /Users/dantopa/GitHub//latex-2025//global//graphics/lo
gos/sf-best.png  used on input line 584.
(pdftex.def)             Requested size: 16.20306pt x 16.21828pt.
File: /Users/dantopa/GitHub//latex-2025//global//graphics/logos/hii-01.png Grap
hic file (type png)
<use /Users/dantopa/GitHub//latex-2025//global//graphics/logos/hii-01.png>
Package pdftex.def Info: /Users/dantopa/GitHub//latex-2025//global//graphics/lo
gos/hii-01.png  used on input line 584.
(pdftex.def)             Requested size: 13.59386pt x 14.22636pt.

Overfull \hbox (1.46664pt too wide) has occurred while \output is active
[][][] [][][] 
 []

[285

]))

Package hyperref Warning: Token not allowed in a PDF string (PDFDocEncoding):
(hyperref)                removing `\translate ' on input line 117.


(/Users/dantopa/GitHub//latex-2025//pres/cwh-textbook//sections/sec-summary.tex
 !! CONTENT SETUP !! /Users/dantopa/GitHub//latex-2025//pres/cwh-textbook//sect
ions/"sec-summary.tex"
File: /Users/dantopa/GitHub//latex-2025//global//graphics/logos/afrl-logo.png G
raphic file (type png)
<use /Users/dantopa/GitHub//latex-2025//global//graphics/logos/afrl-logo.png>
Package pdftex.def Info: /Users/dantopa/GitHub//latex-2025//global//graphics/lo
gos/afrl-logo.png  used on input line 9.
(pdftex.def)             Requested size: 43.77304pt x 14.22636pt.
File: /Users/dantopa/GitHub//latex-2025//global//graphics/logos/af-01.png Graph
ic file (type png)
<use /Users/dantopa/GitHub//latex-2025//global//graphics/logos/af-01.png>
Package pdftex.def Info: /Users/dantopa/GitHub//latex-2025//global//graphics/lo
gos/af-01.png  used on input line 9.
(pdftex.def)             Requested size: 14.84773pt x 13.08846pt.
File: /Users/dantopa/GitHub//latex-2025//global//graphics/logos/sf-best.png Gra
phic file (type png)
<use /Users/dantopa/GitHub//latex-2025//global//graphics/logos/sf-best.png>
Package pdftex.def Info: /Users/dantopa/GitHub//latex-2025//global//graphics/lo
gos/sf-best.png  used on input line 9.
(pdftex.def)             Requested size: 16.20306pt x 16.21828pt.
File: /Users/dantopa/GitHub//latex-2025//global//graphics/logos/hii-01.png Grap
hic file (type png)
<use /Users/dantopa/GitHub//latex-2025//global//graphics/logos/hii-01.png>
Package pdftex.def Info: /Users/dantopa/GitHub//latex-2025//global//graphics/lo
gos/hii-01.png  used on input line 9.
(pdftex.def)             Requested size: 13.59386pt x 14.22636pt.

Overfull \hbox (1.46664pt too wide) has occurred while \output is active
[][][] [][][] 
 []

[286

]
File: /Users/dantopa/GitHub//latex-2025//global//graphics/logos/afrl-logo.png G
raphic file (type png)
<use /Users/dantopa/GitHub//latex-2025//global//graphics/logos/afrl-logo.png>
Package pdftex.def Info: /Users/dantopa/GitHub//latex-2025//global//graphics/lo
gos/afrl-logo.png  used on input line 24.
(pdftex.def)             Requested size: 43.77304pt x 14.22636pt.
File: /Users/dantopa/GitHub//latex-2025//global//graphics/logos/af-01.png Graph
ic file (type png)
<use /Users/dantopa/GitHub//latex-2025//global//graphics/logos/af-01.png>
Package pdftex.def Info: /Users/dantopa/GitHub//latex-2025//global//graphics/lo
gos/af-01.png  used on input line 24.
(pdftex.def)             Requested size: 14.84773pt x 13.08846pt.
File: /Users/dantopa/GitHub//latex-2025//global//graphics/logos/sf-best.png Gra
phic file (type png)
<use /Users/dantopa/GitHub//latex-2025//global//graphics/logos/sf-best.png>
Package pdftex.def Info: /Users/dantopa/GitHub//latex-2025//global//graphics/lo
gos/sf-best.png  used on input line 24.
(pdftex.def)             Requested size: 16.20306pt x 16.21828pt.
File: /Users/dantopa/GitHub//latex-2025//global//graphics/logos/hii-01.png Grap
hic file (type png)
<use /Users/dantopa/GitHub//latex-2025//global//graphics/logos/hii-01.png>
Package pdftex.def Info: /Users/dantopa/GitHub//latex-2025//global//graphics/lo
gos/hii-01.png  used on input line 24.
(pdftex.def)             Requested size: 13.59386pt x 14.22636pt.

Overfull \hbox (1.46664pt too wide) has occurred while \output is active
[][][] [][][] 
 []

[287

]
File: /Users/dantopa/GitHub//latex-2025//global//graphics/logos/afrl-logo.png G
raphic file (type png)
<use /Users/dantopa/GitHub//latex-2025//global//graphics/logos/afrl-logo.png>
Package pdftex.def Info: /Users/dantopa/GitHub//latex-2025//global//graphics/lo
gos/afrl-logo.png  used on input line 48.
(pdftex.def)             Requested size: 43.77304pt x 14.22636pt.
File: /Users/dantopa/GitHub//latex-2025//global//graphics/logos/af-01.png Graph
ic file (type png)
<use /Users/dantopa/GitHub//latex-2025//global//graphics/logos/af-01.png>
Package pdftex.def Info: /Users/dantopa/GitHub//latex-2025//global//graphics/lo
gos/af-01.png  used on input line 48.
(pdftex.def)             Requested size: 14.84773pt x 13.08846pt.
File: /Users/dantopa/GitHub//latex-2025//global//graphics/logos/sf-best.png Gra
phic file (type png)
<use /Users/dantopa/GitHub//latex-2025//global//graphics/logos/sf-best.png>
Package pdftex.def Info: /Users/dantopa/GitHub//latex-2025//global//graphics/lo
gos/sf-best.png  used on input line 48.
(pdftex.def)             Requested size: 16.20306pt x 16.21828pt.
File: /Users/dantopa/GitHub//latex-2025//global//graphics/logos/hii-01.png Grap
hic file (type png)
<use /Users/dantopa/GitHub//latex-2025//global//graphics/logos/hii-01.png>
Package pdftex.def Info: /Users/dantopa/GitHub//latex-2025//global//graphics/lo
gos/hii-01.png  used on input line 48.
(pdftex.def)             Requested size: 13.59386pt x 14.22636pt.

Overfull \hbox (1.46664pt too wide) has occurred while \output is active
[][][] [][][] 
 []

[288

]
File: /Users/dantopa/GitHub//latex-2025//global//graphics/logos/afrl-logo.png G
raphic file (type png)
<use /Users/dantopa/GitHub//latex-2025//global//graphics/logos/afrl-logo.png>
Package pdftex.def Info: /Users/dantopa/GitHub//latex-2025//global//graphics/lo
gos/afrl-logo.png  used on input line 48.
(pdftex.def)             Requested size: 43.77304pt x 14.22636pt.
File: /Users/dantopa/GitHub//latex-2025//global//graphics/logos/af-01.png Graph
ic file (type png)
<use /Users/dantopa/GitHub//latex-2025//global//graphics/logos/af-01.png>
Package pdftex.def Info: /Users/dantopa/GitHub//latex-2025//global//graphics/lo
gos/af-01.png  used on input line 48.
(pdftex.def)             Requested size: 14.84773pt x 13.08846pt.
File: /Users/dantopa/GitHub//latex-2025//global//graphics/logos/sf-best.png Gra
phic file (type png)
<use /Users/dantopa/GitHub//latex-2025//global//graphics/logos/sf-best.png>
Package pdftex.def Info: /Users/dantopa/GitHub//latex-2025//global//graphics/lo
gos/sf-best.png  used on input line 48.
(pdftex.def)             Requested size: 16.20306pt x 16.21828pt.
File: /Users/dantopa/GitHub//latex-2025//global//graphics/logos/hii-01.png Grap
hic file (type png)
<use /Users/dantopa/GitHub//latex-2025//global//graphics/logos/hii-01.png>
Package pdftex.def Info: /Users/dantopa/GitHub//latex-2025//global//graphics/lo
gos/hii-01.png  used on input line 48.
(pdftex.def)             Requested size: 13.59386pt x 14.22636pt.

Overfull \hbox (1.46664pt too wide) has occurred while \output is active
[][][] [][][] 
 []

[289


]

Package hyperref Warning: Token not allowed in a PDF string (PDFDocEncoding):
(hyperref)                removing `math shift' on input line 52.


Package hyperref Warning: Token not allowed in a PDF string (PDFDocEncoding):
(hyperref)                removing `math shift' on input line 52.

File: /Users/dantopa/GitHub//latex-2025//global//graphics/logos/afrl-logo.png G
raphic file (type png)
<use /Users/dantopa/GitHub//latex-2025//global//graphics/logos/afrl-logo.png>
Package pdftex.def Info: /Users/dantopa/GitHub//latex-2025//global//graphics/lo
gos/afrl-logo.png  used on input line 71.
(pdftex.def)             Requested size: 43.77304pt x 14.22636pt.
File: /Users/dantopa/GitHub//latex-2025//global//graphics/logos/af-01.png Graph
ic file (type png)
<use /Users/dantopa/GitHub//latex-2025//global//graphics/logos/af-01.png>
Package pdftex.def Info: /Users/dantopa/GitHub//latex-2025//global//graphics/lo
gos/af-01.png  used on input line 71.
(pdftex.def)             Requested size: 14.84773pt x 13.08846pt.
File: /Users/dantopa/GitHub//latex-2025//global//graphics/logos/sf-best.png Gra
phic file (type png)
<use /Users/dantopa/GitHub//latex-2025//global//graphics/logos/sf-best.png>
Package pdftex.def Info: /Users/dantopa/GitHub//latex-2025//global//graphics/lo
gos/sf-best.png  used on input line 71.
(pdftex.def)             Requested size: 16.20306pt x 16.21828pt.
File: /Users/dantopa/GitHub//latex-2025//global//graphics/logos/hii-01.png Grap
hic file (type png)
<use /Users/dantopa/GitHub//latex-2025//global//graphics/logos/hii-01.png>
Package pdftex.def Info: /Users/dantopa/GitHub//latex-2025//global//graphics/lo
gos/hii-01.png  used on input line 71.
(pdftex.def)             Requested size: 13.59386pt x 14.22636pt.

Overfull \hbox (1.46664pt too wide) has occurred while \output is active
[][][] [][][] 
 []

[290

]
Overfull \hbox (1.13437pt too wide) detected at line 100
[][]\OT1/lmr/bx/n/10.95 T\OT1/lmr/m/n/10.95 ([][]) = []
 []

File: /Users/dantopa/GitHub//latex-2025//global//graphics/logos/afrl-logo.png G
raphic file (type png)
<use /Users/dantopa/GitHub//latex-2025//global//graphics/logos/afrl-logo.png>
Package pdftex.def Info: /Users/dantopa/GitHub//latex-2025//global//graphics/lo
gos/afrl-logo.png  used on input line 100.
(pdftex.def)             Requested size: 43.77304pt x 14.22636pt.
File: /Users/dantopa/GitHub//latex-2025//global//graphics/logos/af-01.png Graph
ic file (type png)
<use /Users/dantopa/GitHub//latex-2025//global//graphics/logos/af-01.png>
Package pdftex.def Info: /Users/dantopa/GitHub//latex-2025//global//graphics/lo
gos/af-01.png  used on input line 100.
(pdftex.def)             Requested size: 14.84773pt x 13.08846pt.
File: /Users/dantopa/GitHub//latex-2025//global//graphics/logos/sf-best.png Gra
phic file (type png)
<use /Users/dantopa/GitHub//latex-2025//global//graphics/logos/sf-best.png>
Package pdftex.def Info: /Users/dantopa/GitHub//latex-2025//global//graphics/lo
gos/sf-best.png  used on input line 100.
(pdftex.def)             Requested size: 16.20306pt x 16.21828pt.
File: /Users/dantopa/GitHub//latex-2025//global//graphics/logos/hii-01.png Grap
hic file (type png)
<use /Users/dantopa/GitHub//latex-2025//global//graphics/logos/hii-01.png>
Package pdftex.def Info: /Users/dantopa/GitHub//latex-2025//global//graphics/lo
gos/hii-01.png  used on input line 100.
(pdftex.def)             Requested size: 13.59386pt x 14.22636pt.

Overfull \hbox (1.46664pt too wide) has occurred while \output is active
[][][] [][][] 
 []

[291

]
File: /Users/dantopa/GitHub//latex-2025//global//graphics/logos/afrl-logo.png G
raphic file (type png)
<use /Users/dantopa/GitHub//latex-2025//global//graphics/logos/afrl-logo.png>
Package pdftex.def Info: /Users/dantopa/GitHub//latex-2025//global//graphics/lo
gos/afrl-logo.png  used on input line 124.
(pdftex.def)             Requested size: 43.77304pt x 14.22636pt.
File: /Users/dantopa/GitHub//latex-2025//global//graphics/logos/af-01.png Graph
ic file (type png)
<use /Users/dantopa/GitHub//latex-2025//global//graphics/logos/af-01.png>
Package pdftex.def Info: /Users/dantopa/GitHub//latex-2025//global//graphics/lo
gos/af-01.png  used on input line 124.
(pdftex.def)             Requested size: 14.84773pt x 13.08846pt.
File: /Users/dantopa/GitHub//latex-2025//global//graphics/logos/sf-best.png Gra
phic file (type png)
<use /Users/dantopa/GitHub//latex-2025//global//graphics/logos/sf-best.png>
Package pdftex.def Info: /Users/dantopa/GitHub//latex-2025//global//graphics/lo
gos/sf-best.png  used on input line 124.
(pdftex.def)             Requested size: 16.20306pt x 16.21828pt.
File: /Users/dantopa/GitHub//latex-2025//global//graphics/logos/hii-01.png Grap
hic file (type png)
<use /Users/dantopa/GitHub//latex-2025//global//graphics/logos/hii-01.png>
Package pdftex.def Info: /Users/dantopa/GitHub//latex-2025//global//graphics/lo
gos/hii-01.png  used on input line 124.
(pdftex.def)             Requested size: 13.59386pt x 14.22636pt.

Overfull \hbox (1.46664pt too wide) has occurred while \output is active
[][][] [][][] 
 []

[292

]

LaTeX Warning: Reference `eq:decomposing-wiki' on page 293 undefined on input l
ine 148.


Overfull \hbox (25.79723pt too wide) detected at line 148
[]
 []

File: /Users/dantopa/GitHub//latex-2025//global//graphics/logos/afrl-logo.png G
raphic file (type png)
<use /Users/dantopa/GitHub//latex-2025//global//graphics/logos/afrl-logo.png>
Package pdftex.def Info: /Users/dantopa/GitHub//latex-2025//global//graphics/lo
gos/afrl-logo.png  used on input line 148.
(pdftex.def)             Requested size: 43.77304pt x 14.22636pt.
File: /Users/dantopa/GitHub//latex-2025//global//graphics/logos/af-01.png Graph
ic file (type png)
<use /Users/dantopa/GitHub//latex-2025//global//graphics/logos/af-01.png>
Package pdftex.def Info: /Users/dantopa/GitHub//latex-2025//global//graphics/lo
gos/af-01.png  used on input line 148.
(pdftex.def)             Requested size: 14.84773pt x 13.08846pt.
File: /Users/dantopa/GitHub//latex-2025//global//graphics/logos/sf-best.png Gra
phic file (type png)
<use /Users/dantopa/GitHub//latex-2025//global//graphics/logos/sf-best.png>
Package pdftex.def Info: /Users/dantopa/GitHub//latex-2025//global//graphics/lo
gos/sf-best.png  used on input line 148.
(pdftex.def)             Requested size: 16.20306pt x 16.21828pt.
File: /Users/dantopa/GitHub//latex-2025//global//graphics/logos/hii-01.png Grap
hic file (type png)
<use /Users/dantopa/GitHub//latex-2025//global//graphics/logos/hii-01.png>
Package pdftex.def Info: /Users/dantopa/GitHub//latex-2025//global//graphics/lo
gos/hii-01.png  used on input line 148.
(pdftex.def)             Requested size: 13.59386pt x 14.22636pt.

Overfull \hbox (1.46664pt too wide) has occurred while \output is active
[][][] [][][] 
 []

[293

]
Overfull \hbox (10.93889pt too wide) detected at line 156
[][] []
 []

File: /Users/dantopa/GitHub//latex-2025//global//graphics/logos/afrl-logo.png G
raphic file (type png)
<use /Users/dantopa/GitHub//latex-2025//global//graphics/logos/afrl-logo.png>
Package pdftex.def Info: /Users/dantopa/GitHub//latex-2025//global//graphics/lo
gos/afrl-logo.png  used on input line 156.
(pdftex.def)             Requested size: 43.77304pt x 14.22636pt.
File: /Users/dantopa/GitHub//latex-2025//global//graphics/logos/af-01.png Graph
ic file (type png)
<use /Users/dantopa/GitHub//latex-2025//global//graphics/logos/af-01.png>
Package pdftex.def Info: /Users/dantopa/GitHub//latex-2025//global//graphics/lo
gos/af-01.png  used on input line 156.
(pdftex.def)             Requested size: 14.84773pt x 13.08846pt.
File: /Users/dantopa/GitHub//latex-2025//global//graphics/logos/sf-best.png Gra
phic file (type png)
<use /Users/dantopa/GitHub//latex-2025//global//graphics/logos/sf-best.png>
Package pdftex.def Info: /Users/dantopa/GitHub//latex-2025//global//graphics/lo
gos/sf-best.png  used on input line 156.
(pdftex.def)             Requested size: 16.20306pt x 16.21828pt.
File: /Users/dantopa/GitHub//latex-2025//global//graphics/logos/hii-01.png Grap
hic file (type png)
<use /Users/dantopa/GitHub//latex-2025//global//graphics/logos/hii-01.png>
Package pdftex.def Info: /Users/dantopa/GitHub//latex-2025//global//graphics/lo
gos/hii-01.png  used on input line 156.
(pdftex.def)             Requested size: 13.59386pt x 14.22636pt.

Overfull \hbox (1.46664pt too wide) has occurred while \output is active
[][][] [][][] 
 []

[294

]
Overfull \hbox (153.27747pt too wide) detected at line 166
[][][]
 []

File: /Users/dantopa/GitHub//latex-2025//global//graphics/logos/afrl-logo.png G
raphic file (type png)
<use /Users/dantopa/GitHub//latex-2025//global//graphics/logos/afrl-logo.png>
Package pdftex.def Info: /Users/dantopa/GitHub//latex-2025//global//graphics/lo
gos/afrl-logo.png  used on input line 166.
(pdftex.def)             Requested size: 43.77304pt x 14.22636pt.
File: /Users/dantopa/GitHub//latex-2025//global//graphics/logos/af-01.png Graph
ic file (type png)
<use /Users/dantopa/GitHub//latex-2025//global//graphics/logos/af-01.png>
Package pdftex.def Info: /Users/dantopa/GitHub//latex-2025//global//graphics/lo
gos/af-01.png  used on input line 166.
(pdftex.def)             Requested size: 14.84773pt x 13.08846pt.
File: /Users/dantopa/GitHub//latex-2025//global//graphics/logos/sf-best.png Gra
phic file (type png)
<use /Users/dantopa/GitHub//latex-2025//global//graphics/logos/sf-best.png>
Package pdftex.def Info: /Users/dantopa/GitHub//latex-2025//global//graphics/lo
gos/sf-best.png  used on input line 166.
(pdftex.def)             Requested size: 16.20306pt x 16.21828pt.
File: /Users/dantopa/GitHub//latex-2025//global//graphics/logos/hii-01.png Grap
hic file (type png)
<use /Users/dantopa/GitHub//latex-2025//global//graphics/logos/hii-01.png>
Package pdftex.def Info: /Users/dantopa/GitHub//latex-2025//global//graphics/lo
gos/hii-01.png  used on input line 166.
(pdftex.def)             Requested size: 13.59386pt x 14.22636pt.

Overfull \hbox (1.46664pt too wide) has occurred while \output is active
[][][] [][][] 
 []

[295

]

Package hyperref Warning: Token not allowed in a PDF string (PDFDocEncoding):
(hyperref)                removing `math shift' on input line 169.


Package hyperref Warning: Token not allowed in a PDF string (PDFDocEncoding):
(hyperref)                removing `math shift' on input line 169.

File: /Users/dantopa/GitHub//latex-2025//global//graphics/logos/afrl-logo.png G
raphic file (type png)
<use /Users/dantopa/GitHub//latex-2025//global//graphics/logos/afrl-logo.png>
Package pdftex.def Info: /Users/dantopa/GitHub//latex-2025//global//graphics/lo
gos/afrl-logo.png  used on input line 180.
(pdftex.def)             Requested size: 43.77304pt x 14.22636pt.
File: /Users/dantopa/GitHub//latex-2025//global//graphics/logos/af-01.png Graph
ic file (type png)
<use /Users/dantopa/GitHub//latex-2025//global//graphics/logos/af-01.png>
Package pdftex.def Info: /Users/dantopa/GitHub//latex-2025//global//graphics/lo
gos/af-01.png  used on input line 180.
(pdftex.def)             Requested size: 14.84773pt x 13.08846pt.
File: /Users/dantopa/GitHub//latex-2025//global//graphics/logos/sf-best.png Gra
phic file (type png)
<use /Users/dantopa/GitHub//latex-2025//global//graphics/logos/sf-best.png>
Package pdftex.def Info: /Users/dantopa/GitHub//latex-2025//global//graphics/lo
gos/sf-best.png  used on input line 180.
(pdftex.def)             Requested size: 16.20306pt x 16.21828pt.
File: /Users/dantopa/GitHub//latex-2025//global//graphics/logos/hii-01.png Grap
hic file (type png)
<use /Users/dantopa/GitHub//latex-2025//global//graphics/logos/hii-01.png>
Package pdftex.def Info: /Users/dantopa/GitHub//latex-2025//global//graphics/lo
gos/hii-01.png  used on input line 180.
(pdftex.def)             Requested size: 13.59386pt x 14.22636pt.

Overfull \hbox (1.46664pt too wide) has occurred while \output is active
[][][] [][][] 
 []

[296

]
File: /Users/dantopa/GitHub//latex-2025//global//graphics/logos/afrl-logo.png G
raphic file (type png)
<use /Users/dantopa/GitHub//latex-2025//global//graphics/logos/afrl-logo.png>
Package pdftex.def Info: /Users/dantopa/GitHub//latex-2025//global//graphics/lo
gos/afrl-logo.png  used on input line 192.
(pdftex.def)             Requested size: 43.77304pt x 14.22636pt.
File: /Users/dantopa/GitHub//latex-2025//global//graphics/logos/af-01.png Graph
ic file (type png)
<use /Users/dantopa/GitHub//latex-2025//global//graphics/logos/af-01.png>
Package pdftex.def Info: /Users/dantopa/GitHub//latex-2025//global//graphics/lo
gos/af-01.png  used on input line 192.
(pdftex.def)             Requested size: 14.84773pt x 13.08846pt.
File: /Users/dantopa/GitHub//latex-2025//global//graphics/logos/sf-best.png Gra
phic file (type png)
<use /Users/dantopa/GitHub//latex-2025//global//graphics/logos/sf-best.png>
Package pdftex.def Info: /Users/dantopa/GitHub//latex-2025//global//graphics/lo
gos/sf-best.png  used on input line 192.
(pdftex.def)             Requested size: 16.20306pt x 16.21828pt.
File: /Users/dantopa/GitHub//latex-2025//global//graphics/logos/hii-01.png Grap
hic file (type png)
<use /Users/dantopa/GitHub//latex-2025//global//graphics/logos/hii-01.png>
Package pdftex.def Info: /Users/dantopa/GitHub//latex-2025//global//graphics/lo
gos/hii-01.png  used on input line 192.
(pdftex.def)             Requested size: 13.59386pt x 14.22636pt.

Overfull \hbox (1.46664pt too wide) has occurred while \output is active
[][][] [][][] 
 []

[297

])
(/Users/dantopa/GitHub//latex-2025//pres/cwh-textbook//sections/sec-backup.tex
 !! CONTENT SETUP !! /Users/dantopa/GitHub//latex-2025//pres/cwh-textbook//sect
ions/"sec-backup.tex"
File: /Users/dantopa/GitHub//latex-2025//global//graphics/logos/afrl-logo.png G
raphic file (type png)
<use /Users/dantopa/GitHub//latex-2025//global//graphics/logos/afrl-logo.png>
Package pdftex.def Info: /Users/dantopa/GitHub//latex-2025//global//graphics/lo
gos/afrl-logo.png  used on input line 9.
(pdftex.def)             Requested size: 43.77304pt x 14.22636pt.
File: /Users/dantopa/GitHub//latex-2025//global//graphics/logos/af-01.png Graph
ic file (type png)
<use /Users/dantopa/GitHub//latex-2025//global//graphics/logos/af-01.png>
Package pdftex.def Info: /Users/dantopa/GitHub//latex-2025//global//graphics/lo
gos/af-01.png  used on input line 9.
(pdftex.def)             Requested size: 14.84773pt x 13.08846pt.
File: /Users/dantopa/GitHub//latex-2025//global//graphics/logos/sf-best.png Gra
phic file (type png)
<use /Users/dantopa/GitHub//latex-2025//global//graphics/logos/sf-best.png>
Package pdftex.def Info: /Users/dantopa/GitHub//latex-2025//global//graphics/lo
gos/sf-best.png  used on input line 9.
(pdftex.def)             Requested size: 16.20306pt x 16.21828pt.
File: /Users/dantopa/GitHub//latex-2025//global//graphics/logos/hii-01.png Grap
hic file (type png)
<use /Users/dantopa/GitHub//latex-2025//global//graphics/logos/hii-01.png>
Package pdftex.def Info: /Users/dantopa/GitHub//latex-2025//global//graphics/lo
gos/hii-01.png  used on input line 9.
(pdftex.def)             Requested size: 13.59386pt x 14.22636pt.

Overfull \hbox (1.46664pt too wide) has occurred while \output is active
[][][] [][][] 
 []

[298

]
(/Users/dantopa/GitHub//latex-2025//pres/cwh-textbook//sections//ssec-strays.te
x
 !! CONTENT SETUP !! /Users/dantopa/GitHub//latex-2025//pres/cwh-textbook//sect
ions/"ssec-strays.tex"
File: /Users/dantopa/GitHub//latex-2025//global//graphics/logos/afrl-logo.png G
raphic file (type png)
<use /Users/dantopa/GitHub//latex-2025//global//graphics/logos/afrl-logo.png>
Package pdftex.def Info: /Users/dantopa/GitHub//latex-2025//global//graphics/lo
gos/afrl-logo.png  used on input line 33.
(pdftex.def)             Requested size: 43.77304pt x 14.22636pt.
File: /Users/dantopa/GitHub//latex-2025//global//graphics/logos/af-01.png Graph
ic file (type png)
<use /Users/dantopa/GitHub//latex-2025//global//graphics/logos/af-01.png>
Package pdftex.def Info: /Users/dantopa/GitHub//latex-2025//global//graphics/lo
gos/af-01.png  used on input line 33.
(pdftex.def)             Requested size: 14.84773pt x 13.08846pt.
File: /Users/dantopa/GitHub//latex-2025//global//graphics/logos/sf-best.png Gra
phic file (type png)
<use /Users/dantopa/GitHub//latex-2025//global//graphics/logos/sf-best.png>
Package pdftex.def Info: /Users/dantopa/GitHub//latex-2025//global//graphics/lo
gos/sf-best.png  used on input line 33.
(pdftex.def)             Requested size: 16.20306pt x 16.21828pt.
File: /Users/dantopa/GitHub//latex-2025//global//graphics/logos/hii-01.png Grap
hic file (type png)
<use /Users/dantopa/GitHub//latex-2025//global//graphics/logos/hii-01.png>
Package pdftex.def Info: /Users/dantopa/GitHub//latex-2025//global//graphics/lo
gos/hii-01.png  used on input line 33.
(pdftex.def)             Requested size: 13.59386pt x 14.22636pt.

Overfull \hbox (1.46664pt too wide) has occurred while \output is active
[][][] [][][] 
 []

[299

]
File: /Users/dantopa/GitHub//latex-2025//global//graphics/logos/afrl-logo.png G
raphic file (type png)
<use /Users/dantopa/GitHub//latex-2025//global//graphics/logos/afrl-logo.png>
Package pdftex.def Info: /Users/dantopa/GitHub//latex-2025//global//graphics/lo
gos/afrl-logo.png  used on input line 33.
(pdftex.def)             Requested size: 43.77304pt x 14.22636pt.
File: /Users/dantopa/GitHub//latex-2025//global//graphics/logos/af-01.png Graph
ic file (type png)
<use /Users/dantopa/GitHub//latex-2025//global//graphics/logos/af-01.png>
Package pdftex.def Info: /Users/dantopa/GitHub//latex-2025//global//graphics/lo
gos/af-01.png  used on input line 33.
(pdftex.def)             Requested size: 14.84773pt x 13.08846pt.
File: /Users/dantopa/GitHub//latex-2025//global//graphics/logos/sf-best.png Gra
phic file (type png)
<use /Users/dantopa/GitHub//latex-2025//global//graphics/logos/sf-best.png>
Package pdftex.def Info: /Users/dantopa/GitHub//latex-2025//global//graphics/lo
gos/sf-best.png  used on input line 33.
(pdftex.def)             Requested size: 16.20306pt x 16.21828pt.
File: /Users/dantopa/GitHub//latex-2025//global//graphics/logos/hii-01.png Grap
hic file (type png)
<use /Users/dantopa/GitHub//latex-2025//global//graphics/logos/hii-01.png>
Package pdftex.def Info: /Users/dantopa/GitHub//latex-2025//global//graphics/lo
gos/hii-01.png  used on input line 33.
(pdftex.def)             Requested size: 13.59386pt x 14.22636pt.

Overfull \hbox (1.46664pt too wide) has occurred while \output is active
[][][] [][][] 
 []

[300


]
File: /Users/dantopa/GitHub//latex-2025//global//graphics/logos/afrl-logo.png G
raphic file (type png)
<use /Users/dantopa/GitHub//latex-2025//global//graphics/logos/afrl-logo.png>
Package pdftex.def Info: /Users/dantopa/GitHub//latex-2025//global//graphics/lo
gos/afrl-logo.png  used on input line 60.
(pdftex.def)             Requested size: 43.77304pt x 14.22636pt.
File: /Users/dantopa/GitHub//latex-2025//global//graphics/logos/af-01.png Graph
ic file (type png)
<use /Users/dantopa/GitHub//latex-2025//global//graphics/logos/af-01.png>
Package pdftex.def Info: /Users/dantopa/GitHub//latex-2025//global//graphics/lo
gos/af-01.png  used on input line 60.
(pdftex.def)             Requested size: 14.84773pt x 13.08846pt.
File: /Users/dantopa/GitHub//latex-2025//global//graphics/logos/sf-best.png Gra
phic file (type png)
<use /Users/dantopa/GitHub//latex-2025//global//graphics/logos/sf-best.png>
Package pdftex.def Info: /Users/dantopa/GitHub//latex-2025//global//graphics/lo
gos/sf-best.png  used on input line 60.
(pdftex.def)             Requested size: 16.20306pt x 16.21828pt.
File: /Users/dantopa/GitHub//latex-2025//global//graphics/logos/hii-01.png Grap
hic file (type png)
<use /Users/dantopa/GitHub//latex-2025//global//graphics/logos/hii-01.png>
Package pdftex.def Info: /Users/dantopa/GitHub//latex-2025//global//graphics/lo
gos/hii-01.png  used on input line 60.
(pdftex.def)             Requested size: 13.59386pt x 14.22636pt.

Overfull \hbox (1.46664pt too wide) has occurred while \output is active
[][][] [][][] 
 []

[301

]
File: /Users/dantopa/GitHub//latex-2025//global//graphics/logos/afrl-logo.png G
raphic file (type png)
<use /Users/dantopa/GitHub//latex-2025//global//graphics/logos/afrl-logo.png>
Package pdftex.def Info: /Users/dantopa/GitHub//latex-2025//global//graphics/lo
gos/afrl-logo.png  used on input line 60.
(pdftex.def)             Requested size: 43.77304pt x 14.22636pt.
File: /Users/dantopa/GitHub//latex-2025//global//graphics/logos/af-01.png Graph
ic file (type png)
<use /Users/dantopa/GitHub//latex-2025//global//graphics/logos/af-01.png>
Package pdftex.def Info: /Users/dantopa/GitHub//latex-2025//global//graphics/lo
gos/af-01.png  used on input line 60.
(pdftex.def)             Requested size: 14.84773pt x 13.08846pt.
File: /Users/dantopa/GitHub//latex-2025//global//graphics/logos/sf-best.png Gra
phic file (type png)
<use /Users/dantopa/GitHub//latex-2025//global//graphics/logos/sf-best.png>
Package pdftex.def Info: /Users/dantopa/GitHub//latex-2025//global//graphics/lo
gos/sf-best.png  used on input line 60.
(pdftex.def)             Requested size: 16.20306pt x 16.21828pt.
File: /Users/dantopa/GitHub//latex-2025//global//graphics/logos/hii-01.png Grap
hic file (type png)
<use /Users/dantopa/GitHub//latex-2025//global//graphics/logos/hii-01.png>
Package pdftex.def Info: /Users/dantopa/GitHub//latex-2025//global//graphics/lo
gos/hii-01.png  used on input line 60.
(pdftex.def)             Requested size: 13.59386pt x 14.22636pt.

Overfull \hbox (1.46664pt too wide) has occurred while \output is active
[][][] [][][] 
 []

[302


]
File: /Users/dantopa/GitHub//latex-2025//global//graphics/logos/afrl-logo.png G
raphic file (type png)
<use /Users/dantopa/GitHub//latex-2025//global//graphics/logos/afrl-logo.png>
Package pdftex.def Info: /Users/dantopa/GitHub//latex-2025//global//graphics/lo
gos/afrl-logo.png  used on input line 77.
(pdftex.def)             Requested size: 43.77304pt x 14.22636pt.
File: /Users/dantopa/GitHub//latex-2025//global//graphics/logos/af-01.png Graph
ic file (type png)
<use /Users/dantopa/GitHub//latex-2025//global//graphics/logos/af-01.png>
Package pdftex.def Info: /Users/dantopa/GitHub//latex-2025//global//graphics/lo
gos/af-01.png  used on input line 77.
(pdftex.def)             Requested size: 14.84773pt x 13.08846pt.
File: /Users/dantopa/GitHub//latex-2025//global//graphics/logos/sf-best.png Gra
phic file (type png)
<use /Users/dantopa/GitHub//latex-2025//global//graphics/logos/sf-best.png>
Package pdftex.def Info: /Users/dantopa/GitHub//latex-2025//global//graphics/lo
gos/sf-best.png  used on input line 77.
(pdftex.def)             Requested size: 16.20306pt x 16.21828pt.
File: /Users/dantopa/GitHub//latex-2025//global//graphics/logos/hii-01.png Grap
hic file (type png)
<use /Users/dantopa/GitHub//latex-2025//global//graphics/logos/hii-01.png>
Package pdftex.def Info: /Users/dantopa/GitHub//latex-2025//global//graphics/lo
gos/hii-01.png  used on input line 77.
(pdftex.def)             Requested size: 13.59386pt x 14.22636pt.

Overfull \hbox (1.46664pt too wide) has occurred while \output is active
[][][] [][][] 
 []

[303

]
File: /Users/dantopa/GitHub//latex-2025//global//graphics/logos/afrl-logo.png G
raphic file (type png)
<use /Users/dantopa/GitHub//latex-2025//global//graphics/logos/afrl-logo.png>
Package pdftex.def Info: /Users/dantopa/GitHub//latex-2025//global//graphics/lo
gos/afrl-logo.png  used on input line 96.
(pdftex.def)             Requested size: 43.77304pt x 14.22636pt.
File: /Users/dantopa/GitHub//latex-2025//global//graphics/logos/af-01.png Graph
ic file (type png)
<use /Users/dantopa/GitHub//latex-2025//global//graphics/logos/af-01.png>
Package pdftex.def Info: /Users/dantopa/GitHub//latex-2025//global//graphics/lo
gos/af-01.png  used on input line 96.
(pdftex.def)             Requested size: 14.84773pt x 13.08846pt.
File: /Users/dantopa/GitHub//latex-2025//global//graphics/logos/sf-best.png Gra
phic file (type png)
<use /Users/dantopa/GitHub//latex-2025//global//graphics/logos/sf-best.png>
Package pdftex.def Info: /Users/dantopa/GitHub//latex-2025//global//graphics/lo
gos/sf-best.png  used on input line 96.
(pdftex.def)             Requested size: 16.20306pt x 16.21828pt.
File: /Users/dantopa/GitHub//latex-2025//global//graphics/logos/hii-01.png Grap
hic file (type png)
<use /Users/dantopa/GitHub//latex-2025//global//graphics/logos/hii-01.png>
Package pdftex.def Info: /Users/dantopa/GitHub//latex-2025//global//graphics/lo
gos/hii-01.png  used on input line 96.
(pdftex.def)             Requested size: 13.59386pt x 14.22636pt.

Overfull \hbox (1.46664pt too wide) has occurred while \output is active
[][][] [][][] 
 []

[304

]
File: /Users/dantopa/GitHub//latex-2025//global//graphics/logos/afrl-logo.png G
raphic file (type png)
<use /Users/dantopa/GitHub//latex-2025//global//graphics/logos/afrl-logo.png>
Package pdftex.def Info: /Users/dantopa/GitHub//latex-2025//global//graphics/lo
gos/afrl-logo.png  used on input line 117.
(pdftex.def)             Requested size: 43.77304pt x 14.22636pt.
File: /Users/dantopa/GitHub//latex-2025//global//graphics/logos/af-01.png Graph
ic file (type png)
<use /Users/dantopa/GitHub//latex-2025//global//graphics/logos/af-01.png>
Package pdftex.def Info: /Users/dantopa/GitHub//latex-2025//global//graphics/lo
gos/af-01.png  used on input line 117.
(pdftex.def)             Requested size: 14.84773pt x 13.08846pt.
File: /Users/dantopa/GitHub//latex-2025//global//graphics/logos/sf-best.png Gra
phic file (type png)
<use /Users/dantopa/GitHub//latex-2025//global//graphics/logos/sf-best.png>
Package pdftex.def Info: /Users/dantopa/GitHub//latex-2025//global//graphics/lo
gos/sf-best.png  used on input line 117.
(pdftex.def)             Requested size: 16.20306pt x 16.21828pt.
File: /Users/dantopa/GitHub//latex-2025//global//graphics/logos/hii-01.png Grap
hic file (type png)
<use /Users/dantopa/GitHub//latex-2025//global//graphics/logos/hii-01.png>
Package pdftex.def Info: /Users/dantopa/GitHub//latex-2025//global//graphics/lo
gos/hii-01.png  used on input line 117.
(pdftex.def)             Requested size: 13.59386pt x 14.22636pt.

Overfull \hbox (1.46664pt too wide) has occurred while \output is active
[][][] [][][] 
 []

[305

]
File: /Users/dantopa/GitHub//latex-2025//global//graphics/logos/afrl-logo.png G
raphic file (type png)
<use /Users/dantopa/GitHub//latex-2025//global//graphics/logos/afrl-logo.png>
Package pdftex.def Info: /Users/dantopa/GitHub//latex-2025//global//graphics/lo
gos/afrl-logo.png  used on input line 117.
(pdftex.def)             Requested size: 43.77304pt x 14.22636pt.
File: /Users/dantopa/GitHub//latex-2025//global//graphics/logos/af-01.png Graph
ic file (type png)
<use /Users/dantopa/GitHub//latex-2025//global//graphics/logos/af-01.png>
Package pdftex.def Info: /Users/dantopa/GitHub//latex-2025//global//graphics/lo
gos/af-01.png  used on input line 117.
(pdftex.def)             Requested size: 14.84773pt x 13.08846pt.
File: /Users/dantopa/GitHub//latex-2025//global//graphics/logos/sf-best.png Gra
phic file (type png)
<use /Users/dantopa/GitHub//latex-2025//global//graphics/logos/sf-best.png>
Package pdftex.def Info: /Users/dantopa/GitHub//latex-2025//global//graphics/lo
gos/sf-best.png  used on input line 117.
(pdftex.def)             Requested size: 16.20306pt x 16.21828pt.
File: /Users/dantopa/GitHub//latex-2025//global//graphics/logos/hii-01.png Grap
hic file (type png)
<use /Users/dantopa/GitHub//latex-2025//global//graphics/logos/hii-01.png>
Package pdftex.def Info: /Users/dantopa/GitHub//latex-2025//global//graphics/lo
gos/hii-01.png  used on input line 117.
(pdftex.def)             Requested size: 13.59386pt x 14.22636pt.

Overfull \hbox (1.46664pt too wide) has occurred while \output is active
[][][] [][][] 
 []

[306


]
LaTeX Font Info:    Trying to load font information for T1+lmr on input line 13
6.
 (/usr/local/texlive/2020/texmf-dist/tex/latex/lm/t1lmr.fd
File: t1lmr.fd 2009/10/30 v1.6 Font defs for Latin Modern
)
File: /Users/dantopa/GitHub//latex-2025//global//graphics/logos/afrl-logo.png G
raphic file (type png)
<use /Users/dantopa/GitHub//latex-2025//global//graphics/logos/afrl-logo.png>
Package pdftex.def Info: /Users/dantopa/GitHub//latex-2025//global//graphics/lo
gos/afrl-logo.png  used on input line 136.
(pdftex.def)             Requested size: 43.77304pt x 14.22636pt.
File: /Users/dantopa/GitHub//latex-2025//global//graphics/logos/af-01.png Graph
ic file (type png)
<use /Users/dantopa/GitHub//latex-2025//global//graphics/logos/af-01.png>
Package pdftex.def Info: /Users/dantopa/GitHub//latex-2025//global//graphics/lo
gos/af-01.png  used on input line 136.
(pdftex.def)             Requested size: 14.84773pt x 13.08846pt.
File: /Users/dantopa/GitHub//latex-2025//global//graphics/logos/sf-best.png Gra
phic file (type png)
<use /Users/dantopa/GitHub//latex-2025//global//graphics/logos/sf-best.png>
Package pdftex.def Info: /Users/dantopa/GitHub//latex-2025//global//graphics/lo
gos/sf-best.png  used on input line 136.
(pdftex.def)             Requested size: 16.20306pt x 16.21828pt.
File: /Users/dantopa/GitHub//latex-2025//global//graphics/logos/hii-01.png Grap
hic file (type png)
<use /Users/dantopa/GitHub//latex-2025//global//graphics/logos/hii-01.png>
Package pdftex.def Info: /Users/dantopa/GitHub//latex-2025//global//graphics/lo
gos/hii-01.png  used on input line 136.
(pdftex.def)             Requested size: 13.59386pt x 14.22636pt.

Overfull \hbox (1.46664pt too wide) has occurred while \output is active
[][][] [][][] 
 []

[307

]
File: /Users/dantopa/GitHub//latex-2025//global//graphics/logos/afrl-logo.png G
raphic file (type png)
<use /Users/dantopa/GitHub//latex-2025//global//graphics/logos/afrl-logo.png>
Package pdftex.def Info: /Users/dantopa/GitHub//latex-2025//global//graphics/lo
gos/afrl-logo.png  used on input line 153.
(pdftex.def)             Requested size: 43.77304pt x 14.22636pt.
File: /Users/dantopa/GitHub//latex-2025//global//graphics/logos/af-01.png Graph
ic file (type png)
<use /Users/dantopa/GitHub//latex-2025//global//graphics/logos/af-01.png>
Package pdftex.def Info: /Users/dantopa/GitHub//latex-2025//global//graphics/lo
gos/af-01.png  used on input line 153.
(pdftex.def)             Requested size: 14.84773pt x 13.08846pt.
File: /Users/dantopa/GitHub//latex-2025//global//graphics/logos/sf-best.png Gra
phic file (type png)
<use /Users/dantopa/GitHub//latex-2025//global//graphics/logos/sf-best.png>
Package pdftex.def Info: /Users/dantopa/GitHub//latex-2025//global//graphics/lo
gos/sf-best.png  used on input line 153.
(pdftex.def)             Requested size: 16.20306pt x 16.21828pt.
File: /Users/dantopa/GitHub//latex-2025//global//graphics/logos/hii-01.png Grap
hic file (type png)
<use /Users/dantopa/GitHub//latex-2025//global//graphics/logos/hii-01.png>
Package pdftex.def Info: /Users/dantopa/GitHub//latex-2025//global//graphics/lo
gos/hii-01.png  used on input line 153.
(pdftex.def)             Requested size: 13.59386pt x 14.22636pt.

Overfull \hbox (1.46664pt too wide) has occurred while \output is active
[][][] [][][] 
 []

[308

]
(/Users/dantopa/GitHub//latex-2025//global//libs//elements//theorems/thm-rank-n
ullity-meyer-color.tex
 !! CONTENT SETUP !! /Users/dantopa/GitHub//latex-2025//global//libs//elements/
/theorems/"thm-rank-nullity-meyer-color.tex"
)
File: /Users/dantopa/GitHub//latex-2025//global//graphics/logos/afrl-logo.png G
raphic file (type png)
<use /Users/dantopa/GitHub//latex-2025//global//graphics/logos/afrl-logo.png>
Package pdftex.def Info: /Users/dantopa/GitHub//latex-2025//global//graphics/lo
gos/afrl-logo.png  used on input line 157.
(pdftex.def)             Requested size: 43.77304pt x 14.22636pt.
File: /Users/dantopa/GitHub//latex-2025//global//graphics/logos/af-01.png Graph
ic file (type png)
<use /Users/dantopa/GitHub//latex-2025//global//graphics/logos/af-01.png>
Package pdftex.def Info: /Users/dantopa/GitHub//latex-2025//global//graphics/lo
gos/af-01.png  used on input line 157.
(pdftex.def)             Requested size: 14.84773pt x 13.08846pt.
File: /Users/dantopa/GitHub//latex-2025//global//graphics/logos/sf-best.png Gra
phic file (type png)
<use /Users/dantopa/GitHub//latex-2025//global//graphics/logos/sf-best.png>
Package pdftex.def Info: /Users/dantopa/GitHub//latex-2025//global//graphics/lo
gos/sf-best.png  used on input line 157.
(pdftex.def)             Requested size: 16.20306pt x 16.21828pt.
File: /Users/dantopa/GitHub//latex-2025//global//graphics/logos/hii-01.png Grap
hic file (type png)
<use /Users/dantopa/GitHub//latex-2025//global//graphics/logos/hii-01.png>
Package pdftex.def Info: /Users/dantopa/GitHub//latex-2025//global//graphics/lo
gos/hii-01.png  used on input line 157.
(pdftex.def)             Requested size: 13.59386pt x 14.22636pt.

Overfull \hbox (1.46664pt too wide) has occurred while \output is active
[][][] [][][] 
 []

[309

]
File: /Users/dantopa/GitHub//latex-2025//global//graphics/logos/afrl-logo.png G
raphic file (type png)
<use /Users/dantopa/GitHub//latex-2025//global//graphics/logos/afrl-logo.png>
Package pdftex.def Info: /Users/dantopa/GitHub//latex-2025//global//graphics/lo
gos/afrl-logo.png  used on input line 174.
(pdftex.def)             Requested size: 43.77304pt x 14.22636pt.
File: /Users/dantopa/GitHub//latex-2025//global//graphics/logos/af-01.png Graph
ic file (type png)
<use /Users/dantopa/GitHub//latex-2025//global//graphics/logos/af-01.png>
Package pdftex.def Info: /Users/dantopa/GitHub//latex-2025//global//graphics/lo
gos/af-01.png  used on input line 174.
(pdftex.def)             Requested size: 14.84773pt x 13.08846pt.
File: /Users/dantopa/GitHub//latex-2025//global//graphics/logos/sf-best.png Gra
phic file (type png)
<use /Users/dantopa/GitHub//latex-2025//global//graphics/logos/sf-best.png>
Package pdftex.def Info: /Users/dantopa/GitHub//latex-2025//global//graphics/lo
gos/sf-best.png  used on input line 174.
(pdftex.def)             Requested size: 16.20306pt x 16.21828pt.
File: /Users/dantopa/GitHub//latex-2025//global//graphics/logos/hii-01.png Grap
hic file (type png)
<use /Users/dantopa/GitHub//latex-2025//global//graphics/logos/hii-01.png>
Package pdftex.def Info: /Users/dantopa/GitHub//latex-2025//global//graphics/lo
gos/hii-01.png  used on input line 174.
(pdftex.def)             Requested size: 13.59386pt x 14.22636pt.

Overfull \hbox (1.46664pt too wide) has occurred while \output is active
[][][] [][][] 
 []

[310

]
File: /Users/dantopa/GitHub//latex-2025//global//graphics/logos/afrl-logo.png G
raphic file (type png)
<use /Users/dantopa/GitHub//latex-2025//global//graphics/logos/afrl-logo.png>
Package pdftex.def Info: /Users/dantopa/GitHub//latex-2025//global//graphics/lo
gos/afrl-logo.png  used on input line 186.
(pdftex.def)             Requested size: 43.77304pt x 14.22636pt.
File: /Users/dantopa/GitHub//latex-2025//global//graphics/logos/af-01.png Graph
ic file (type png)
<use /Users/dantopa/GitHub//latex-2025//global//graphics/logos/af-01.png>
Package pdftex.def Info: /Users/dantopa/GitHub//latex-2025//global//graphics/lo
gos/af-01.png  used on input line 186.
(pdftex.def)             Requested size: 14.84773pt x 13.08846pt.
File: /Users/dantopa/GitHub//latex-2025//global//graphics/logos/sf-best.png Gra
phic file (type png)
<use /Users/dantopa/GitHub//latex-2025//global//graphics/logos/sf-best.png>
Package pdftex.def Info: /Users/dantopa/GitHub//latex-2025//global//graphics/lo
gos/sf-best.png  used on input line 186.
(pdftex.def)             Requested size: 16.20306pt x 16.21828pt.
File: /Users/dantopa/GitHub//latex-2025//global//graphics/logos/hii-01.png Grap
hic file (type png)
<use /Users/dantopa/GitHub//latex-2025//global//graphics/logos/hii-01.png>
Package pdftex.def Info: /Users/dantopa/GitHub//latex-2025//global//graphics/lo
gos/hii-01.png  used on input line 186.
(pdftex.def)             Requested size: 13.59386pt x 14.22636pt.

Overfull \hbox (1.46664pt too wide) has occurred while \output is active
[][][] [][][] 
 []

[311

]
File: /Users/dantopa/GitHub//latex-2025//global//graphics/logos/afrl-logo.png G
raphic file (type png)
<use /Users/dantopa/GitHub//latex-2025//global//graphics/logos/afrl-logo.png>
Package pdftex.def Info: /Users/dantopa/GitHub//latex-2025//global//graphics/lo
gos/afrl-logo.png  used on input line 196.
(pdftex.def)             Requested size: 43.77304pt x 14.22636pt.
File: /Users/dantopa/GitHub//latex-2025//global//graphics/logos/af-01.png Graph
ic file (type png)
<use /Users/dantopa/GitHub//latex-2025//global//graphics/logos/af-01.png>
Package pdftex.def Info: /Users/dantopa/GitHub//latex-2025//global//graphics/lo
gos/af-01.png  used on input line 196.
(pdftex.def)             Requested size: 14.84773pt x 13.08846pt.
File: /Users/dantopa/GitHub//latex-2025//global//graphics/logos/sf-best.png Gra
phic file (type png)
<use /Users/dantopa/GitHub//latex-2025//global//graphics/logos/sf-best.png>
Package pdftex.def Info: /Users/dantopa/GitHub//latex-2025//global//graphics/lo
gos/sf-best.png  used on input line 196.
(pdftex.def)             Requested size: 16.20306pt x 16.21828pt.
File: /Users/dantopa/GitHub//latex-2025//global//graphics/logos/hii-01.png Grap
hic file (type png)
<use /Users/dantopa/GitHub//latex-2025//global//graphics/logos/hii-01.png>
Package pdftex.def Info: /Users/dantopa/GitHub//latex-2025//global//graphics/lo
gos/hii-01.png  used on input line 196.
(pdftex.def)             Requested size: 13.59386pt x 14.22636pt.

Overfull \hbox (1.46664pt too wide) has occurred while \output is active
[][][] [][][] 
 []

[312

]
File: /Users/dantopa/GitHub//latex-2025//global//graphics/logos/afrl-logo.png G
raphic file (type png)
<use /Users/dantopa/GitHub//latex-2025//global//graphics/logos/afrl-logo.png>
Package pdftex.def Info: /Users/dantopa/GitHub//latex-2025//global//graphics/lo
gos/afrl-logo.png  used on input line 218.
(pdftex.def)             Requested size: 43.77304pt x 14.22636pt.
File: /Users/dantopa/GitHub//latex-2025//global//graphics/logos/af-01.png Graph
ic file (type png)
<use /Users/dantopa/GitHub//latex-2025//global//graphics/logos/af-01.png>
Package pdftex.def Info: /Users/dantopa/GitHub//latex-2025//global//graphics/lo
gos/af-01.png  used on input line 218.
(pdftex.def)             Requested size: 14.84773pt x 13.08846pt.
File: /Users/dantopa/GitHub//latex-2025//global//graphics/logos/sf-best.png Gra
phic file (type png)
<use /Users/dantopa/GitHub//latex-2025//global//graphics/logos/sf-best.png>
Package pdftex.def Info: /Users/dantopa/GitHub//latex-2025//global//graphics/lo
gos/sf-best.png  used on input line 218.
(pdftex.def)             Requested size: 16.20306pt x 16.21828pt.
File: /Users/dantopa/GitHub//latex-2025//global//graphics/logos/hii-01.png Grap
hic file (type png)
<use /Users/dantopa/GitHub//latex-2025//global//graphics/logos/hii-01.png>
Package pdftex.def Info: /Users/dantopa/GitHub//latex-2025//global//graphics/lo
gos/hii-01.png  used on input line 218.
(pdftex.def)             Requested size: 13.59386pt x 14.22636pt.

Overfull \hbox (1.46664pt too wide) has occurred while \output is active
[][][] [][][] 
 []

[313

]
File: /Users/dantopa/GitHub//latex-2025//global//graphics/logos/afrl-logo.png G
raphic file (type png)
<use /Users/dantopa/GitHub//latex-2025//global//graphics/logos/afrl-logo.png>
Package pdftex.def Info: /Users/dantopa/GitHub//latex-2025//global//graphics/lo
gos/afrl-logo.png  used on input line 246.
(pdftex.def)             Requested size: 43.77304pt x 14.22636pt.
File: /Users/dantopa/GitHub//latex-2025//global//graphics/logos/af-01.png Graph
ic file (type png)
<use /Users/dantopa/GitHub//latex-2025//global//graphics/logos/af-01.png>
Package pdftex.def Info: /Users/dantopa/GitHub//latex-2025//global//graphics/lo
gos/af-01.png  used on input line 246.
(pdftex.def)             Requested size: 14.84773pt x 13.08846pt.
File: /Users/dantopa/GitHub//latex-2025//global//graphics/logos/sf-best.png Gra
phic file (type png)
<use /Users/dantopa/GitHub//latex-2025//global//graphics/logos/sf-best.png>
Package pdftex.def Info: /Users/dantopa/GitHub//latex-2025//global//graphics/lo
gos/sf-best.png  used on input line 246.
(pdftex.def)             Requested size: 16.20306pt x 16.21828pt.
File: /Users/dantopa/GitHub//latex-2025//global//graphics/logos/hii-01.png Grap
hic file (type png)
<use /Users/dantopa/GitHub//latex-2025//global//graphics/logos/hii-01.png>
Package pdftex.def Info: /Users/dantopa/GitHub//latex-2025//global//graphics/lo
gos/hii-01.png  used on input line 246.
(pdftex.def)             Requested size: 13.59386pt x 14.22636pt.

Overfull \hbox (1.46664pt too wide) has occurred while \output is active
[][][] [][][] 
 []

[314

]
File: /Users/dantopa/GitHub//latex-2025//global//graphics/logos/afrl-logo.png G
raphic file (type png)
<use /Users/dantopa/GitHub//latex-2025//global//graphics/logos/afrl-logo.png>
Package pdftex.def Info: /Users/dantopa/GitHub//latex-2025//global//graphics/lo
gos/afrl-logo.png  used on input line 266.
(pdftex.def)             Requested size: 43.77304pt x 14.22636pt.
File: /Users/dantopa/GitHub//latex-2025//global//graphics/logos/af-01.png Graph
ic file (type png)
<use /Users/dantopa/GitHub//latex-2025//global//graphics/logos/af-01.png>
Package pdftex.def Info: /Users/dantopa/GitHub//latex-2025//global//graphics/lo
gos/af-01.png  used on input line 266.
(pdftex.def)             Requested size: 14.84773pt x 13.08846pt.
File: /Users/dantopa/GitHub//latex-2025//global//graphics/logos/sf-best.png Gra
phic file (type png)
<use /Users/dantopa/GitHub//latex-2025//global//graphics/logos/sf-best.png>
Package pdftex.def Info: /Users/dantopa/GitHub//latex-2025//global//graphics/lo
gos/sf-best.png  used on input line 266.
(pdftex.def)             Requested size: 16.20306pt x 16.21828pt.
File: /Users/dantopa/GitHub//latex-2025//global//graphics/logos/hii-01.png Grap
hic file (type png)
<use /Users/dantopa/GitHub//latex-2025//global//graphics/logos/hii-01.png>
Package pdftex.def Info: /Users/dantopa/GitHub//latex-2025//global//graphics/lo
gos/hii-01.png  used on input line 266.
(pdftex.def)             Requested size: 13.59386pt x 14.22636pt.

Overfull \hbox (1.46664pt too wide) has occurred while \output is active
[][][] [][][] 
 []

[315

]
File: /Users/dantopa/GitHub//latex-2025//global//graphics/logos/afrl-logo.png G
raphic file (type png)
<use /Users/dantopa/GitHub//latex-2025//global//graphics/logos/afrl-logo.png>
Package pdftex.def Info: /Users/dantopa/GitHub//latex-2025//global//graphics/lo
gos/afrl-logo.png  used on input line 284.
(pdftex.def)             Requested size: 43.77304pt x 14.22636pt.
File: /Users/dantopa/GitHub//latex-2025//global//graphics/logos/af-01.png Graph
ic file (type png)
<use /Users/dantopa/GitHub//latex-2025//global//graphics/logos/af-01.png>
Package pdftex.def Info: /Users/dantopa/GitHub//latex-2025//global//graphics/lo
gos/af-01.png  used on input line 284.
(pdftex.def)             Requested size: 14.84773pt x 13.08846pt.
File: /Users/dantopa/GitHub//latex-2025//global//graphics/logos/sf-best.png Gra
phic file (type png)
<use /Users/dantopa/GitHub//latex-2025//global//graphics/logos/sf-best.png>
Package pdftex.def Info: /Users/dantopa/GitHub//latex-2025//global//graphics/lo
gos/sf-best.png  used on input line 284.
(pdftex.def)             Requested size: 16.20306pt x 16.21828pt.
File: /Users/dantopa/GitHub//latex-2025//global//graphics/logos/hii-01.png Grap
hic file (type png)
<use /Users/dantopa/GitHub//latex-2025//global//graphics/logos/hii-01.png>
Package pdftex.def Info: /Users/dantopa/GitHub//latex-2025//global//graphics/lo
gos/hii-01.png  used on input line 284.
(pdftex.def)             Requested size: 13.59386pt x 14.22636pt.

Overfull \hbox (1.46664pt too wide) has occurred while \output is active
[][][] [][][] 
 []

[316

]pdfTeX warning (ext4): destination with the same identifier (name{tab:case-1})
 has been already used, duplicate ignored
<to be read again> 
                   \relax 
l.307 \end{frame}
                 
File: /Users/dantopa/GitHub//latex-2025//global//graphics/logos/afrl-logo.png G
raphic file (type png)
<use /Users/dantopa/GitHub//latex-2025//global//graphics/logos/afrl-logo.png>
Package pdftex.def Info: /Users/dantopa/GitHub//latex-2025//global//graphics/lo
gos/afrl-logo.png  used on input line 307.
(pdftex.def)             Requested size: 43.77304pt x 14.22636pt.
File: /Users/dantopa/GitHub//latex-2025//global//graphics/logos/af-01.png Graph
ic file (type png)
<use /Users/dantopa/GitHub//latex-2025//global//graphics/logos/af-01.png>
Package pdftex.def Info: /Users/dantopa/GitHub//latex-2025//global//graphics/lo
gos/af-01.png  used on input line 307.
(pdftex.def)             Requested size: 14.84773pt x 13.08846pt.
File: /Users/dantopa/GitHub//latex-2025//global//graphics/logos/sf-best.png Gra
phic file (type png)
<use /Users/dantopa/GitHub//latex-2025//global//graphics/logos/sf-best.png>
Package pdftex.def Info: /Users/dantopa/GitHub//latex-2025//global//graphics/lo
gos/sf-best.png  used on input line 307.
(pdftex.def)             Requested size: 16.20306pt x 16.21828pt.
File: /Users/dantopa/GitHub//latex-2025//global//graphics/logos/hii-01.png Grap
hic file (type png)
<use /Users/dantopa/GitHub//latex-2025//global//graphics/logos/hii-01.png>
Package pdftex.def Info: /Users/dantopa/GitHub//latex-2025//global//graphics/lo
gos/hii-01.png  used on input line 307.
(pdftex.def)             Requested size: 13.59386pt x 14.22636pt.

Overfull \hbox (1.46664pt too wide) has occurred while \output is active
[][][] [][][] 
 []

[317

]
File: /Users/dantopa/GitHub//latex-2025//global//graphics/logos/afrl-logo.png G
raphic file (type png)
<use /Users/dantopa/GitHub//latex-2025//global//graphics/logos/afrl-logo.png>
Package pdftex.def Info: /Users/dantopa/GitHub//latex-2025//global//graphics/lo
gos/afrl-logo.png  used on input line 327.
(pdftex.def)             Requested size: 43.77304pt x 14.22636pt.
File: /Users/dantopa/GitHub//latex-2025//global//graphics/logos/af-01.png Graph
ic file (type png)
<use /Users/dantopa/GitHub//latex-2025//global//graphics/logos/af-01.png>
Package pdftex.def Info: /Users/dantopa/GitHub//latex-2025//global//graphics/lo
gos/af-01.png  used on input line 327.
(pdftex.def)             Requested size: 14.84773pt x 13.08846pt.
File: /Users/dantopa/GitHub//latex-2025//global//graphics/logos/sf-best.png Gra
phic file (type png)
<use /Users/dantopa/GitHub//latex-2025//global//graphics/logos/sf-best.png>
Package pdftex.def Info: /Users/dantopa/GitHub//latex-2025//global//graphics/lo
gos/sf-best.png  used on input line 327.
(pdftex.def)             Requested size: 16.20306pt x 16.21828pt.
File: /Users/dantopa/GitHub//latex-2025//global//graphics/logos/hii-01.png Grap
hic file (type png)
<use /Users/dantopa/GitHub//latex-2025//global//graphics/logos/hii-01.png>
Package pdftex.def Info: /Users/dantopa/GitHub//latex-2025//global//graphics/lo
gos/hii-01.png  used on input line 327.
(pdftex.def)             Requested size: 13.59386pt x 14.22636pt.

Overfull \hbox (1.46664pt too wide) has occurred while \output is active
[][][] [][][] 
 []

[318

]pdfTeX warning (ext4): destination with the same identifier (name{tab:case-1})
 has been already used, duplicate ignored
<to be read again> 
                   \relax 
l.350 \end{frame}
                 
File: /Users/dantopa/GitHub//latex-2025//global//graphics/logos/afrl-logo.png G
raphic file (type png)
<use /Users/dantopa/GitHub//latex-2025//global//graphics/logos/afrl-logo.png>
Package pdftex.def Info: /Users/dantopa/GitHub//latex-2025//global//graphics/lo
gos/afrl-logo.png  used on input line 350.
(pdftex.def)             Requested size: 43.77304pt x 14.22636pt.
File: /Users/dantopa/GitHub//latex-2025//global//graphics/logos/af-01.png Graph
ic file (type png)
<use /Users/dantopa/GitHub//latex-2025//global//graphics/logos/af-01.png>
Package pdftex.def Info: /Users/dantopa/GitHub//latex-2025//global//graphics/lo
gos/af-01.png  used on input line 350.
(pdftex.def)             Requested size: 14.84773pt x 13.08846pt.
File: /Users/dantopa/GitHub//latex-2025//global//graphics/logos/sf-best.png Gra
phic file (type png)
<use /Users/dantopa/GitHub//latex-2025//global//graphics/logos/sf-best.png>
Package pdftex.def Info: /Users/dantopa/GitHub//latex-2025//global//graphics/lo
gos/sf-best.png  used on input line 350.
(pdftex.def)             Requested size: 16.20306pt x 16.21828pt.
File: /Users/dantopa/GitHub//latex-2025//global//graphics/logos/hii-01.png Grap
hic file (type png)
<use /Users/dantopa/GitHub//latex-2025//global//graphics/logos/hii-01.png>
Package pdftex.def Info: /Users/dantopa/GitHub//latex-2025//global//graphics/lo
gos/hii-01.png  used on input line 350.
(pdftex.def)             Requested size: 13.59386pt x 14.22636pt.

Overfull \hbox (1.46664pt too wide) has occurred while \output is active
[][][] [][][] 
 []

[319

]
File: /Users/dantopa/GitHub//latex-2025//global//graphics/logos/afrl-logo.png G
raphic file (type png)
<use /Users/dantopa/GitHub//latex-2025//global//graphics/logos/afrl-logo.png>
Package pdftex.def Info: /Users/dantopa/GitHub//latex-2025//global//graphics/lo
gos/afrl-logo.png  used on input line 370.
(pdftex.def)             Requested size: 43.77304pt x 14.22636pt.
File: /Users/dantopa/GitHub//latex-2025//global//graphics/logos/af-01.png Graph
ic file (type png)
<use /Users/dantopa/GitHub//latex-2025//global//graphics/logos/af-01.png>
Package pdftex.def Info: /Users/dantopa/GitHub//latex-2025//global//graphics/lo
gos/af-01.png  used on input line 370.
(pdftex.def)             Requested size: 14.84773pt x 13.08846pt.
File: /Users/dantopa/GitHub//latex-2025//global//graphics/logos/sf-best.png Gra
phic file (type png)
<use /Users/dantopa/GitHub//latex-2025//global//graphics/logos/sf-best.png>
Package pdftex.def Info: /Users/dantopa/GitHub//latex-2025//global//graphics/lo
gos/sf-best.png  used on input line 370.
(pdftex.def)             Requested size: 16.20306pt x 16.21828pt.
File: /Users/dantopa/GitHub//latex-2025//global//graphics/logos/hii-01.png Grap
hic file (type png)
<use /Users/dantopa/GitHub//latex-2025//global//graphics/logos/hii-01.png>
Package pdftex.def Info: /Users/dantopa/GitHub//latex-2025//global//graphics/lo
gos/hii-01.png  used on input line 370.
(pdftex.def)             Requested size: 13.59386pt x 14.22636pt.

Overfull \hbox (1.46664pt too wide) has occurred while \output is active
[][][] [][][] 
 []

[320

])
(/Users/dantopa/GitHub//latex-2025//pres/cwh-textbook//sections//ssec-cw-wikipe
dia.tex
 !! CONTENT SETUP !! /Users/dantopa/GitHub//latex-2025//pres/cwh-textbook//sect
ions/"ssec-cw-wikipedia.tex"
File: /Users/dantopa/GitHub//latex-2025//global//graphics/logos/afrl-logo.png G
raphic file (type png)
<use /Users/dantopa/GitHub//latex-2025//global//graphics/logos/afrl-logo.png>
Package pdftex.def Info: /Users/dantopa/GitHub//latex-2025//global//graphics/lo
gos/afrl-logo.png  used on input line 11.
(pdftex.def)             Requested size: 43.77304pt x 14.22636pt.
File: /Users/dantopa/GitHub//latex-2025//global//graphics/logos/af-01.png Graph
ic file (type png)
<use /Users/dantopa/GitHub//latex-2025//global//graphics/logos/af-01.png>
Package pdftex.def Info: /Users/dantopa/GitHub//latex-2025//global//graphics/lo
gos/af-01.png  used on input line 11.
(pdftex.def)             Requested size: 14.84773pt x 13.08846pt.
File: /Users/dantopa/GitHub//latex-2025//global//graphics/logos/sf-best.png Gra
phic file (type png)
<use /Users/dantopa/GitHub//latex-2025//global//graphics/logos/sf-best.png>
Package pdftex.def Info: /Users/dantopa/GitHub//latex-2025//global//graphics/lo
gos/sf-best.png  used on input line 11.
(pdftex.def)             Requested size: 16.20306pt x 16.21828pt.
File: /Users/dantopa/GitHub//latex-2025//global//graphics/logos/hii-01.png Grap
hic file (type png)
<use /Users/dantopa/GitHub//latex-2025//global//graphics/logos/hii-01.png>
Package pdftex.def Info: /Users/dantopa/GitHub//latex-2025//global//graphics/lo
gos/hii-01.png  used on input line 11.
(pdftex.def)             Requested size: 13.59386pt x 14.22636pt.

Overfull \hbox (1.46664pt too wide) has occurred while \output is active
[][][] [][][] 
 []

[321

]
File: /Users/dantopa/GitHub//latex-2025//global//graphics/logos/afrl-logo.png G
raphic file (type png)
<use /Users/dantopa/GitHub//latex-2025//global//graphics/logos/afrl-logo.png>
Package pdftex.def Info: /Users/dantopa/GitHub//latex-2025//global//graphics/lo
gos/afrl-logo.png  used on input line 24.
(pdftex.def)             Requested size: 43.77304pt x 14.22636pt.
File: /Users/dantopa/GitHub//latex-2025//global//graphics/logos/af-01.png Graph
ic file (type png)
<use /Users/dantopa/GitHub//latex-2025//global//graphics/logos/af-01.png>
Package pdftex.def Info: /Users/dantopa/GitHub//latex-2025//global//graphics/lo
gos/af-01.png  used on input line 24.
(pdftex.def)             Requested size: 14.84773pt x 13.08846pt.
File: /Users/dantopa/GitHub//latex-2025//global//graphics/logos/sf-best.png Gra
phic file (type png)
<use /Users/dantopa/GitHub//latex-2025//global//graphics/logos/sf-best.png>
Package pdftex.def Info: /Users/dantopa/GitHub//latex-2025//global//graphics/lo
gos/sf-best.png  used on input line 24.
(pdftex.def)             Requested size: 16.20306pt x 16.21828pt.
File: /Users/dantopa/GitHub//latex-2025//global//graphics/logos/hii-01.png Grap
hic file (type png)
<use /Users/dantopa/GitHub//latex-2025//global//graphics/logos/hii-01.png>
Package pdftex.def Info: /Users/dantopa/GitHub//latex-2025//global//graphics/lo
gos/hii-01.png  used on input line 24.
(pdftex.def)             Requested size: 13.59386pt x 14.22636pt.

Overfull \hbox (1.46664pt too wide) has occurred while \output is active
[][][] [][][] 
 []

[322

]
Overfull \vbox (4.64117pt too high) detected at line 47
 []


Overfull \vbox (3.54974pt too high) detected at line 47
 []

File: /Users/dantopa/GitHub//latex-2025//global//graphics/logos/afrl-logo.png G
raphic file (type png)
<use /Users/dantopa/GitHub//latex-2025//global//graphics/logos/afrl-logo.png>
Package pdftex.def Info: /Users/dantopa/GitHub//latex-2025//global//graphics/lo
gos/afrl-logo.png  used on input line 47.
(pdftex.def)             Requested size: 43.77304pt x 14.22636pt.
File: /Users/dantopa/GitHub//latex-2025//global//graphics/logos/af-01.png Graph
ic file (type png)
<use /Users/dantopa/GitHub//latex-2025//global//graphics/logos/af-01.png>
Package pdftex.def Info: /Users/dantopa/GitHub//latex-2025//global//graphics/lo
gos/af-01.png  used on input line 47.
(pdftex.def)             Requested size: 14.84773pt x 13.08846pt.
File: /Users/dantopa/GitHub//latex-2025//global//graphics/logos/sf-best.png Gra
phic file (type png)
<use /Users/dantopa/GitHub//latex-2025//global//graphics/logos/sf-best.png>
Package pdftex.def Info: /Users/dantopa/GitHub//latex-2025//global//graphics/lo
gos/sf-best.png  used on input line 47.
(pdftex.def)             Requested size: 16.20306pt x 16.21828pt.
File: /Users/dantopa/GitHub//latex-2025//global//graphics/logos/hii-01.png Grap
hic file (type png)
<use /Users/dantopa/GitHub//latex-2025//global//graphics/logos/hii-01.png>
Package pdftex.def Info: /Users/dantopa/GitHub//latex-2025//global//graphics/lo
gos/hii-01.png  used on input line 47.
(pdftex.def)             Requested size: 13.59386pt x 14.22636pt.

Overfull \hbox (1.46664pt too wide) has occurred while \output is active
[][][] [][][] 
 []

[323

]
Overfull \hbox (4.17781pt too wide) detected at line 62
[][][]
 []

File: /Users/dantopa/GitHub//latex-2025//global//graphics/logos/afrl-logo.png G
raphic file (type png)
<use /Users/dantopa/GitHub//latex-2025//global//graphics/logos/afrl-logo.png>
Package pdftex.def Info: /Users/dantopa/GitHub//latex-2025//global//graphics/lo
gos/afrl-logo.png  used on input line 62.
(pdftex.def)             Requested size: 43.77304pt x 14.22636pt.
File: /Users/dantopa/GitHub//latex-2025//global//graphics/logos/af-01.png Graph
ic file (type png)
<use /Users/dantopa/GitHub//latex-2025//global//graphics/logos/af-01.png>
Package pdftex.def Info: /Users/dantopa/GitHub//latex-2025//global//graphics/lo
gos/af-01.png  used on input line 62.
(pdftex.def)             Requested size: 14.84773pt x 13.08846pt.
File: /Users/dantopa/GitHub//latex-2025//global//graphics/logos/sf-best.png Gra
phic file (type png)
<use /Users/dantopa/GitHub//latex-2025//global//graphics/logos/sf-best.png>
Package pdftex.def Info: /Users/dantopa/GitHub//latex-2025//global//graphics/lo
gos/sf-best.png  used on input line 62.
(pdftex.def)             Requested size: 16.20306pt x 16.21828pt.
File: /Users/dantopa/GitHub//latex-2025//global//graphics/logos/hii-01.png Grap
hic file (type png)
<use /Users/dantopa/GitHub//latex-2025//global//graphics/logos/hii-01.png>
Package pdftex.def Info: /Users/dantopa/GitHub//latex-2025//global//graphics/lo
gos/hii-01.png  used on input line 62.
(pdftex.def)             Requested size: 13.59386pt x 14.22636pt.

Overfull \hbox (1.46664pt too wide) has occurred while \output is active
[][][] [][][] 
 []

[324

]
Overfull \vbox (56.8392pt too high) detected at line 88
 []

File: /Users/dantopa/GitHub//latex-2025//global//graphics/logos/afrl-logo.png G
raphic file (type png)
<use /Users/dantopa/GitHub//latex-2025//global//graphics/logos/afrl-logo.png>
Package pdftex.def Info: /Users/dantopa/GitHub//latex-2025//global//graphics/lo
gos/afrl-logo.png  used on input line 88.
(pdftex.def)             Requested size: 43.77304pt x 14.22636pt.
File: /Users/dantopa/GitHub//latex-2025//global//graphics/logos/af-01.png Graph
ic file (type png)
<use /Users/dantopa/GitHub//latex-2025//global//graphics/logos/af-01.png>
Package pdftex.def Info: /Users/dantopa/GitHub//latex-2025//global//graphics/lo
gos/af-01.png  used on input line 88.
(pdftex.def)             Requested size: 14.84773pt x 13.08846pt.
File: /Users/dantopa/GitHub//latex-2025//global//graphics/logos/sf-best.png Gra
phic file (type png)
<use /Users/dantopa/GitHub//latex-2025//global//graphics/logos/sf-best.png>
Package pdftex.def Info: /Users/dantopa/GitHub//latex-2025//global//graphics/lo
gos/sf-best.png  used on input line 88.
(pdftex.def)             Requested size: 16.20306pt x 16.21828pt.
File: /Users/dantopa/GitHub//latex-2025//global//graphics/logos/hii-01.png Grap
hic file (type png)
<use /Users/dantopa/GitHub//latex-2025//global//graphics/logos/hii-01.png>
Package pdftex.def Info: /Users/dantopa/GitHub//latex-2025//global//graphics/lo
gos/hii-01.png  used on input line 88.
(pdftex.def)             Requested size: 13.59386pt x 14.22636pt.

Overfull \hbox (1.46664pt too wide) has occurred while \output is active
[][][] [][][] 
 []

[325

]
File: /Users/dantopa/GitHub//latex-2025//global//graphics/logos/afrl-logo.png G
raphic file (type png)
<use /Users/dantopa/GitHub//latex-2025//global//graphics/logos/afrl-logo.png>
Package pdftex.def Info: /Users/dantopa/GitHub//latex-2025//global//graphics/lo
gos/afrl-logo.png  used on input line 102.
(pdftex.def)             Requested size: 43.77304pt x 14.22636pt.
File: /Users/dantopa/GitHub//latex-2025//global//graphics/logos/af-01.png Graph
ic file (type png)
<use /Users/dantopa/GitHub//latex-2025//global//graphics/logos/af-01.png>
Package pdftex.def Info: /Users/dantopa/GitHub//latex-2025//global//graphics/lo
gos/af-01.png  used on input line 102.
(pdftex.def)             Requested size: 14.84773pt x 13.08846pt.
File: /Users/dantopa/GitHub//latex-2025//global//graphics/logos/sf-best.png Gra
phic file (type png)
<use /Users/dantopa/GitHub//latex-2025//global//graphics/logos/sf-best.png>
Package pdftex.def Info: /Users/dantopa/GitHub//latex-2025//global//graphics/lo
gos/sf-best.png  used on input line 102.
(pdftex.def)             Requested size: 16.20306pt x 16.21828pt.
File: /Users/dantopa/GitHub//latex-2025//global//graphics/logos/hii-01.png Grap
hic file (type png)
<use /Users/dantopa/GitHub//latex-2025//global//graphics/logos/hii-01.png>
Package pdftex.def Info: /Users/dantopa/GitHub//latex-2025//global//graphics/lo
gos/hii-01.png  used on input line 102.
(pdftex.def)             Requested size: 13.59386pt x 14.22636pt.

Overfull \hbox (1.46664pt too wide) has occurred while \output is active
[][][] [][][] 
 []

[326

]
File: /Users/dantopa/GitHub//latex-2025//global//graphics/logos/afrl-logo.png G
raphic file (type png)
<use /Users/dantopa/GitHub//latex-2025//global//graphics/logos/afrl-logo.png>
Package pdftex.def Info: /Users/dantopa/GitHub//latex-2025//global//graphics/lo
gos/afrl-logo.png  used on input line 122.
(pdftex.def)             Requested size: 43.77304pt x 14.22636pt.
File: /Users/dantopa/GitHub//latex-2025//global//graphics/logos/af-01.png Graph
ic file (type png)
<use /Users/dantopa/GitHub//latex-2025//global//graphics/logos/af-01.png>
Package pdftex.def Info: /Users/dantopa/GitHub//latex-2025//global//graphics/lo
gos/af-01.png  used on input line 122.
(pdftex.def)             Requested size: 14.84773pt x 13.08846pt.
File: /Users/dantopa/GitHub//latex-2025//global//graphics/logos/sf-best.png Gra
phic file (type png)
<use /Users/dantopa/GitHub//latex-2025//global//graphics/logos/sf-best.png>
Package pdftex.def Info: /Users/dantopa/GitHub//latex-2025//global//graphics/lo
gos/sf-best.png  used on input line 122.
(pdftex.def)             Requested size: 16.20306pt x 16.21828pt.
File: /Users/dantopa/GitHub//latex-2025//global//graphics/logos/hii-01.png Grap
hic file (type png)
<use /Users/dantopa/GitHub//latex-2025//global//graphics/logos/hii-01.png>
Package pdftex.def Info: /Users/dantopa/GitHub//latex-2025//global//graphics/lo
gos/hii-01.png  used on input line 122.
(pdftex.def)             Requested size: 13.59386pt x 14.22636pt.

Overfull \hbox (1.46664pt too wide) has occurred while \output is active
[][][] [][][] 
 []

[327

]
File: /Users/dantopa/GitHub//latex-2025//global//graphics/logos/afrl-logo.png G
raphic file (type png)
<use /Users/dantopa/GitHub//latex-2025//global//graphics/logos/afrl-logo.png>
Package pdftex.def Info: /Users/dantopa/GitHub//latex-2025//global//graphics/lo
gos/afrl-logo.png  used on input line 141.
(pdftex.def)             Requested size: 43.77304pt x 14.22636pt.
File: /Users/dantopa/GitHub//latex-2025//global//graphics/logos/af-01.png Graph
ic file (type png)
<use /Users/dantopa/GitHub//latex-2025//global//graphics/logos/af-01.png>
Package pdftex.def Info: /Users/dantopa/GitHub//latex-2025//global//graphics/lo
gos/af-01.png  used on input line 141.
(pdftex.def)             Requested size: 14.84773pt x 13.08846pt.
File: /Users/dantopa/GitHub//latex-2025//global//graphics/logos/sf-best.png Gra
phic file (type png)
<use /Users/dantopa/GitHub//latex-2025//global//graphics/logos/sf-best.png>
Package pdftex.def Info: /Users/dantopa/GitHub//latex-2025//global//graphics/lo
gos/sf-best.png  used on input line 141.
(pdftex.def)             Requested size: 16.20306pt x 16.21828pt.
File: /Users/dantopa/GitHub//latex-2025//global//graphics/logos/hii-01.png Grap
hic file (type png)
<use /Users/dantopa/GitHub//latex-2025//global//graphics/logos/hii-01.png>
Package pdftex.def Info: /Users/dantopa/GitHub//latex-2025//global//graphics/lo
gos/hii-01.png  used on input line 141.
(pdftex.def)             Requested size: 13.59386pt x 14.22636pt.

Overfull \hbox (1.46664pt too wide) has occurred while \output is active
[][][] [][][] 
 []

[328

]
File: /Users/dantopa/GitHub//latex-2025//global//graphics/logos/afrl-logo.png G
raphic file (type png)
<use /Users/dantopa/GitHub//latex-2025//global//graphics/logos/afrl-logo.png>
Package pdftex.def Info: /Users/dantopa/GitHub//latex-2025//global//graphics/lo
gos/afrl-logo.png  used on input line 154.
(pdftex.def)             Requested size: 43.77304pt x 14.22636pt.
File: /Users/dantopa/GitHub//latex-2025//global//graphics/logos/af-01.png Graph
ic file (type png)
<use /Users/dantopa/GitHub//latex-2025//global//graphics/logos/af-01.png>
Package pdftex.def Info: /Users/dantopa/GitHub//latex-2025//global//graphics/lo
gos/af-01.png  used on input line 154.
(pdftex.def)             Requested size: 14.84773pt x 13.08846pt.
File: /Users/dantopa/GitHub//latex-2025//global//graphics/logos/sf-best.png Gra
phic file (type png)
<use /Users/dantopa/GitHub//latex-2025//global//graphics/logos/sf-best.png>
Package pdftex.def Info: /Users/dantopa/GitHub//latex-2025//global//graphics/lo
gos/sf-best.png  used on input line 154.
(pdftex.def)             Requested size: 16.20306pt x 16.21828pt.
File: /Users/dantopa/GitHub//latex-2025//global//graphics/logos/hii-01.png Grap
hic file (type png)
<use /Users/dantopa/GitHub//latex-2025//global//graphics/logos/hii-01.png>
Package pdftex.def Info: /Users/dantopa/GitHub//latex-2025//global//graphics/lo
gos/hii-01.png  used on input line 154.
(pdftex.def)             Requested size: 13.59386pt x 14.22636pt.

Overfull \hbox (1.46664pt too wide) has occurred while \output is active
[][][] [][][] 
 []

[329

]
File: /Users/dantopa/GitHub//latex-2025//global//graphics/logos/afrl-logo.png G
raphic file (type png)
<use /Users/dantopa/GitHub//latex-2025//global//graphics/logos/afrl-logo.png>
Package pdftex.def Info: /Users/dantopa/GitHub//latex-2025//global//graphics/lo
gos/afrl-logo.png  used on input line 166.
(pdftex.def)             Requested size: 43.77304pt x 14.22636pt.
File: /Users/dantopa/GitHub//latex-2025//global//graphics/logos/af-01.png Graph
ic file (type png)
<use /Users/dantopa/GitHub//latex-2025//global//graphics/logos/af-01.png>
Package pdftex.def Info: /Users/dantopa/GitHub//latex-2025//global//graphics/lo
gos/af-01.png  used on input line 166.
(pdftex.def)             Requested size: 14.84773pt x 13.08846pt.
File: /Users/dantopa/GitHub//latex-2025//global//graphics/logos/sf-best.png Gra
phic file (type png)
<use /Users/dantopa/GitHub//latex-2025//global//graphics/logos/sf-best.png>
Package pdftex.def Info: /Users/dantopa/GitHub//latex-2025//global//graphics/lo
gos/sf-best.png  used on input line 166.
(pdftex.def)             Requested size: 16.20306pt x 16.21828pt.
File: /Users/dantopa/GitHub//latex-2025//global//graphics/logos/hii-01.png Grap
hic file (type png)
<use /Users/dantopa/GitHub//latex-2025//global//graphics/logos/hii-01.png>
Package pdftex.def Info: /Users/dantopa/GitHub//latex-2025//global//graphics/lo
gos/hii-01.png  used on input line 166.
(pdftex.def)             Requested size: 13.59386pt x 14.22636pt.

Overfull \hbox (1.46664pt too wide) has occurred while \output is active
[][][] [][][] 
 []

[330

])
(/Users/dantopa/GitHub//latex-2025//pres/cwh-textbook//sections//ssec-cw-mathem
atica-6.tex
 !! CONTENT SETUP !! /Users/dantopa/GitHub//latex-2025//pres/cwh-textbook//sect
ions/"ssec-cw-mathematica.tex"
</Users/dantopa/GitHub//latex-2025//pres/cwh-textbook//local//graphics//mm-demo
.png, id=14795, 1774.63pt x 1092.08pt>
File: /Users/dantopa/GitHub//latex-2025//pres/cwh-textbook//local//graphics//mm
-demo.png Graphic file (type png)
<use /Users/dantopa/GitHub//latex-2025//pres/cwh-textbook//local//graphics//mm-
demo.png>
Package pdftex.def Info: /Users/dantopa/GitHub//latex-2025//pres/cwh-textbook//
local//graphics//mm-demo.png  used on input line 15.
(pdftex.def)             Requested size: 276.559pt x 170.18715pt.
File: /Users/dantopa/GitHub//latex-2025//global//graphics/logos/afrl-logo.png G
raphic file (type png)
<use /Users/dantopa/GitHub//latex-2025//global//graphics/logos/afrl-logo.png>
Package pdftex.def Info: /Users/dantopa/GitHub//latex-2025//global//graphics/lo
gos/afrl-logo.png  used on input line 15.
(pdftex.def)             Requested size: 43.77304pt x 14.22636pt.
File: /Users/dantopa/GitHub//latex-2025//global//graphics/logos/af-01.png Graph
ic file (type png)
<use /Users/dantopa/GitHub//latex-2025//global//graphics/logos/af-01.png>
Package pdftex.def Info: /Users/dantopa/GitHub//latex-2025//global//graphics/lo
gos/af-01.png  used on input line 15.
(pdftex.def)             Requested size: 14.84773pt x 13.08846pt.
File: /Users/dantopa/GitHub//latex-2025//global//graphics/logos/sf-best.png Gra
phic file (type png)
<use /Users/dantopa/GitHub//latex-2025//global//graphics/logos/sf-best.png>
Package pdftex.def Info: /Users/dantopa/GitHub//latex-2025//global//graphics/lo
gos/sf-best.png  used on input line 15.
(pdftex.def)             Requested size: 16.20306pt x 16.21828pt.
File: /Users/dantopa/GitHub//latex-2025//global//graphics/logos/hii-01.png Grap
hic file (type png)
<use /Users/dantopa/GitHub//latex-2025//global//graphics/logos/hii-01.png>
Package pdftex.def Info: /Users/dantopa/GitHub//latex-2025//global//graphics/lo
gos/hii-01.png  used on input line 15.
(pdftex.def)             Requested size: 13.59386pt x 14.22636pt.

Overfull \hbox (1.46664pt too wide) has occurred while \output is active
[][][] [][][] 
 []

[331

 </Users/dantopa/GitHub//latex-2025//pres/cwh-textbook//local//graphics//mm-dem
o.png>]
\openout4 = `main-cwh-textbook.vrb'.

 (./main-cwh-textbook.vrb
(/usr/local/texlive/2020/texmf-dist/tex/latex/listings/lstlang1.sty
File: lstlang1.sty 2020/03/24 1.8d listings language file
)
(/usr/local/texlive/2020/texmf-dist/tex/latex/listings/lstlang1.sty
File: lstlang1.sty 2020/03/24 1.8d listings language file
)
(/usr/local/texlive/2020/texmf-dist/tex/latex/listings/lstlang1.sty
File: lstlang1.sty 2020/03/24 1.8d listings language file
)
(/usr/local/texlive/2020/texmf-dist/tex/latex/listings/lstlang1.sty
File: lstlang1.sty 2020/03/24 1.8d listings language file
)
LaTeX Font Info:    Font shape `T1/lmtt/bx/n' in size <6> not available
(Font)              Font shape `T1/lmtt/b/n' tried instead on input line 6.
)
File: /Users/dantopa/GitHub//latex-2025//global//graphics/logos/afrl-logo.png G
raphic file (type png)
<use /Users/dantopa/GitHub//latex-2025//global//graphics/logos/afrl-logo.png>
Package pdftex.def Info: /Users/dantopa/GitHub//latex-2025//global//graphics/lo
gos/afrl-logo.png  used on input line 28.
(pdftex.def)             Requested size: 43.77304pt x 14.22636pt.
File: /Users/dantopa/GitHub//latex-2025//global//graphics/logos/af-01.png Graph
ic file (type png)
<use /Users/dantopa/GitHub//latex-2025//global//graphics/logos/af-01.png>
Package pdftex.def Info: /Users/dantopa/GitHub//latex-2025//global//graphics/lo
gos/af-01.png  used on input line 28.
(pdftex.def)             Requested size: 14.84773pt x 13.08846pt.
File: /Users/dantopa/GitHub//latex-2025//global//graphics/logos/sf-best.png Gra
phic file (type png)
<use /Users/dantopa/GitHub//latex-2025//global//graphics/logos/sf-best.png>
Package pdftex.def Info: /Users/dantopa/GitHub//latex-2025//global//graphics/lo
gos/sf-best.png  used on input line 28.
(pdftex.def)             Requested size: 16.20306pt x 16.21828pt.
File: /Users/dantopa/GitHub//latex-2025//global//graphics/logos/hii-01.png Grap
hic file (type png)
<use /Users/dantopa/GitHub//latex-2025//global//graphics/logos/hii-01.png>
Package pdftex.def Info: /Users/dantopa/GitHub//latex-2025//global//graphics/lo
gos/hii-01.png  used on input line 28.
(pdftex.def)             Requested size: 13.59386pt x 14.22636pt.

Overfull \hbox (1.46664pt too wide) has occurred while \output is active
[][][] [][][] 
 []

[332

]
\openout4 = `main-cwh-textbook.vrb'.

 (./main-cwh-textbook.vrb

LaTeX Warning: Reference `eq:evectors' on page 333 undefined on input line 2.

)
File: /Users/dantopa/GitHub//latex-2025//global//graphics/logos/afrl-logo.png G
raphic file (type png)
<use /Users/dantopa/GitHub//latex-2025//global//graphics/logos/afrl-logo.png>
Package pdftex.def Info: /Users/dantopa/GitHub//latex-2025//global//graphics/lo
gos/afrl-logo.png  used on input line 45.
(pdftex.def)             Requested size: 43.77304pt x 14.22636pt.
File: /Users/dantopa/GitHub//latex-2025//global//graphics/logos/af-01.png Graph
ic file (type png)
<use /Users/dantopa/GitHub//latex-2025//global//graphics/logos/af-01.png>
Package pdftex.def Info: /Users/dantopa/GitHub//latex-2025//global//graphics/lo
gos/af-01.png  used on input line 45.
(pdftex.def)             Requested size: 14.84773pt x 13.08846pt.
File: /Users/dantopa/GitHub//latex-2025//global//graphics/logos/sf-best.png Gra
phic file (type png)
<use /Users/dantopa/GitHub//latex-2025//global//graphics/logos/sf-best.png>
Package pdftex.def Info: /Users/dantopa/GitHub//latex-2025//global//graphics/lo
gos/sf-best.png  used on input line 45.
(pdftex.def)             Requested size: 16.20306pt x 16.21828pt.
File: /Users/dantopa/GitHub//latex-2025//global//graphics/logos/hii-01.png Grap
hic file (type png)
<use /Users/dantopa/GitHub//latex-2025//global//graphics/logos/hii-01.png>
Package pdftex.def Info: /Users/dantopa/GitHub//latex-2025//global//graphics/lo
gos/hii-01.png  used on input line 45.
(pdftex.def)             Requested size: 13.59386pt x 14.22636pt.

Overfull \hbox (1.46664pt too wide) has occurred while \output is active
[][][] [][][] 
 []

[333

]
\openout4 = `main-cwh-textbook.vrb'.

 (./main-cwh-textbook.vrb)
File: /Users/dantopa/GitHub//latex-2025//global//graphics/logos/afrl-logo.png G
raphic file (type png)
<use /Users/dantopa/GitHub//latex-2025//global//graphics/logos/afrl-logo.png>
Package pdftex.def Info: /Users/dantopa/GitHub//latex-2025//global//graphics/lo
gos/afrl-logo.png  used on input line 70.
(pdftex.def)             Requested size: 43.77304pt x 14.22636pt.
File: /Users/dantopa/GitHub//latex-2025//global//graphics/logos/af-01.png Graph
ic file (type png)
<use /Users/dantopa/GitHub//latex-2025//global//graphics/logos/af-01.png>
Package pdftex.def Info: /Users/dantopa/GitHub//latex-2025//global//graphics/lo
gos/af-01.png  used on input line 70.
(pdftex.def)             Requested size: 14.84773pt x 13.08846pt.
File: /Users/dantopa/GitHub//latex-2025//global//graphics/logos/sf-best.png Gra
phic file (type png)
<use /Users/dantopa/GitHub//latex-2025//global//graphics/logos/sf-best.png>
Package pdftex.def Info: /Users/dantopa/GitHub//latex-2025//global//graphics/lo
gos/sf-best.png  used on input line 70.
(pdftex.def)             Requested size: 16.20306pt x 16.21828pt.
File: /Users/dantopa/GitHub//latex-2025//global//graphics/logos/hii-01.png Grap
hic file (type png)
<use /Users/dantopa/GitHub//latex-2025//global//graphics/logos/hii-01.png>
Package pdftex.def Info: /Users/dantopa/GitHub//latex-2025//global//graphics/lo
gos/hii-01.png  used on input line 70.
(pdftex.def)             Requested size: 13.59386pt x 14.22636pt.

Overfull \hbox (1.46664pt too wide) has occurred while \output is active
[][][] [][][] 
 []

[334

]
\openout4 = `main-cwh-textbook.vrb'.

 (./main-cwh-textbook.vrb
Overfull \hbox (13.9097pt too wide) detected at line 18
[]
 []

LaTeX Font Info:    Font shape `T1/lmtt/bx/n' in size <8> not available
(Font)              Font shape `T1/lmtt/b/n' tried instead on input line 20.
)
File: /Users/dantopa/GitHub//latex-2025//global//graphics/logos/afrl-logo.png G
raphic file (type png)
<use /Users/dantopa/GitHub//latex-2025//global//graphics/logos/afrl-logo.png>
Package pdftex.def Info: /Users/dantopa/GitHub//latex-2025//global//graphics/lo
gos/afrl-logo.png  used on input line 103.
(pdftex.def)             Requested size: 43.77304pt x 14.22636pt.
File: /Users/dantopa/GitHub//latex-2025//global//graphics/logos/af-01.png Graph
ic file (type png)
<use /Users/dantopa/GitHub//latex-2025//global//graphics/logos/af-01.png>
Package pdftex.def Info: /Users/dantopa/GitHub//latex-2025//global//graphics/lo
gos/af-01.png  used on input line 103.
(pdftex.def)             Requested size: 14.84773pt x 13.08846pt.
File: /Users/dantopa/GitHub//latex-2025//global//graphics/logos/sf-best.png Gra
phic file (type png)
<use /Users/dantopa/GitHub//latex-2025//global//graphics/logos/sf-best.png>
Package pdftex.def Info: /Users/dantopa/GitHub//latex-2025//global//graphics/lo
gos/sf-best.png  used on input line 103.
(pdftex.def)             Requested size: 16.20306pt x 16.21828pt.
File: /Users/dantopa/GitHub//latex-2025//global//graphics/logos/hii-01.png Grap
hic file (type png)
<use /Users/dantopa/GitHub//latex-2025//global//graphics/logos/hii-01.png>
Package pdftex.def Info: /Users/dantopa/GitHub//latex-2025//global//graphics/lo
gos/hii-01.png  used on input line 103.
(pdftex.def)             Requested size: 13.59386pt x 14.22636pt.

Overfull \hbox (1.46664pt too wide) has occurred while \output is active
[][][] [][][] 
 []

[335

]
\openout4 = `main-cwh-textbook.vrb'.

 (./main-cwh-textbook.vrb)
File: /Users/dantopa/GitHub//latex-2025//global//graphics/logos/afrl-logo.png G
raphic file (type png)
<use /Users/dantopa/GitHub//latex-2025//global//graphics/logos/afrl-logo.png>
Package pdftex.def Info: /Users/dantopa/GitHub//latex-2025//global//graphics/lo
gos/afrl-logo.png  used on input line 120.
(pdftex.def)             Requested size: 43.77304pt x 14.22636pt.
File: /Users/dantopa/GitHub//latex-2025//global//graphics/logos/af-01.png Graph
ic file (type png)
<use /Users/dantopa/GitHub//latex-2025//global//graphics/logos/af-01.png>
Package pdftex.def Info: /Users/dantopa/GitHub//latex-2025//global//graphics/lo
gos/af-01.png  used on input line 120.
(pdftex.def)             Requested size: 14.84773pt x 13.08846pt.
File: /Users/dantopa/GitHub//latex-2025//global//graphics/logos/sf-best.png Gra
phic file (type png)
<use /Users/dantopa/GitHub//latex-2025//global//graphics/logos/sf-best.png>
Package pdftex.def Info: /Users/dantopa/GitHub//latex-2025//global//graphics/lo
gos/sf-best.png  used on input line 120.
(pdftex.def)             Requested size: 16.20306pt x 16.21828pt.
File: /Users/dantopa/GitHub//latex-2025//global//graphics/logos/hii-01.png Grap
hic file (type png)
<use /Users/dantopa/GitHub//latex-2025//global//graphics/logos/hii-01.png>
Package pdftex.def Info: /Users/dantopa/GitHub//latex-2025//global//graphics/lo
gos/hii-01.png  used on input line 120.
(pdftex.def)             Requested size: 13.59386pt x 14.22636pt.

Overfull \hbox (1.46664pt too wide) has occurred while \output is active
[][][] [][][] 
 []

[336

]
\openout4 = `main-cwh-textbook.vrb'.

 (./main-cwh-textbook.vrb)
File: /Users/dantopa/GitHub//latex-2025//global//graphics/logos/afrl-logo.png G
raphic file (type png)
<use /Users/dantopa/GitHub//latex-2025//global//graphics/logos/afrl-logo.png>
Package pdftex.def Info: /Users/dantopa/GitHub//latex-2025//global//graphics/lo
gos/afrl-logo.png  used on input line 136.
(pdftex.def)             Requested size: 43.77304pt x 14.22636pt.
File: /Users/dantopa/GitHub//latex-2025//global//graphics/logos/af-01.png Graph
ic file (type png)
<use /Users/dantopa/GitHub//latex-2025//global//graphics/logos/af-01.png>
Package pdftex.def Info: /Users/dantopa/GitHub//latex-2025//global//graphics/lo
gos/af-01.png  used on input line 136.
(pdftex.def)             Requested size: 14.84773pt x 13.08846pt.
File: /Users/dantopa/GitHub//latex-2025//global//graphics/logos/sf-best.png Gra
phic file (type png)
<use /Users/dantopa/GitHub//latex-2025//global//graphics/logos/sf-best.png>
Package pdftex.def Info: /Users/dantopa/GitHub//latex-2025//global//graphics/lo
gos/sf-best.png  used on input line 136.
(pdftex.def)             Requested size: 16.20306pt x 16.21828pt.
File: /Users/dantopa/GitHub//latex-2025//global//graphics/logos/hii-01.png Grap
hic file (type png)
<use /Users/dantopa/GitHub//latex-2025//global//graphics/logos/hii-01.png>
Package pdftex.def Info: /Users/dantopa/GitHub//latex-2025//global//graphics/lo
gos/hii-01.png  used on input line 136.
(pdftex.def)             Requested size: 13.59386pt x 14.22636pt.

Overfull \hbox (1.46664pt too wide) has occurred while \output is active
[][][] [][][] 
 []

[337

])
(/Users/dantopa/GitHub//latex-2025//pres/cwh-textbook//sections//ssec-theory-li
near-algebra.tex
 !! CONTENT SETUP !! /Users/dantopa/GitHub//latex-2025//pres/cwh-textbook//sect
ions/"ssec-theory-linear-algebra.tex"

(/Users/dantopa/GitHub//latex-2025//global//libs//elements//definitions/def-flo
w-Phi.tex
 !! CONTENT SETUP !! /Users/dantopa/GitHub//latex-2025//global//libs//elements/
/definitions/"def-flow-Phi.tex"
pdfTeX warning (ext4): destination with the same identifier (name{def:diagonali
zability-multiplicities}) has been already used, duplicate ignored
<to be read again> 
                   \relax 
l.5 \label{def:diagonalizability-multiplicities}
                                                pdfTeX warning (ext4): destinat
ion with the same identifier (name{eq:flow}) has been already used, duplicate i
gnored
<to be read again> 
                   \relax 
l.8 \begin{equation}\label{eq:flow}
                                   )
File: /Users/dantopa/GitHub//latex-2025//global//graphics/logos/afrl-logo.png G
raphic file (type png)
<use /Users/dantopa/GitHub//latex-2025//global//graphics/logos/afrl-logo.png>
Package pdftex.def Info: /Users/dantopa/GitHub//latex-2025//global//graphics/lo
gos/afrl-logo.png  used on input line 15.
(pdftex.def)             Requested size: 43.77304pt x 14.22636pt.
File: /Users/dantopa/GitHub//latex-2025//global//graphics/logos/af-01.png Graph
ic file (type png)
<use /Users/dantopa/GitHub//latex-2025//global//graphics/logos/af-01.png>
Package pdftex.def Info: /Users/dantopa/GitHub//latex-2025//global//graphics/lo
gos/af-01.png  used on input line 15.
(pdftex.def)             Requested size: 14.84773pt x 13.08846pt.
File: /Users/dantopa/GitHub//latex-2025//global//graphics/logos/sf-best.png Gra
phic file (type png)
<use /Users/dantopa/GitHub//latex-2025//global//graphics/logos/sf-best.png>
Package pdftex.def Info: /Users/dantopa/GitHub//latex-2025//global//graphics/lo
gos/sf-best.png  used on input line 15.
(pdftex.def)             Requested size: 16.20306pt x 16.21828pt.
File: /Users/dantopa/GitHub//latex-2025//global//graphics/logos/hii-01.png Grap
hic file (type png)
<use /Users/dantopa/GitHub//latex-2025//global//graphics/logos/hii-01.png>
Package pdftex.def Info: /Users/dantopa/GitHub//latex-2025//global//graphics/lo
gos/hii-01.png  used on input line 15.
(pdftex.def)             Requested size: 13.59386pt x 14.22636pt.

Overfull \hbox (1.46664pt too wide) has occurred while \output is active
[][][] [][][] 
 []

[338

]
(/Users/dantopa/GitHub//latex-2025//global//libs//elements//definitions/def-dia
gonalizability-multiplicities.tex
 !! CONTENT SETUP !! /Users/dantopa/GitHub//latex-2025//global//libs//elements/
/definitions/"def-diagonalizability-multiplicities.tex"
pdfTeX warning (ext4): destination with the same identifier (name{def:diagonali
zability-multiplicities}) has been already used, duplicate ignored
<to be read again> 
                   \relax 
l.5 \label{def:diagonalizability-multiplicities}
                                                
LaTeX Font Info:    Font shape `T1/lmss/b/n' in size <8> not available
(Font)              Font shape `T1/lmss/bx/n' tried instead on input line 9.
)
File: /Users/dantopa/GitHub//latex-2025//global//graphics/logos/afrl-logo.png G
raphic file (type png)
<use /Users/dantopa/GitHub//latex-2025//global//graphics/logos/afrl-logo.png>
Package pdftex.def Info: /Users/dantopa/GitHub//latex-2025//global//graphics/lo
gos/afrl-logo.png  used on input line 19.
(pdftex.def)             Requested size: 43.77304pt x 14.22636pt.
File: /Users/dantopa/GitHub//latex-2025//global//graphics/logos/af-01.png Graph
ic file (type png)
<use /Users/dantopa/GitHub//latex-2025//global//graphics/logos/af-01.png>
Package pdftex.def Info: /Users/dantopa/GitHub//latex-2025//global//graphics/lo
gos/af-01.png  used on input line 19.
(pdftex.def)             Requested size: 14.84773pt x 13.08846pt.
File: /Users/dantopa/GitHub//latex-2025//global//graphics/logos/sf-best.png Gra
phic file (type png)
<use /Users/dantopa/GitHub//latex-2025//global//graphics/logos/sf-best.png>
Package pdftex.def Info: /Users/dantopa/GitHub//latex-2025//global//graphics/lo
gos/sf-best.png  used on input line 19.
(pdftex.def)             Requested size: 16.20306pt x 16.21828pt.
File: /Users/dantopa/GitHub//latex-2025//global//graphics/logos/hii-01.png Grap
hic file (type png)
<use /Users/dantopa/GitHub//latex-2025//global//graphics/logos/hii-01.png>
Package pdftex.def Info: /Users/dantopa/GitHub//latex-2025//global//graphics/lo
gos/hii-01.png  used on input line 19.
(pdftex.def)             Requested size: 13.59386pt x 14.22636pt.

Overfull \hbox (1.46664pt too wide) has occurred while \output is active
[][][] [][][] 
 []

[339

]
(/Users/dantopa/GitHub//latex-2025//global//libs//elements//definitions/def-eig
envalue-simplicity.tex
 !! CONTENT SETUP !! /Users/dantopa/GitHub//latex-2025//global//libs//elements/
/definitions/"def-eigenvalue-simplicity.tex"
LaTeX Font Info:    Font shape `TS1/lmss/b/n' in size <10.95> not available
(Font)              Font shape `TS1/lmss/bx/n' tried instead on input line 8.
)
File: /Users/dantopa/GitHub//latex-2025//global//graphics/logos/afrl-logo.png G
raphic file (type png)
<use /Users/dantopa/GitHub//latex-2025//global//graphics/logos/afrl-logo.png>
Package pdftex.def Info: /Users/dantopa/GitHub//latex-2025//global//graphics/lo
gos/afrl-logo.png  used on input line 23.
(pdftex.def)             Requested size: 43.77304pt x 14.22636pt.
File: /Users/dantopa/GitHub//latex-2025//global//graphics/logos/af-01.png Graph
ic file (type png)
<use /Users/dantopa/GitHub//latex-2025//global//graphics/logos/af-01.png>
Package pdftex.def Info: /Users/dantopa/GitHub//latex-2025//global//graphics/lo
gos/af-01.png  used on input line 23.
(pdftex.def)             Requested size: 14.84773pt x 13.08846pt.
File: /Users/dantopa/GitHub//latex-2025//global//graphics/logos/sf-best.png Gra
phic file (type png)
<use /Users/dantopa/GitHub//latex-2025//global//graphics/logos/sf-best.png>
Package pdftex.def Info: /Users/dantopa/GitHub//latex-2025//global//graphics/lo
gos/sf-best.png  used on input line 23.
(pdftex.def)             Requested size: 16.20306pt x 16.21828pt.
File: /Users/dantopa/GitHub//latex-2025//global//graphics/logos/hii-01.png Grap
hic file (type png)
<use /Users/dantopa/GitHub//latex-2025//global//graphics/logos/hii-01.png>
Package pdftex.def Info: /Users/dantopa/GitHub//latex-2025//global//graphics/lo
gos/hii-01.png  used on input line 23.
(pdftex.def)             Requested size: 13.59386pt x 14.22636pt.

Overfull \hbox (1.46664pt too wide) has occurred while \output is active
[][][] [][][] 
 []

[340

]
(/Users/dantopa/GitHub//latex-2025//global//libs//elements//definitions/def-def
ective-eigenvalue.tex
 !! CONTENT SETUP !! /Users/dantopa/GitHub//latex-2025//global//libs//elements/
/definitions/"def-defective-eigenvalues.tex"
)
File: /Users/dantopa/GitHub//latex-2025//global//graphics/logos/afrl-logo.png G
raphic file (type png)
<use /Users/dantopa/GitHub//latex-2025//global//graphics/logos/afrl-logo.png>
Package pdftex.def Info: /Users/dantopa/GitHub//latex-2025//global//graphics/lo
gos/afrl-logo.png  used on input line 28.
(pdftex.def)             Requested size: 43.77304pt x 14.22636pt.
File: /Users/dantopa/GitHub//latex-2025//global//graphics/logos/af-01.png Graph
ic file (type png)
<use /Users/dantopa/GitHub//latex-2025//global//graphics/logos/af-01.png>
Package pdftex.def Info: /Users/dantopa/GitHub//latex-2025//global//graphics/lo
gos/af-01.png  used on input line 28.
(pdftex.def)             Requested size: 14.84773pt x 13.08846pt.
File: /Users/dantopa/GitHub//latex-2025//global//graphics/logos/sf-best.png Gra
phic file (type png)
<use /Users/dantopa/GitHub//latex-2025//global//graphics/logos/sf-best.png>
Package pdftex.def Info: /Users/dantopa/GitHub//latex-2025//global//graphics/lo
gos/sf-best.png  used on input line 28.
(pdftex.def)             Requested size: 16.20306pt x 16.21828pt.
File: /Users/dantopa/GitHub//latex-2025//global//graphics/logos/hii-01.png Grap
hic file (type png)
<use /Users/dantopa/GitHub//latex-2025//global//graphics/logos/hii-01.png>
Package pdftex.def Info: /Users/dantopa/GitHub//latex-2025//global//graphics/lo
gos/hii-01.png  used on input line 28.
(pdftex.def)             Requested size: 13.59386pt x 14.22636pt.

Overfull \hbox (1.46664pt too wide) has occurred while \output is active
[][][] [][][] 
 []

[341

]
(/Users/dantopa/GitHub//latex-2025//global//libs//elements//definitions/def-eig
envalue-simplicity.tex
 !! CONTENT SETUP !! /Users/dantopa/GitHub//latex-2025//global//libs//elements/
/definitions/"def-eigenvalue-simplicity.tex"
pdfTeX warning (ext4): destination with the same identifier (name{def:geometric
-multiplicty}) has been already used, duplicate ignored
<to be read again> 
                   \relax 
l.5 \label{def:geometric-multiplicty}
                                     )
File: /Users/dantopa/GitHub//latex-2025//global//graphics/logos/afrl-logo.png G
raphic file (type png)
<use /Users/dantopa/GitHub//latex-2025//global//graphics/logos/afrl-logo.png>
Package pdftex.def Info: /Users/dantopa/GitHub//latex-2025//global//graphics/lo
gos/afrl-logo.png  used on input line 32.
(pdftex.def)             Requested size: 43.77304pt x 14.22636pt.
File: /Users/dantopa/GitHub//latex-2025//global//graphics/logos/af-01.png Graph
ic file (type png)
<use /Users/dantopa/GitHub//latex-2025//global//graphics/logos/af-01.png>
Package pdftex.def Info: /Users/dantopa/GitHub//latex-2025//global//graphics/lo
gos/af-01.png  used on input line 32.
(pdftex.def)             Requested size: 14.84773pt x 13.08846pt.
File: /Users/dantopa/GitHub//latex-2025//global//graphics/logos/sf-best.png Gra
phic file (type png)
<use /Users/dantopa/GitHub//latex-2025//global//graphics/logos/sf-best.png>
Package pdftex.def Info: /Users/dantopa/GitHub//latex-2025//global//graphics/lo
gos/sf-best.png  used on input line 32.
(pdftex.def)             Requested size: 16.20306pt x 16.21828pt.
File: /Users/dantopa/GitHub//latex-2025//global//graphics/logos/hii-01.png Grap
hic file (type png)
<use /Users/dantopa/GitHub//latex-2025//global//graphics/logos/hii-01.png>
Package pdftex.def Info: /Users/dantopa/GitHub//latex-2025//global//graphics/lo
gos/hii-01.png  used on input line 32.
(pdftex.def)             Requested size: 13.59386pt x 14.22636pt.

Overfull \hbox (1.46664pt too wide) has occurred while \output is active
[][][] [][][] 
 []

[342

]
(/Users/dantopa/GitHub//latex-2025//pres/cwh-textbook//local//components//slide
s//slide-spectral-theorem.tex
 !! CONTENT SETUP !! /Users/dantopa/GitHub//latex-2025//pres/cwh-textbook//loca
l//components//slides//"slide-spectral-theorem.tex"
pdfTeX warning (ext4): destination with the same identifier (name{def:diagonali
zability-multiplicities}) has been already used, duplicate ignored
<to be read again> 
                   \relax 
l.14 \end{frame}
                
File: /Users/dantopa/GitHub//latex-2025//global//graphics/logos/afrl-logo.png G
raphic file (type png)
<use /Users/dantopa/GitHub//latex-2025//global//graphics/logos/afrl-logo.png>
Package pdftex.def Info: /Users/dantopa/GitHub//latex-2025//global//graphics/lo
gos/afrl-logo.png  used on input line 14.
(pdftex.def)             Requested size: 43.77304pt x 14.22636pt.
File: /Users/dantopa/GitHub//latex-2025//global//graphics/logos/af-01.png Graph
ic file (type png)
<use /Users/dantopa/GitHub//latex-2025//global//graphics/logos/af-01.png>
Package pdftex.def Info: /Users/dantopa/GitHub//latex-2025//global//graphics/lo
gos/af-01.png  used on input line 14.
(pdftex.def)             Requested size: 14.84773pt x 13.08846pt.
File: /Users/dantopa/GitHub//latex-2025//global//graphics/logos/sf-best.png Gra
phic file (type png)
<use /Users/dantopa/GitHub//latex-2025//global//graphics/logos/sf-best.png>
Package pdftex.def Info: /Users/dantopa/GitHub//latex-2025//global//graphics/lo
gos/sf-best.png  used on input line 14.
(pdftex.def)             Requested size: 16.20306pt x 16.21828pt.
File: /Users/dantopa/GitHub//latex-2025//global//graphics/logos/hii-01.png Grap
hic file (type png)
<use /Users/dantopa/GitHub//latex-2025//global//graphics/logos/hii-01.png>
Package pdftex.def Info: /Users/dantopa/GitHub//latex-2025//global//graphics/lo
gos/hii-01.png  used on input line 14.
(pdftex.def)             Requested size: 13.59386pt x 14.22636pt.

Overfull \hbox (1.46664pt too wide) has occurred while \output is active
[][][] [][][] 
 []

[343

]

LaTeX Warning: Reference `eq:7.2.7' on page 344 undefined on input line 29.

File: /Users/dantopa/GitHub//latex-2025//global//graphics/logos/afrl-logo.png G
raphic file (type png)
<use /Users/dantopa/GitHub//latex-2025//global//graphics/logos/afrl-logo.png>
Package pdftex.def Info: /Users/dantopa/GitHub//latex-2025//global//graphics/lo
gos/afrl-logo.png  used on input line 29.
(pdftex.def)             Requested size: 43.77304pt x 14.22636pt.
File: /Users/dantopa/GitHub//latex-2025//global//graphics/logos/af-01.png Graph
ic file (type png)
<use /Users/dantopa/GitHub//latex-2025//global//graphics/logos/af-01.png>
Package pdftex.def Info: /Users/dantopa/GitHub//latex-2025//global//graphics/lo
gos/af-01.png  used on input line 29.
(pdftex.def)             Requested size: 14.84773pt x 13.08846pt.
File: /Users/dantopa/GitHub//latex-2025//global//graphics/logos/sf-best.png Gra
phic file (type png)
<use /Users/dantopa/GitHub//latex-2025//global//graphics/logos/sf-best.png>
Package pdftex.def Info: /Users/dantopa/GitHub//latex-2025//global//graphics/lo
gos/sf-best.png  used on input line 29.
(pdftex.def)             Requested size: 16.20306pt x 16.21828pt.
File: /Users/dantopa/GitHub//latex-2025//global//graphics/logos/hii-01.png Grap
hic file (type png)
<use /Users/dantopa/GitHub//latex-2025//global//graphics/logos/hii-01.png>
Package pdftex.def Info: /Users/dantopa/GitHub//latex-2025//global//graphics/lo
gos/hii-01.png  used on input line 29.
(pdftex.def)             Requested size: 13.59386pt x 14.22636pt.

Overfull \hbox (1.46664pt too wide) has occurred while \output is active
[][][] [][][] 
 []

[344

])
(/Users/dantopa/GitHub//latex-2025//pres/cwh-textbook//local//components//slide
s//slide-diagonalizable-summary.tex
 !! CONTENT SETUP !! /Users/dantopa/GitHub//latex-2025//pres/cwh-textbook//loca
l//components//slides//"slide-diagonalizable-summary.tex"
File: /Users/dantopa/GitHub//latex-2025//global//graphics/logos/afrl-logo.png G
raphic file (type png)
<use /Users/dantopa/GitHub//latex-2025//global//graphics/logos/afrl-logo.png>
Package pdftex.def Info: /Users/dantopa/GitHub//latex-2025//global//graphics/lo
gos/afrl-logo.png  used on input line 15.
(pdftex.def)             Requested size: 43.77304pt x 14.22636pt.
File: /Users/dantopa/GitHub//latex-2025//global//graphics/logos/af-01.png Graph
ic file (type png)
<use /Users/dantopa/GitHub//latex-2025//global//graphics/logos/af-01.png>
Package pdftex.def Info: /Users/dantopa/GitHub//latex-2025//global//graphics/lo
gos/af-01.png  used on input line 15.
(pdftex.def)             Requested size: 14.84773pt x 13.08846pt.
File: /Users/dantopa/GitHub//latex-2025//global//graphics/logos/sf-best.png Gra
phic file (type png)
<use /Users/dantopa/GitHub//latex-2025//global//graphics/logos/sf-best.png>
Package pdftex.def Info: /Users/dantopa/GitHub//latex-2025//global//graphics/lo
gos/sf-best.png  used on input line 15.
(pdftex.def)             Requested size: 16.20306pt x 16.21828pt.
File: /Users/dantopa/GitHub//latex-2025//global//graphics/logos/hii-01.png Grap
hic file (type png)
<use /Users/dantopa/GitHub//latex-2025//global//graphics/logos/hii-01.png>
Package pdftex.def Info: /Users/dantopa/GitHub//latex-2025//global//graphics/lo
gos/hii-01.png  used on input line 15.
(pdftex.def)             Requested size: 13.59386pt x 14.22636pt.

Overfull \hbox (1.46664pt too wide) has occurred while \output is active
[][][] [][][] 
 []

[345

]
File: /Users/dantopa/GitHub//latex-2025//global//graphics/logos/afrl-logo.png G
raphic file (type png)
<use /Users/dantopa/GitHub//latex-2025//global//graphics/logos/afrl-logo.png>
Package pdftex.def Info: /Users/dantopa/GitHub//latex-2025//global//graphics/lo
gos/afrl-logo.png  used on input line 29.
(pdftex.def)             Requested size: 43.77304pt x 14.22636pt.
File: /Users/dantopa/GitHub//latex-2025//global//graphics/logos/af-01.png Graph
ic file (type png)
<use /Users/dantopa/GitHub//latex-2025//global//graphics/logos/af-01.png>
Package pdftex.def Info: /Users/dantopa/GitHub//latex-2025//global//graphics/lo
gos/af-01.png  used on input line 29.
(pdftex.def)             Requested size: 14.84773pt x 13.08846pt.
File: /Users/dantopa/GitHub//latex-2025//global//graphics/logos/sf-best.png Gra
phic file (type png)
<use /Users/dantopa/GitHub//latex-2025//global//graphics/logos/sf-best.png>
Package pdftex.def Info: /Users/dantopa/GitHub//latex-2025//global//graphics/lo
gos/sf-best.png  used on input line 29.
(pdftex.def)             Requested size: 16.20306pt x 16.21828pt.
File: /Users/dantopa/GitHub//latex-2025//global//graphics/logos/hii-01.png Grap
hic file (type png)
<use /Users/dantopa/GitHub//latex-2025//global//graphics/logos/hii-01.png>
Package pdftex.def Info: /Users/dantopa/GitHub//latex-2025//global//graphics/lo
gos/hii-01.png  used on input line 29.
(pdftex.def)             Requested size: 13.59386pt x 14.22636pt.

Overfull \hbox (1.46664pt too wide) has occurred while \output is active
[][][] [][][] 
 []

[346

])
(/Users/dantopa/GitHub//latex-2025//pres/cwh-textbook//local//components//slide
s//slide-functions-diagonalizable-matrices.tex
 !! CONTENT SETUP !! /Users/dantopa/GitHub//latex-2025//pres/cwh-textbook//loca
l//components//slides//"slide-functions-diagonalizable-matrices.tex"
LaTeX Font Info:    Font shape `T1/lmss/b/n' in size <7> not available
(Font)              Font shape `T1/lmss/bx/n' tried instead on input line 21.
LaTeX Font Info:    Font shape `T1/lmss/b/n' in size <5> not available
(Font)              Font shape `T1/lmss/bx/n' tried instead on input line 21.

Overfull \vbox (0.86816pt too high) detected at line 21
 []

File: /Users/dantopa/GitHub//latex-2025//global//graphics/logos/afrl-logo.png G
raphic file (type png)
<use /Users/dantopa/GitHub//latex-2025//global//graphics/logos/afrl-logo.png>
Package pdftex.def Info: /Users/dantopa/GitHub//latex-2025//global//graphics/lo
gos/afrl-logo.png  used on input line 21.
(pdftex.def)             Requested size: 43.77304pt x 14.22636pt.
File: /Users/dantopa/GitHub//latex-2025//global//graphics/logos/af-01.png Graph
ic file (type png)
<use /Users/dantopa/GitHub//latex-2025//global//graphics/logos/af-01.png>
Package pdftex.def Info: /Users/dantopa/GitHub//latex-2025//global//graphics/lo
gos/af-01.png  used on input line 21.
(pdftex.def)             Requested size: 14.84773pt x 13.08846pt.
File: /Users/dantopa/GitHub//latex-2025//global//graphics/logos/sf-best.png Gra
phic file (type png)
<use /Users/dantopa/GitHub//latex-2025//global//graphics/logos/sf-best.png>
Package pdftex.def Info: /Users/dantopa/GitHub//latex-2025//global//graphics/lo
gos/sf-best.png  used on input line 21.
(pdftex.def)             Requested size: 16.20306pt x 16.21828pt.
File: /Users/dantopa/GitHub//latex-2025//global//graphics/logos/hii-01.png Grap
hic file (type png)
<use /Users/dantopa/GitHub//latex-2025//global//graphics/logos/hii-01.png>
Package pdftex.def Info: /Users/dantopa/GitHub//latex-2025//global//graphics/lo
gos/hii-01.png  used on input line 21.
(pdftex.def)             Requested size: 13.59386pt x 14.22636pt.

Overfull \hbox (1.46664pt too wide) has occurred while \output is active
[][][] [][][] 
 []

[347

])
(/Users/dantopa/GitHub//latex-2025//pres/cwh-textbook//local//components//slide
s//slide-functions-jordan-blocks.tex
 !! CONTENT SETUP !! /Users/dantopa/GitHub//latex-2025//pres/cwh-textbook//loca
l//components//slides//"slide-functions-jordan-blocks.tex"
pdfTeX warning (ext4): destination with the same identifier (name{def:functions
-jordan-blocks}) has been already used, duplicate ignored
<to be read again> 
                   \relax 
l.23 \end{frame}
                
File: /Users/dantopa/GitHub//latex-2025//global//graphics/logos/afrl-logo.png G
raphic file (type png)
<use /Users/dantopa/GitHub//latex-2025//global//graphics/logos/afrl-logo.png>
Package pdftex.def Info: /Users/dantopa/GitHub//latex-2025//global//graphics/lo
gos/afrl-logo.png  used on input line 23.
(pdftex.def)             Requested size: 43.77304pt x 14.22636pt.
File: /Users/dantopa/GitHub//latex-2025//global//graphics/logos/af-01.png Graph
ic file (type png)
<use /Users/dantopa/GitHub//latex-2025//global//graphics/logos/af-01.png>
Package pdftex.def Info: /Users/dantopa/GitHub//latex-2025//global//graphics/lo
gos/af-01.png  used on input line 23.
(pdftex.def)             Requested size: 14.84773pt x 13.08846pt.
File: /Users/dantopa/GitHub//latex-2025//global//graphics/logos/sf-best.png Gra
phic file (type png)
<use /Users/dantopa/GitHub//latex-2025//global//graphics/logos/sf-best.png>
Package pdftex.def Info: /Users/dantopa/GitHub//latex-2025//global//graphics/lo
gos/sf-best.png  used on input line 23.
(pdftex.def)             Requested size: 16.20306pt x 16.21828pt.
File: /Users/dantopa/GitHub//latex-2025//global//graphics/logos/hii-01.png Grap
hic file (type png)
<use /Users/dantopa/GitHub//latex-2025//global//graphics/logos/hii-01.png>
Package pdftex.def Info: /Users/dantopa/GitHub//latex-2025//global//graphics/lo
gos/hii-01.png  used on input line 23.
(pdftex.def)             Requested size: 13.59386pt x 14.22636pt.

Overfull \hbox (1.46664pt too wide) has occurred while \output is active
[][][] [][][] 
 []

[348

])
(/Users/dantopa/GitHub//latex-2025//pres/cwh-textbook//local//components//slide
s//slide-matrix-functions-blocks.tex
 !! CONTENT SETUP !! /Users/dantopa/GitHub//latex-2025//pres/cwh-textbook//loca
l//components//slides//"slide-matrix-functions.tex"
LaTeX Font Info:    Font shape `TS1/lmss/b/n' in size <8> not available
(Font)              Font shape `TS1/lmss/bx/n' tried instead on input line 24.
File: /Users/dantopa/GitHub//latex-2025//global//graphics/logos/afrl-logo.png G
raphic file (type png)
<use /Users/dantopa/GitHub//latex-2025//global//graphics/logos/afrl-logo.png>
Package pdftex.def Info: /Users/dantopa/GitHub//latex-2025//global//graphics/lo
gos/afrl-logo.png  used on input line 24.
(pdftex.def)             Requested size: 43.77304pt x 14.22636pt.
File: /Users/dantopa/GitHub//latex-2025//global//graphics/logos/af-01.png Graph
ic file (type png)
<use /Users/dantopa/GitHub//latex-2025//global//graphics/logos/af-01.png>
Package pdftex.def Info: /Users/dantopa/GitHub//latex-2025//global//graphics/lo
gos/af-01.png  used on input line 24.
(pdftex.def)             Requested size: 14.84773pt x 13.08846pt.
File: /Users/dantopa/GitHub//latex-2025//global//graphics/logos/sf-best.png Gra
phic file (type png)
<use /Users/dantopa/GitHub//latex-2025//global//graphics/logos/sf-best.png>
Package pdftex.def Info: /Users/dantopa/GitHub//latex-2025//global//graphics/lo
gos/sf-best.png  used on input line 24.
(pdftex.def)             Requested size: 16.20306pt x 16.21828pt.
File: /Users/dantopa/GitHub//latex-2025//global//graphics/logos/hii-01.png Grap
hic file (type png)
<use /Users/dantopa/GitHub//latex-2025//global//graphics/logos/hii-01.png>
Package pdftex.def Info: /Users/dantopa/GitHub//latex-2025//global//graphics/lo
gos/hii-01.png  used on input line 24.
(pdftex.def)             Requested size: 13.59386pt x 14.22636pt.

Overfull \hbox (1.46664pt too wide) has occurred while \output is active
[][][] [][][] 
 []

[349

]

LaTeX Warning: Reference `eq:jordan-function' on page 350 undefined on input li
ne 43.

File: /Users/dantopa/GitHub//latex-2025//global//graphics/logos/afrl-logo.png G
raphic file (type png)
<use /Users/dantopa/GitHub//latex-2025//global//graphics/logos/afrl-logo.png>
Package pdftex.def Info: /Users/dantopa/GitHub//latex-2025//global//graphics/lo
gos/afrl-logo.png  used on input line 43.
(pdftex.def)             Requested size: 43.77304pt x 14.22636pt.
File: /Users/dantopa/GitHub//latex-2025//global//graphics/logos/af-01.png Graph
ic file (type png)
<use /Users/dantopa/GitHub//latex-2025//global//graphics/logos/af-01.png>
Package pdftex.def Info: /Users/dantopa/GitHub//latex-2025//global//graphics/lo
gos/af-01.png  used on input line 43.
(pdftex.def)             Requested size: 14.84773pt x 13.08846pt.
File: /Users/dantopa/GitHub//latex-2025//global//graphics/logos/sf-best.png Gra
phic file (type png)
<use /Users/dantopa/GitHub//latex-2025//global//graphics/logos/sf-best.png>
Package pdftex.def Info: /Users/dantopa/GitHub//latex-2025//global//graphics/lo
gos/sf-best.png  used on input line 43.
(pdftex.def)             Requested size: 16.20306pt x 16.21828pt.
File: /Users/dantopa/GitHub//latex-2025//global//graphics/logos/hii-01.png Grap
hic file (type png)
<use /Users/dantopa/GitHub//latex-2025//global//graphics/logos/hii-01.png>
Package pdftex.def Info: /Users/dantopa/GitHub//latex-2025//global//graphics/lo
gos/hii-01.png  used on input line 43.
(pdftex.def)             Requested size: 13.59386pt x 14.22636pt.

Overfull \hbox (1.46664pt too wide) has occurred while \output is active
[][][] [][][] 
 []

[350

])
(/Users/dantopa/GitHub//latex-2025//pres/cwh-textbook//local//components//slide
s//slide-spectral-resolution-fA.tex
 !! CONTENT SETUP !! /Users/dantopa/GitHub//latex-2025//pres/cwh-textbook//loca
l//components//slides//"slide-spectral-resolution-fA.tex"
LaTeX Font Info:    Font shape `T1/lmss/b/it' in size <8> not available
(Font)              Font shape `T1/lmss/bx/it' tried instead on input line 28.
LaTeX Font Info:    Font shape `T1/lmss/bx/it' in size <8> not available
(Font)              Font shape `T1/lmss/bx/sl' tried instead on input line 28.
File: /Users/dantopa/GitHub//latex-2025//global//graphics/logos/afrl-logo.png G
raphic file (type png)
<use /Users/dantopa/GitHub//latex-2025//global//graphics/logos/afrl-logo.png>
Package pdftex.def Info: /Users/dantopa/GitHub//latex-2025//global//graphics/lo
gos/afrl-logo.png  used on input line 28.
(pdftex.def)             Requested size: 43.77304pt x 14.22636pt.
File: /Users/dantopa/GitHub//latex-2025//global//graphics/logos/af-01.png Graph
ic file (type png)
<use /Users/dantopa/GitHub//latex-2025//global//graphics/logos/af-01.png>
Package pdftex.def Info: /Users/dantopa/GitHub//latex-2025//global//graphics/lo
gos/af-01.png  used on input line 28.
(pdftex.def)             Requested size: 14.84773pt x 13.08846pt.
File: /Users/dantopa/GitHub//latex-2025//global//graphics/logos/sf-best.png Gra
phic file (type png)
<use /Users/dantopa/GitHub//latex-2025//global//graphics/logos/sf-best.png>
Package pdftex.def Info: /Users/dantopa/GitHub//latex-2025//global//graphics/lo
gos/sf-best.png  used on input line 28.
(pdftex.def)             Requested size: 16.20306pt x 16.21828pt.
File: /Users/dantopa/GitHub//latex-2025//global//graphics/logos/hii-01.png Grap
hic file (type png)
<use /Users/dantopa/GitHub//latex-2025//global//graphics/logos/hii-01.png>
Package pdftex.def Info: /Users/dantopa/GitHub//latex-2025//global//graphics/lo
gos/hii-01.png  used on input line 28.
(pdftex.def)             Requested size: 13.59386pt x 14.22636pt.

Overfull \hbox (1.46664pt too wide) has occurred while \output is active
[][][] [][][] 
 []

[351

]

LaTeX Warning: Reference `eq:7.9.9' on page 352 undefined on input line 41.


LaTeX Warning: Reference `eq:7.3.6' on page 352 undefined on input line 41.

File: /Users/dantopa/GitHub//latex-2025//global//graphics/logos/afrl-logo.png G
raphic file (type png)
<use /Users/dantopa/GitHub//latex-2025//global//graphics/logos/afrl-logo.png>
Package pdftex.def Info: /Users/dantopa/GitHub//latex-2025//global//graphics/lo
gos/afrl-logo.png  used on input line 41.
(pdftex.def)             Requested size: 43.77304pt x 14.22636pt.
File: /Users/dantopa/GitHub//latex-2025//global//graphics/logos/af-01.png Graph
ic file (type png)
<use /Users/dantopa/GitHub//latex-2025//global//graphics/logos/af-01.png>
Package pdftex.def Info: /Users/dantopa/GitHub//latex-2025//global//graphics/lo
gos/af-01.png  used on input line 41.
(pdftex.def)             Requested size: 14.84773pt x 13.08846pt.
File: /Users/dantopa/GitHub//latex-2025//global//graphics/logos/sf-best.png Gra
phic file (type png)
<use /Users/dantopa/GitHub//latex-2025//global//graphics/logos/sf-best.png>
Package pdftex.def Info: /Users/dantopa/GitHub//latex-2025//global//graphics/lo
gos/sf-best.png  used on input line 41.
(pdftex.def)             Requested size: 16.20306pt x 16.21828pt.
File: /Users/dantopa/GitHub//latex-2025//global//graphics/logos/hii-01.png Grap
hic file (type png)
<use /Users/dantopa/GitHub//latex-2025//global//graphics/logos/hii-01.png>
Package pdftex.def Info: /Users/dantopa/GitHub//latex-2025//global//graphics/lo
gos/hii-01.png  used on input line 41.
(pdftex.def)             Requested size: 13.59386pt x 14.22636pt.

Overfull \hbox (1.46664pt too wide) has occurred while \output is active
[][][] [][][] 
 []

[352

])
(/Users/dantopa/GitHub//latex-2025//global//libs//elements//definitions/def-gen
eralized-eigenvector.tex
 !! CONTENT SETUP !! /Users/dantopa/GitHub//latex-2025//global//libs//elements/
/definitions/"def-generalized-eigenvector.tex"
)
File: /Users/dantopa/GitHub//latex-2025//global//graphics/logos/afrl-logo.png G
raphic file (type png)
<use /Users/dantopa/GitHub//latex-2025//global//graphics/logos/afrl-logo.png>
Package pdftex.def Info: /Users/dantopa/GitHub//latex-2025//global//graphics/lo
gos/afrl-logo.png  used on input line 49.
(pdftex.def)             Requested size: 43.77304pt x 14.22636pt.
File: /Users/dantopa/GitHub//latex-2025//global//graphics/logos/af-01.png Graph
ic file (type png)
<use /Users/dantopa/GitHub//latex-2025//global//graphics/logos/af-01.png>
Package pdftex.def Info: /Users/dantopa/GitHub//latex-2025//global//graphics/lo
gos/af-01.png  used on input line 49.
(pdftex.def)             Requested size: 14.84773pt x 13.08846pt.
File: /Users/dantopa/GitHub//latex-2025//global//graphics/logos/sf-best.png Gra
phic file (type png)
<use /Users/dantopa/GitHub//latex-2025//global//graphics/logos/sf-best.png>
Package pdftex.def Info: /Users/dantopa/GitHub//latex-2025//global//graphics/lo
gos/sf-best.png  used on input line 49.
(pdftex.def)             Requested size: 16.20306pt x 16.21828pt.
File: /Users/dantopa/GitHub//latex-2025//global//graphics/logos/hii-01.png Grap
hic file (type png)
<use /Users/dantopa/GitHub//latex-2025//global//graphics/logos/hii-01.png>
Package pdftex.def Info: /Users/dantopa/GitHub//latex-2025//global//graphics/lo
gos/hii-01.png  used on input line 49.
(pdftex.def)             Requested size: 13.59386pt x 14.22636pt.

Overfull \hbox (1.46664pt too wide) has occurred while \output is active
[][][] [][][] 
 []

[353

]
(/Users/dantopa/GitHub//latex-2025//global//libs//elements//theorems/thm-ftola.
tex
 !! CONTENT SETUP !! /Users/dantopa/GitHub//latex-2025//global//libs//elements/
/theorems/"thm-ftola.tex"
LaTeX Font Info:    Font shape `T1/lmss/b/it' in size <6> not available
(Font)              Font shape `T1/lmss/bx/it' tried instead on input line 23.
LaTeX Font Info:    Font shape `T1/lmss/bx/it' in size <6> not available
(Font)              Font shape `T1/lmss/bx/sl' tried instead on input line 23.
)
File: /Users/dantopa/GitHub//latex-2025//global//graphics/logos/afrl-logo.png G
raphic file (type png)
<use /Users/dantopa/GitHub//latex-2025//global//graphics/logos/afrl-logo.png>
Package pdftex.def Info: /Users/dantopa/GitHub//latex-2025//global//graphics/lo
gos/afrl-logo.png  used on input line 56.
(pdftex.def)             Requested size: 43.77304pt x 14.22636pt.
File: /Users/dantopa/GitHub//latex-2025//global//graphics/logos/af-01.png Graph
ic file (type png)
<use /Users/dantopa/GitHub//latex-2025//global//graphics/logos/af-01.png>
Package pdftex.def Info: /Users/dantopa/GitHub//latex-2025//global//graphics/lo
gos/af-01.png  used on input line 56.
(pdftex.def)             Requested size: 14.84773pt x 13.08846pt.
File: /Users/dantopa/GitHub//latex-2025//global//graphics/logos/sf-best.png Gra
phic file (type png)
<use /Users/dantopa/GitHub//latex-2025//global//graphics/logos/sf-best.png>
Package pdftex.def Info: /Users/dantopa/GitHub//latex-2025//global//graphics/lo
gos/sf-best.png  used on input line 56.
(pdftex.def)             Requested size: 16.20306pt x 16.21828pt.
File: /Users/dantopa/GitHub//latex-2025//global//graphics/logos/hii-01.png Grap
hic file (type png)
<use /Users/dantopa/GitHub//latex-2025//global//graphics/logos/hii-01.png>
Package pdftex.def Info: /Users/dantopa/GitHub//latex-2025//global//graphics/lo
gos/hii-01.png  used on input line 56.
(pdftex.def)             Requested size: 13.59386pt x 14.22636pt.

Overfull \hbox (1.46664pt too wide) has occurred while \output is active
[][][] [][][] 
 []

[354

]
File: /Users/dantopa/GitHub//latex-2025//global//graphics/logos/afrl-logo.png G
raphic file (type png)
<use /Users/dantopa/GitHub//latex-2025//global//graphics/logos/afrl-logo.png>
Package pdftex.def Info: /Users/dantopa/GitHub//latex-2025//global//graphics/lo
gos/afrl-logo.png  used on input line 56.
(pdftex.def)             Requested size: 43.77304pt x 14.22636pt.
File: /Users/dantopa/GitHub//latex-2025//global//graphics/logos/af-01.png Graph
ic file (type png)
<use /Users/dantopa/GitHub//latex-2025//global//graphics/logos/af-01.png>
Package pdftex.def Info: /Users/dantopa/GitHub//latex-2025//global//graphics/lo
gos/af-01.png  used on input line 56.
(pdftex.def)             Requested size: 14.84773pt x 13.08846pt.
File: /Users/dantopa/GitHub//latex-2025//global//graphics/logos/sf-best.png Gra
phic file (type png)
<use /Users/dantopa/GitHub//latex-2025//global//graphics/logos/sf-best.png>
Package pdftex.def Info: /Users/dantopa/GitHub//latex-2025//global//graphics/lo
gos/sf-best.png  used on input line 56.
(pdftex.def)             Requested size: 16.20306pt x 16.21828pt.
File: /Users/dantopa/GitHub//latex-2025//global//graphics/logos/hii-01.png Grap
hic file (type png)
<use /Users/dantopa/GitHub//latex-2025//global//graphics/logos/hii-01.png>
Package pdftex.def Info: /Users/dantopa/GitHub//latex-2025//global//graphics/lo
gos/hii-01.png  used on input line 56.
(pdftex.def)             Requested size: 13.59386pt x 14.22636pt.

Overfull \hbox (1.46664pt too wide) has occurred while \output is active
[][][] [][][] 
 []

[355


]
File: /Users/dantopa/GitHub//latex-2025//global//graphics/logos/afrl-logo.png G
raphic file (type png)
<use /Users/dantopa/GitHub//latex-2025//global//graphics/logos/afrl-logo.png>
Package pdftex.def Info: /Users/dantopa/GitHub//latex-2025//global//graphics/lo
gos/afrl-logo.png  used on input line 63.
(pdftex.def)             Requested size: 43.77304pt x 14.22636pt.
File: /Users/dantopa/GitHub//latex-2025//global//graphics/logos/af-01.png Graph
ic file (type png)
<use /Users/dantopa/GitHub//latex-2025//global//graphics/logos/af-01.png>
Package pdftex.def Info: /Users/dantopa/GitHub//latex-2025//global//graphics/lo
gos/af-01.png  used on input line 63.
(pdftex.def)             Requested size: 14.84773pt x 13.08846pt.
File: /Users/dantopa/GitHub//latex-2025//global//graphics/logos/sf-best.png Gra
phic file (type png)
<use /Users/dantopa/GitHub//latex-2025//global//graphics/logos/sf-best.png>
Package pdftex.def Info: /Users/dantopa/GitHub//latex-2025//global//graphics/lo
gos/sf-best.png  used on input line 63.
(pdftex.def)             Requested size: 16.20306pt x 16.21828pt.
File: /Users/dantopa/GitHub//latex-2025//global//graphics/logos/hii-01.png Grap
hic file (type png)
<use /Users/dantopa/GitHub//latex-2025//global//graphics/logos/hii-01.png>
Package pdftex.def Info: /Users/dantopa/GitHub//latex-2025//global//graphics/lo
gos/hii-01.png  used on input line 63.
(pdftex.def)             Requested size: 13.59386pt x 14.22636pt.

Overfull \hbox (1.46664pt too wide) has occurred while \output is active
[][][] [][][] 
 []

[356

])
(/Users/dantopa/GitHub//latex-2025//pres/cwh-textbook//sections//ssec-theory-di
fferential-equations.tex
 !! CONTENT SETUP !! /Users/dantopa/GitHub//latex-2025//pres/cwh-textbook//sect
ions/"ssec-theory-differential-equations.tex"
))
File: /Users/dantopa/GitHub//latex-2025//global//graphics/logos/afrl-logo.png G
raphic file (type png)
<use /Users/dantopa/GitHub//latex-2025//global//graphics/logos/afrl-logo.png>
Package pdftex.def Info: /Users/dantopa/GitHub//latex-2025//global//graphics/lo
gos/afrl-logo.png  used on input line 135.
(pdftex.def)             Requested size: 43.77304pt x 14.22636pt.
File: /Users/dantopa/GitHub//latex-2025//global//graphics/logos/af-01.png Graph
ic file (type png)
<use /Users/dantopa/GitHub//latex-2025//global//graphics/logos/af-01.png>
Package pdftex.def Info: /Users/dantopa/GitHub//latex-2025//global//graphics/lo
gos/af-01.png  used on input line 135.
(pdftex.def)             Requested size: 14.84773pt x 13.08846pt.
File: /Users/dantopa/GitHub//latex-2025//global//graphics/logos/sf-best.png Gra
phic file (type png)
<use /Users/dantopa/GitHub//latex-2025//global//graphics/logos/sf-best.png>
Package pdftex.def Info: /Users/dantopa/GitHub//latex-2025//global//graphics/lo
gos/sf-best.png  used on input line 135.
(pdftex.def)             Requested size: 16.20306pt x 16.21828pt.
File: /Users/dantopa/GitHub//latex-2025//global//graphics/logos/hii-01.png Grap
hic file (type png)
<use /Users/dantopa/GitHub//latex-2025//global//graphics/logos/hii-01.png>
Package pdftex.def Info: /Users/dantopa/GitHub//latex-2025//global//graphics/lo
gos/hii-01.png  used on input line 135.
(pdftex.def)             Requested size: 13.59386pt x 14.22636pt.

Overfull \hbox (1.46664pt too wide) has occurred while \output is active
[][][] [][][] 
 []

[357

]
\tf@nav=\write10
\openout10 = `main-cwh-textbook.nav'.

\tf@toc=\write11
\openout11 = `main-cwh-textbook.toc'.

\tf@snm=\write12
\openout12 = `main-cwh-textbook.snm'.



Package glossaries Warning: No \printglossary or \printglossaries found. 
(Remove \makeglossaries if you don't want any glossaries.) 
This document will not have a glossary.

Package atveryend Info: Empty hook `BeforeClearDocument' on input line 137.
Package atveryend Info: Empty hook `AfterLastShipout' on input line 137.
(./main-cwh-textbook.aux)
Package atveryend Info: Executing hook `AtVeryEndDocument' on input line 137.
Package atveryend Info: Executing hook `AtEndAfterFileList' on input line 137.


Package rerunfilecheck Warning: File `main-cwh-textbook.out' has changed.
(rerunfilecheck)                Rerun to get outlines right
(rerunfilecheck)                or use package `bookmark'.

Package rerunfilecheck Info: Checksums for `main-cwh-textbook.out':
(rerunfilecheck)             Before: D41D8CD98F00B204E9800998ECF8427E;0
(rerunfilecheck)             After:  8064660B163777BE54591C20C1FE68E9;2581.

LaTeX Warning: There were undefined references.


LaTeX Warning: There were multiply-defined labels.


Package biblatex Warning: Please (re)run Biber on the file:
(biblatex)                main-cwh-textbook
(biblatex)                and rerun LaTeX afterwards.

Package logreq Info: Writing requests to 'main-cwh-textbook.run.xml'.
\openout1 = `main-cwh-textbook.run.xml'.

 ) 
Here is how much of TeX's memory you used:
 61662 strings out of 480608
 1393661 string characters out of 5903631
 3322058 words of memory out of 5000000
 75232 multiletter control sequences out of 15000+600000
 640639 words of font info for 101 fonts, out of 8000000 for 9000
 1141 hyphenation exceptions out of 8191
 97i,27n,186p,2023b,8846s stack positions out of 5000i,500n,10000p,200000b,80000s
pdfTeX warning (dest): name{cite.0@strang1993fundamental} has been referenced
 but does not exist, replaced by a fixed one

pdfTeX warning (dest): name{cite.0@strang2022introduction} has been referenced 
but does not exist, replaced by a fixed one

pdfTeX warning (dest): name{eq:evectors} has been referenced but does not exist
, replaced by a fixed one

pdfTeX warning (dest): name{cite.0@WolframCW} has been referenced but does not 
exist, replaced by a fixed one

pdfTeX warning (dest): name{cite.0@WikipediaCW} has been referenced but does no
t exist, replaced by a fixed one

pdfTeX warning (dest): name{cite.0@meyer2004matrix} has been referenced but doe
s not exist, replaced by a fixed one

pdfTeX warning (dest): name{eq:vector\040components} has been referenced but do
es not exist, replaced by a fixed one

pdfTeX warning (dest): name{eq:two\040A6} has been referenced but does not exis
t, replaced by a fixed one

pdfTeX warning (dest): name{eq:thm:series-convergence} has been referenced but 
does not exist, replaced by a fixed one

pdfTeX warning (dest): name{eq:-eom:pendulum} has been referenced but does not 
exist, replaced by a fixed one

pdfTeX warning (dest): name{cite.0@brauer1989qualitative} has been referenced b
ut does not exist, replaced by a fixed one

pdfTeX warning (dest): name{cite.0@perko2013differential} has been referenced b
ut does not exist, replaced by a fixed one

pdfTeX warning (dest): name{cite.0@vallado2001fundamentals} has been referenced
 but does not exist, replaced by a fixed one

pdfTeX warning (dest): name{cite.0@sherrill2015lyapunov} has been referenced bu
t does not exist, replaced by a fixed one

pdfTeX warning (dest): name{cite.0@schaub2003analytical} has been referenced bu
t does not exist, replaced by a fixed one

pdfTeX warning (dest): name{cite.0@kaplan2020modern} has been referenced but do
es not exist, replaced by a fixed one

pdfTeX warning (dest): name{cite.0@bate2020fundamentals} has been referenced bu
t does not exist, replaced by a fixed one

{/usr/local/texlive/2020/texmf-dist/fonts/enc/dvips/lm/lm-ec.enc}{/usr/local/te
xlive/2020/texmf-dist/fonts/enc/dvips/lm/lm-mathsy.enc}{/usr/local/texlive/2020
/texmf-dist/fonts/enc/dvips/lm/lm-mathit.enc}{/usr/local/texlive/2020/texmf-dis
t/fonts/enc/dvips/lm/lm-rm.enc}{/usr/local/texlive/2020/texmf-dist/fonts/enc/dv
ips/lm/lm-mathex.enc}{/usr/local/texlive/2020/texmf-dist/fonts/enc/dvips/lm/lm-
ts1.enc}</usr/local/texlive/2020/texmf-dist/fonts/type1/public/amsfonts/latxfon
t/lcircle1.pfb></usr/local/texlive/2020/texmf-dist/fonts/type1/public/lm/lmbx10
.pfb></usr/local/texlive/2020/texmf-dist/fonts/type1/public/lm/lmbx12.pfb></usr
/local/texlive/2020/texmf-dist/fonts/type1/public/lm/lmbx5.pfb></usr/local/texl
ive/2020/texmf-dist/fonts/type1/public/lm/lmbx6.pfb></usr/local/texlive/2020/te
xmf-dist/fonts/type1/public/lm/lmbx8.pfb></usr/local/texlive/2020/texmf-dist/fo
nts/type1/public/lm/lmbx9.pfb></usr/local/texlive/2020/texmf-dist/fonts/type1/p
ublic/lm/lmex10.pfb></usr/local/texlive/2020/texmf-dist/fonts/type1/public/lm/l
mmi10.pfb></usr/local/texlive/2020/texmf-dist/fonts/type1/public/lm/lmmi12.pfb>
</usr/local/texlive/2020/texmf-dist/fonts/type1/public/lm/lmmi5.pfb></usr/local
/texlive/2020/texmf-dist/fonts/type1/public/lm/lmmi6.pfb></usr/local/texlive/20
20/texmf-dist/fonts/type1/public/lm/lmmi7.pfb></usr/local/texlive/2020/texmf-di
st/fonts/type1/public/lm/lmmi8.pfb></usr/local/texlive/2020/texmf-dist/fonts/ty
pe1/public/lm/lmmi9.pfb></usr/local/texlive/2020/texmf-dist/fonts/type1/public/
lm/lmr10.pfb></usr/local/texlive/2020/texmf-dist/fonts/type1/public/lm/lmr12.pf
b></usr/local/texlive/2020/texmf-dist/fonts/type1/public/lm/lmr5.pfb></usr/loca
l/texlive/2020/texmf-dist/fonts/type1/public/lm/lmr6.pfb></usr/local/texlive/20
20/texmf-dist/fonts/type1/public/lm/lmr7.pfb></usr/local/texlive/2020/texmf-dis
t/fonts/type1/public/lm/lmr8.pfb></usr/local/texlive/2020/texmf-dist/fonts/type
1/public/lm/lmr9.pfb></usr/local/texlive/2020/texmf-dist/fonts/type1/public/lm/
lmssbo10.pfb></usr/local/texlive/2020/texmf-dist/fonts/type1/public/lm/lmssbx10
.pfb></usr/local/texlive/2020/texmf-dist/fonts/type1/public/lm/lmsy10.pfb></usr
/local/texlive/2020/texmf-dist/fonts/type1/public/lm/lmsy5.pfb></usr/local/texl
ive/2020/texmf-dist/fonts/type1/public/lm/lmsy6.pfb></usr/local/texlive/2020/te
xmf-dist/fonts/type1/public/lm/lmsy7.pfb></usr/local/texlive/2020/texmf-dist/fo
nts/type1/public/lm/lmsy8.pfb></usr/local/texlive/2020/texmf-dist/fonts/type1/p
ublic/lm/lmsy9.pfb></usr/local/texlive/2020/texmf-dist/fonts/type1/public/lm/lm
tk10.pfb></usr/local/texlive/2020/texmf-dist/fonts/type1/public/amsfonts/symbol
s/msam10.pfb></usr/local/texlive/2020/texmf-dist/fonts/type1/public/amsfonts/sy
mbols/msbm10.pfb>
Output written on main-cwh-textbook.pdf (357 pages, 11683125 bytes).
PDF statistics:
 16292 PDF objects out of 18468 (max. 8388607)
 15532 compressed objects within 156 object streams
 928 named destinations out of 1000 (max. 500000)
 363 words of extra memory for PDF output out of 10000 (max. 10000000)

