This is pdfTeX, Version 3.14159265-2.6-1.40.21 (TeX Live 2020) (preloaded format=pdflatex 2020.4.7)  7 MAY 2026 16:40
entering extended mode
 restricted \write18 enabled.
 file:line:error style messages enabled.
 %&-line parsing enabled.
**main-fortran-v-cpp.tex
(./main-fortran-v-cpp.tex
LaTeX2e <2020-02-02> patch level 5
L3 programming layer <2020-03-06>
(/usr/local/texlive/2020/texmf-dist/tex/latex/beamer/beamer.cls
Document Class: beamer 2019/09/29 v3.57 A class for typesetting presentations
(/usr/local/texlive/2020/texmf-dist/tex/latex/beamer/beamerbasemodes.sty
(/usr/local/texlive/2020/texmf-dist/tex/latex/etoolbox/etoolbox.sty
Package: etoolbox 2019/09/21 v2.5h e-TeX tools for LaTeX (JAW)
\etb@tempcnta=\count167
)
\beamer@tempbox=\box45
\beamer@tempcount=\count168
\c@beamerpauses=\count169

(/usr/local/texlive/2020/texmf-dist/tex/latex/beamer/beamerbasedecode.sty
\beamer@slideinframe=\count170
\beamer@minimum=\count171
\beamer@decode@box=\box46
)
\beamer@commentbox=\box47
\beamer@modecount=\count172
)
(/usr/local/texlive/2020/texmf-dist/tex/generic/iftex/ifpdf.sty
Package: ifpdf 2019/10/25 v3.4 ifpdf legacy package. Use iftex instead.

(/usr/local/texlive/2020/texmf-dist/tex/generic/iftex/iftex.sty
Package: iftex 2020/03/06 v1.0d TeX engine tests
))
\headdp=\dimen134
\footheight=\dimen135
\sidebarheight=\dimen136
\beamer@tempdim=\dimen137
\beamer@finalheight=\dimen138
\beamer@animht=\dimen139
\beamer@animdp=\dimen140
\beamer@animwd=\dimen141
\beamer@leftmargin=\dimen142
\beamer@rightmargin=\dimen143
\beamer@leftsidebar=\dimen144
\beamer@rightsidebar=\dimen145
\beamer@boxsize=\dimen146
\beamer@vboxoffset=\dimen147
\beamer@descdefault=\dimen148
\beamer@descriptionwidth=\dimen149
\beamer@lastskip=\skip47
\beamer@areabox=\box48
\beamer@animcurrent=\box49
\beamer@animshowbox=\box50
\beamer@sectionbox=\box51
\beamer@logobox=\box52
\beamer@linebox=\box53
\beamer@sectioncount=\count173
\beamer@subsubsectionmax=\count174
\beamer@subsectionmax=\count175
\beamer@sectionmax=\count176
\beamer@totalheads=\count177
\beamer@headcounter=\count178
\beamer@partstartpage=\count179
\beamer@sectionstartpage=\count180
\beamer@subsectionstartpage=\count181
\beamer@animationtempa=\count182
\beamer@animationtempb=\count183
\beamer@xpos=\count184
\beamer@ypos=\count185
\beamer@ypos@offset=\count186
\beamer@showpartnumber=\count187
\beamer@currentsubsection=\count188
\beamer@coveringdepth=\count189
\beamer@sectionadjust=\count190
\beamer@tocsectionnumber=\count191

(/usr/local/texlive/2020/texmf-dist/tex/latex/beamer/beamerbaseoptions.sty
(/usr/local/texlive/2020/texmf-dist/tex/latex/graphics/keyval.sty
Package: keyval 2014/10/28 v1.15 key=value parser (DPC)
\KV@toks@=\toks15
))
\beamer@paperwidth=\skip48
\beamer@paperheight=\skip49

(/usr/local/texlive/2020/texmf-dist/tex/latex/geometry/geometry.sty
Package: geometry 2020/01/02 v5.9 Page Geometry

(/usr/local/texlive/2020/texmf-dist/tex/generic/iftex/ifvtex.sty
Package: ifvtex 2019/10/25 v1.7 ifvtex legacy package. Use iftex instead.
)
\Gm@cnth=\count192
\Gm@cntv=\count193
\c@Gm@tempcnt=\count194
\Gm@bindingoffset=\dimen150
\Gm@wd@mp=\dimen151
\Gm@odd@mp=\dimen152
\Gm@even@mp=\dimen153
\Gm@layoutwidth=\dimen154
\Gm@layoutheight=\dimen155
\Gm@layouthoffset=\dimen156
\Gm@layoutvoffset=\dimen157
\Gm@dimlist=\toks16
)
(/usr/local/texlive/2020/texmf-dist/tex/latex/base/size11.clo
File: size11.clo 2019/12/20 v1.4l Standard LaTeX file (size option)
)
(/usr/local/texlive/2020/texmf-dist/tex/latex/pgf/basiclayer/pgfcore.sty
(/usr/local/texlive/2020/texmf-dist/tex/latex/graphics/graphicx.sty
Package: graphicx 2019/11/30 v1.2a Enhanced LaTeX Graphics (DPC,SPQR)

(/usr/local/texlive/2020/texmf-dist/tex/latex/graphics/graphics.sty
Package: graphics 2019/11/30 v1.4a Standard LaTeX Graphics (DPC,SPQR)

(/usr/local/texlive/2020/texmf-dist/tex/latex/graphics/trig.sty
Package: trig 2016/01/03 v1.10 sin cos tan (DPC)
)
(/usr/local/texlive/2020/texmf-dist/tex/latex/graphics-cfg/graphics.cfg
File: graphics.cfg 2016/06/04 v1.11 sample graphics configuration
)
Package graphics Info: Driver file: pdftex.def on input line 105.

(/usr/local/texlive/2020/texmf-dist/tex/latex/graphics-def/pdftex.def
File: pdftex.def 2018/01/08 v1.0l Graphics/color driver for pdftex
))
\Gin@req@height=\dimen158
\Gin@req@width=\dimen159
)
(/usr/local/texlive/2020/texmf-dist/tex/latex/pgf/systemlayer/pgfsys.sty
(/usr/local/texlive/2020/texmf-dist/tex/latex/pgf/utilities/pgfrcs.sty
(/usr/local/texlive/2020/texmf-dist/tex/generic/pgf/utilities/pgfutil-common.te
x
\pgfutil@everybye=\toks17
\pgfutil@tempdima=\dimen160
\pgfutil@tempdimb=\dimen161

(/usr/local/texlive/2020/texmf-dist/tex/generic/pgf/utilities/pgfutil-common-li
sts.tex))
(/usr/local/texlive/2020/texmf-dist/tex/generic/pgf/utilities/pgfutil-latex.def
\pgfutil@abb=\box54
(/usr/local/texlive/2020/texmf-dist/tex/latex/ms/everyshi.sty
Package: everyshi 2001/05/15 v3.00 EveryShipout Package (MS)
))
(/usr/local/texlive/2020/texmf-dist/tex/generic/pgf/utilities/pgfrcs.code.tex
(/usr/local/texlive/2020/texmf-dist/tex/generic/pgf/pgf.revision.tex)
Package: pgfrcs 2020/01/08 v3.1.5b (3.1.5b)
))
(/usr/local/texlive/2020/texmf-dist/tex/generic/pgf/systemlayer/pgfsys.code.tex
Package: pgfsys 2020/01/08 v3.1.5b (3.1.5b)
(/usr/local/texlive/2020/texmf-dist/tex/generic/pgf/utilities/pgfkeys.code.tex
\pgfkeys@pathtoks=\toks18
\pgfkeys@temptoks=\toks19

(/usr/local/texlive/2020/texmf-dist/tex/generic/pgf/utilities/pgfkeysfiltered.c
ode.tex
\pgfkeys@tmptoks=\toks20
))
\pgf@x=\dimen162
\pgf@y=\dimen163
\pgf@xa=\dimen164
\pgf@ya=\dimen165
\pgf@xb=\dimen166
\pgf@yb=\dimen167
\pgf@xc=\dimen168
\pgf@yc=\dimen169
\pgf@xd=\dimen170
\pgf@yd=\dimen171
\w@pgf@writea=\write3
\r@pgf@reada=\read2
\c@pgf@counta=\count195
\c@pgf@countb=\count196
\c@pgf@countc=\count197
\c@pgf@countd=\count198
\t@pgf@toka=\toks21
\t@pgf@tokb=\toks22
\t@pgf@tokc=\toks23
\pgf@sys@id@count=\count199

(/usr/local/texlive/2020/texmf-dist/tex/generic/pgf/systemlayer/pgf.cfg
File: pgf.cfg 2020/01/08 v3.1.5b (3.1.5b)
)
Driver file for pgf: pgfsys-pdftex.def

(/usr/local/texlive/2020/texmf-dist/tex/generic/pgf/systemlayer/pgfsys-pdftex.d
ef
File: pgfsys-pdftex.def 2020/01/08 v3.1.5b (3.1.5b)

(/usr/local/texlive/2020/texmf-dist/tex/generic/pgf/systemlayer/pgfsys-common-p
df.def
File: pgfsys-common-pdf.def 2020/01/08 v3.1.5b (3.1.5b)
)))
(/usr/local/texlive/2020/texmf-dist/tex/generic/pgf/systemlayer/pgfsyssoftpath.
code.tex
File: pgfsyssoftpath.code.tex 2020/01/08 v3.1.5b (3.1.5b)
\pgfsyssoftpath@smallbuffer@items=\count266
\pgfsyssoftpath@bigbuffer@items=\count267
)
(/usr/local/texlive/2020/texmf-dist/tex/generic/pgf/systemlayer/pgfsysprotocol.
code.tex
File: pgfsysprotocol.code.tex 2020/01/08 v3.1.5b (3.1.5b)
)) (/usr/local/texlive/2020/texmf-dist/tex/latex/xcolor/xcolor.sty
Package: xcolor 2016/05/11 v2.12 LaTeX color extensions (UK)

(/usr/local/texlive/2020/texmf-dist/tex/latex/graphics-cfg/color.cfg
File: color.cfg 2016/01/02 v1.6 sample color configuration
)
Package xcolor Info: Driver file: pdftex.def on input line 225.
Package xcolor Info: Model `cmy' substituted by `cmy0' on input line 1348.
Package xcolor Info: Model `hsb' substituted by `rgb' on input line 1352.
Package xcolor Info: Model `RGB' extended on input line 1364.
Package xcolor Info: Model `HTML' substituted by `rgb' on input line 1366.
Package xcolor Info: Model `Hsb' substituted by `hsb' on input line 1367.
Package xcolor Info: Model `tHsb' substituted by `hsb' on input line 1368.
Package xcolor Info: Model `HSB' substituted by `hsb' on input line 1369.
Package xcolor Info: Model `Gray' substituted by `gray' on input line 1370.
Package xcolor Info: Model `wave' substituted by `hsb' on input line 1371.
)
(/usr/local/texlive/2020/texmf-dist/tex/generic/pgf/basiclayer/pgfcore.code.tex
Package: pgfcore 2020/01/08 v3.1.5b (3.1.5b)
(/usr/local/texlive/2020/texmf-dist/tex/generic/pgf/math/pgfmath.code.tex
(/usr/local/texlive/2020/texmf-dist/tex/generic/pgf/math/pgfmathcalc.code.tex
(/usr/local/texlive/2020/texmf-dist/tex/generic/pgf/math/pgfmathutil.code.tex)
(/usr/local/texlive/2020/texmf-dist/tex/generic/pgf/math/pgfmathparser.code.tex
\pgfmath@dimen=\dimen172
\pgfmath@count=\count268
\pgfmath@box=\box55
\pgfmath@toks=\toks24
\pgfmath@stack@operand=\toks25
\pgfmath@stack@operation=\toks26
)
(/usr/local/texlive/2020/texmf-dist/tex/generic/pgf/math/pgfmathfunctions.code.
tex
(/usr/local/texlive/2020/texmf-dist/tex/generic/pgf/math/pgfmathfunctions.basic
.code.tex)
(/usr/local/texlive/2020/texmf-dist/tex/generic/pgf/math/pgfmathfunctions.trigo
nometric.code.tex)
(/usr/local/texlive/2020/texmf-dist/tex/generic/pgf/math/pgfmathfunctions.rando
m.code.tex)
(/usr/local/texlive/2020/texmf-dist/tex/generic/pgf/math/pgfmathfunctions.compa
rison.code.tex)
(/usr/local/texlive/2020/texmf-dist/tex/generic/pgf/math/pgfmathfunctions.base.
code.tex)
(/usr/local/texlive/2020/texmf-dist/tex/generic/pgf/math/pgfmathfunctions.round
.code.tex)
(/usr/local/texlive/2020/texmf-dist/tex/generic/pgf/math/pgfmathfunctions.misc.
code.tex)
(/usr/local/texlive/2020/texmf-dist/tex/generic/pgf/math/pgfmathfunctions.integ
erarithmetics.code.tex)))
(/usr/local/texlive/2020/texmf-dist/tex/generic/pgf/math/pgfmathfloat.code.tex
\c@pgfmathroundto@lastzeros=\count269
)) (/usr/local/texlive/2020/texmf-dist/tex/generic/pgf/math/pgfint.code.tex)
(/usr/local/texlive/2020/texmf-dist/tex/generic/pgf/basiclayer/pgfcorepoints.co
de.tex
File: pgfcorepoints.code.tex 2020/01/08 v3.1.5b (3.1.5b)
\pgf@picminx=\dimen173
\pgf@picmaxx=\dimen174
\pgf@picminy=\dimen175
\pgf@picmaxy=\dimen176
\pgf@pathminx=\dimen177
\pgf@pathmaxx=\dimen178
\pgf@pathminy=\dimen179
\pgf@pathmaxy=\dimen180
\pgf@xx=\dimen181
\pgf@xy=\dimen182
\pgf@yx=\dimen183
\pgf@yy=\dimen184
\pgf@zx=\dimen185
\pgf@zy=\dimen186
)
(/usr/local/texlive/2020/texmf-dist/tex/generic/pgf/basiclayer/pgfcorepathconst
ruct.code.tex
File: pgfcorepathconstruct.code.tex 2020/01/08 v3.1.5b (3.1.5b)
\pgf@path@lastx=\dimen187
\pgf@path@lasty=\dimen188
)
(/usr/local/texlive/2020/texmf-dist/tex/generic/pgf/basiclayer/pgfcorepathusage
.code.tex
File: pgfcorepathusage.code.tex 2020/01/08 v3.1.5b (3.1.5b)
\pgf@shorten@end@additional=\dimen189
\pgf@shorten@start@additional=\dimen190
)
(/usr/local/texlive/2020/texmf-dist/tex/generic/pgf/basiclayer/pgfcorescopes.co
de.tex
File: pgfcorescopes.code.tex 2020/01/08 v3.1.5b (3.1.5b)
\pgfpic=\box56
\pgf@hbox=\box57
\pgf@layerbox@main=\box58
\pgf@picture@serial@count=\count270
)
(/usr/local/texlive/2020/texmf-dist/tex/generic/pgf/basiclayer/pgfcoregraphicst
ate.code.tex
File: pgfcoregraphicstate.code.tex 2020/01/08 v3.1.5b (3.1.5b)
\pgflinewidth=\dimen191
)
(/usr/local/texlive/2020/texmf-dist/tex/generic/pgf/basiclayer/pgfcoretransform
ations.code.tex
File: pgfcoretransformations.code.tex 2020/01/08 v3.1.5b (3.1.5b)
\pgf@pt@x=\dimen192
\pgf@pt@y=\dimen193
\pgf@pt@temp=\dimen194
)
(/usr/local/texlive/2020/texmf-dist/tex/generic/pgf/basiclayer/pgfcorequick.cod
e.tex
File: pgfcorequick.code.tex 2020/01/08 v3.1.5b (3.1.5b)
)
(/usr/local/texlive/2020/texmf-dist/tex/generic/pgf/basiclayer/pgfcoreobjects.c
ode.tex
File: pgfcoreobjects.code.tex 2020/01/08 v3.1.5b (3.1.5b)
)
(/usr/local/texlive/2020/texmf-dist/tex/generic/pgf/basiclayer/pgfcorepathproce
ssing.code.tex
File: pgfcorepathprocessing.code.tex 2020/01/08 v3.1.5b (3.1.5b)
)
(/usr/local/texlive/2020/texmf-dist/tex/generic/pgf/basiclayer/pgfcorearrows.co
de.tex
File: pgfcorearrows.code.tex 2020/01/08 v3.1.5b (3.1.5b)
\pgfarrowsep=\dimen195
)
(/usr/local/texlive/2020/texmf-dist/tex/generic/pgf/basiclayer/pgfcoreshade.cod
e.tex
File: pgfcoreshade.code.tex 2020/01/08 v3.1.5b (3.1.5b)
\pgf@max=\dimen196
\pgf@sys@shading@range@num=\count271
\pgf@shadingcount=\count272
)
(/usr/local/texlive/2020/texmf-dist/tex/generic/pgf/basiclayer/pgfcoreimage.cod
e.tex
File: pgfcoreimage.code.tex 2020/01/08 v3.1.5b (3.1.5b)

(/usr/local/texlive/2020/texmf-dist/tex/generic/pgf/basiclayer/pgfcoreexternal.
code.tex
File: pgfcoreexternal.code.tex 2020/01/08 v3.1.5b (3.1.5b)
\pgfexternal@startupbox=\box59
))
(/usr/local/texlive/2020/texmf-dist/tex/generic/pgf/basiclayer/pgfcorelayers.co
de.tex
File: pgfcorelayers.code.tex 2020/01/08 v3.1.5b (3.1.5b)
)
(/usr/local/texlive/2020/texmf-dist/tex/generic/pgf/basiclayer/pgfcoretranspare
ncy.code.tex
File: pgfcoretransparency.code.tex 2020/01/08 v3.1.5b (3.1.5b)
)
(/usr/local/texlive/2020/texmf-dist/tex/generic/pgf/basiclayer/pgfcorepatterns.
code.tex
File: pgfcorepatterns.code.tex 2020/01/08 v3.1.5b (3.1.5b)
)
(/usr/local/texlive/2020/texmf-dist/tex/generic/pgf/basiclayer/pgfcorerdf.code.
tex
File: pgfcorerdf.code.tex 2020/01/08 v3.1.5b (3.1.5b)
))) (/usr/local/texlive/2020/texmf-dist/tex/latex/pgf/utilities/xxcolor.sty
Package: xxcolor 2003/10/24 ver 0.1
\XC@nummixins=\count273
\XC@countmixins=\count274
) (/usr/local/texlive/2020/texmf-dist/tex/generic/atbegshi/atbegshi.sty
Package: atbegshi 2019/12/05 v1.19 At begin shipout hook (HO)

(/usr/local/texlive/2020/texmf-dist/tex/generic/infwarerr/infwarerr.sty
Package: infwarerr 2019/12/03 v1.5 Providing info/warning/error messages (HO)
)
(/usr/local/texlive/2020/texmf-dist/tex/generic/ltxcmds/ltxcmds.sty
Package: ltxcmds 2019/12/15 v1.24 LaTeX kernel commands for general use (HO)
))
(/usr/local/texlive/2020/texmf-dist/tex/latex/hyperref/hyperref.sty
Package: hyperref 2020/01/14 v7.00d Hypertext links for LaTeX

(/usr/local/texlive/2020/texmf-dist/tex/latex/pdftexcmds/pdftexcmds.sty
Package: pdftexcmds 2019/11/24 v0.31 Utility functions of pdfTeX for LuaTeX (HO
)
Package pdftexcmds Info: \pdf@primitive is available.
Package pdftexcmds Info: \pdf@ifprimitive is available.
Package pdftexcmds Info: \pdfdraftmode found.
)
(/usr/local/texlive/2020/texmf-dist/tex/generic/kvsetkeys/kvsetkeys.sty
Package: kvsetkeys 2019/12/15 v1.18 Key value parser (HO)
)
(/usr/local/texlive/2020/texmf-dist/tex/generic/kvdefinekeys/kvdefinekeys.sty
Package: kvdefinekeys 2019-12-19 v1.6 Define keys (HO)
)
(/usr/local/texlive/2020/texmf-dist/tex/generic/pdfescape/pdfescape.sty
Package: pdfescape 2019/12/09 v1.15 Implements pdfTeX's escape features (HO)
)
(/usr/local/texlive/2020/texmf-dist/tex/latex/hycolor/hycolor.sty
Package: hycolor 2020-01-27 v1.10 Color options for hyperref/bookmark (HO)
)
(/usr/local/texlive/2020/texmf-dist/tex/latex/letltxmacro/letltxmacro.sty
Package: letltxmacro 2019/12/03 v1.6 Let assignment for LaTeX macros (HO)
)
(/usr/local/texlive/2020/texmf-dist/tex/latex/auxhook/auxhook.sty
Package: auxhook 2019-12-17 v1.6 Hooks for auxiliary files (HO)
)
(/usr/local/texlive/2020/texmf-dist/tex/latex/kvoptions/kvoptions.sty
Package: kvoptions 2019/11/29 v3.13 Key value format for package options (HO)
)
\@linkdim=\dimen197
\Hy@linkcounter=\count275
\Hy@pagecounter=\count276

(/usr/local/texlive/2020/texmf-dist/tex/latex/hyperref/pd1enc.def
File: pd1enc.def 2020/01/14 v7.00d Hyperref: PDFDocEncoding definition (HO)
Now handling font encoding PD1 ...
... no UTF-8 mapping file for font encoding PD1
)
(/usr/local/texlive/2020/texmf-dist/tex/generic/intcalc/intcalc.sty
Package: intcalc 2019/12/15 v1.3 Expandable calculations with integers (HO)
)
(/usr/local/texlive/2020/texmf-dist/tex/generic/etexcmds/etexcmds.sty
Package: etexcmds 2019/12/15 v1.7 Avoid name clashes with e-TeX commands (HO)
)
\Hy@SavedSpaceFactor=\count277
Package hyperref Info: Option `bookmarks' set `true' on input line 4421.
Package hyperref Info: Option `bookmarksopen' set `true' on input line 4421.
Package hyperref Info: Option `implicit' set `false' on input line 4421.
Package hyperref Info: Hyper figures OFF on input line 4547.
Package hyperref Info: Link nesting OFF on input line 4552.
Package hyperref Info: Hyper index ON on input line 4555.
Package hyperref Info: Plain pages OFF on input line 4562.
Package hyperref Info: Backreferencing OFF on input line 4567.
Package hyperref Info: Implicit mode OFF; no redefinition of LaTeX internals.
Package hyperref Info: Bookmarks ON on input line 4800.
\c@Hy@tempcnt=\count278

(/usr/local/texlive/2020/texmf-dist/tex/latex/url/url.sty
\Urlmuskip=\muskip16
Package: url 2013/09/16  ver 3.4  Verb mode for urls, etc.
)
LaTeX Info: Redefining \url on input line 5159.
\XeTeXLinkMargin=\dimen198

(/usr/local/texlive/2020/texmf-dist/tex/generic/bitset/bitset.sty
Package: bitset 2019/12/09 v1.3 Handle bit-vector datatype (HO)

(/usr/local/texlive/2020/texmf-dist/tex/generic/bigintcalc/bigintcalc.sty
Package: bigintcalc 2019/12/15 v1.5 Expandable calculations on big integers (HO
)
))
\Fld@menulength=\count279
\Field@Width=\dimen199
\Fld@charsize=\dimen256
Package hyperref Info: Hyper figures OFF on input line 6430.
Package hyperref Info: Link nesting OFF on input line 6435.
Package hyperref Info: Hyper index ON on input line 6438.
Package hyperref Info: backreferencing OFF on input line 6445.
Package hyperref Info: Link coloring OFF on input line 6450.
Package hyperref Info: Link coloring with OCG OFF on input line 6455.
Package hyperref Info: PDF/A mode OFF on input line 6460.
LaTeX Info: Redefining \ref on input line 6500.
LaTeX Info: Redefining \pageref on input line 6504.
\Hy@abspage=\count280


Package hyperref Message: Stopped early.

)
Package hyperref Info: Driver (autodetected): hpdftex.
 (/usr/local/texlive/2020/texmf-dist/tex/latex/hyperref/hpdftex.def
File: hpdftex.def 2020/01/14 v7.00d Hyperref driver for pdfTeX

(/usr/local/texlive/2020/texmf-dist/tex/latex/atveryend/atveryend.sty
Package: atveryend 2019-12-11 v1.11 Hooks at the very end of document (HO)
)
\Fld@listcount=\count281
\c@bookmark@seq@number=\count282

(/usr/local/texlive/2020/texmf-dist/tex/latex/rerunfilecheck/rerunfilecheck.sty
Package: rerunfilecheck 2019/12/05 v1.9 Rerun checks for auxiliary files (HO)

(/usr/local/texlive/2020/texmf-dist/tex/generic/uniquecounter/uniquecounter.sty
Package: uniquecounter 2019/12/15 v1.4 Provide unlimited unique counter (HO)
)
Package uniquecounter Info: New unique counter `rerunfilecheck' on input line 2
86.
)) (/usr/local/texlive/2020/texmf-dist/tex/latex/beamer/beamerbaserequires.sty
(/usr/local/texlive/2020/texmf-dist/tex/latex/beamer/beamerbasecompatibility.st
y) (/usr/local/texlive/2020/texmf-dist/tex/latex/beamer/beamerbasefont.sty
(/usr/local/texlive/2020/texmf-dist/tex/latex/amsfonts/amssymb.sty
Package: amssymb 2013/01/14 v3.01 AMS font symbols

(/usr/local/texlive/2020/texmf-dist/tex/latex/amsfonts/amsfonts.sty
Package: amsfonts 2013/01/14 v3.01 Basic AMSFonts support
\@emptytoks=\toks27
\symAMSa=\mathgroup4
\symAMSb=\mathgroup5
LaTeX Font Info:    Redeclaring math symbol \hbar on input line 98.
LaTeX Font Info:    Overwriting math alphabet `\mathfrak' in version `bold'
(Font)                  U/euf/m/n --> U/euf/b/n on input line 106.
))
(/usr/local/texlive/2020/texmf-dist/tex/latex/sansmathaccent/sansmathaccent.sty
Package: sansmathaccent 2020/01/31
(/usr/local/texlive/2020/texmf-dist/tex/latex/koma-script/scrlfile.sty
Package: scrlfile 2020/01/24 v3.29 KOMA-Script package (loading files)
)))
(/usr/local/texlive/2020/texmf-dist/tex/latex/beamer/beamerbasetranslator.sty
(/usr/local/texlive/2020/texmf-dist/tex/latex/translator/translator.sty
Package: translator 2019-05-31 v1.12a Easy translation of strings in LaTeX
))
(/usr/local/texlive/2020/texmf-dist/tex/latex/beamer/beamerbasemisc.sty)
(/usr/local/texlive/2020/texmf-dist/tex/latex/beamer/beamerbasetwoscreens.sty)
(/usr/local/texlive/2020/texmf-dist/tex/latex/beamer/beamerbaseoverlay.sty
\beamer@argscount=\count283
\beamer@lastskipcover=\skip50
\beamer@trivlistdepth=\count284
)
(/usr/local/texlive/2020/texmf-dist/tex/latex/beamer/beamerbasetitle.sty)
(/usr/local/texlive/2020/texmf-dist/tex/latex/beamer/beamerbasesection.sty
\c@lecture=\count285
\c@part=\count286
\c@section=\count287
\c@subsection=\count288
\c@subsubsection=\count289
)
(/usr/local/texlive/2020/texmf-dist/tex/latex/beamer/beamerbaseframe.sty
\beamer@framebox=\box60
\beamer@frametitlebox=\box61
\beamer@zoombox=\box62
\beamer@zoomcount=\count290
\beamer@zoomframecount=\count291
\beamer@frametextheight=\dimen257
\c@subsectionslide=\count292
\beamer@frametopskip=\skip51
\beamer@framebottomskip=\skip52
\beamer@frametopskipautobreak=\skip53
\beamer@framebottomskipautobreak=\skip54
\beamer@envbody=\toks28
\framewidth=\dimen258
\c@framenumber=\count293
)
(/usr/local/texlive/2020/texmf-dist/tex/latex/beamer/beamerbaseverbatim.sty
\beamer@verbatimfileout=\write4
)
(/usr/local/texlive/2020/texmf-dist/tex/latex/beamer/beamerbaseframesize.sty
\beamer@splitbox=\box63
\beamer@autobreakcount=\count294
\beamer@autobreaklastheight=\dimen259
\beamer@frametitletoks=\toks29
\beamer@framesubtitletoks=\toks30
)
(/usr/local/texlive/2020/texmf-dist/tex/latex/beamer/beamerbaseframecomponents.
sty
\beamer@footins=\box64
) (/usr/local/texlive/2020/texmf-dist/tex/latex/beamer/beamerbasecolor.sty)
(/usr/local/texlive/2020/texmf-dist/tex/latex/beamer/beamerbasenotes.sty
\beamer@frameboxcopy=\box65
)
(/usr/local/texlive/2020/texmf-dist/tex/latex/beamer/beamerbasetoc.sty)
(/usr/local/texlive/2020/texmf-dist/tex/latex/beamer/beamerbasetemplates.sty
\beamer@sbttoks=\toks31

(/usr/local/texlive/2020/texmf-dist/tex/latex/beamer/beamerbaseauxtemplates.sty
(/usr/local/texlive/2020/texmf-dist/tex/latex/beamer/beamerbaseboxes.sty
\bmb@box=\box66
\bmb@colorbox=\box67
\bmb@boxshadow=\box68
\bmb@boxshadowball=\box69
\bmb@boxshadowballlarge=\box70
\bmb@temp=\dimen260
\bmb@dima=\dimen261
\bmb@dimb=\dimen262
\bmb@prevheight=\dimen263
)
\beamer@blockheadheight=\dimen264
))
(/usr/local/texlive/2020/texmf-dist/tex/latex/beamer/beamerbaselocalstructure.s
ty (/usr/local/texlive/2020/texmf-dist/tex/latex/tools/enumerate.sty
Package: enumerate 2015/07/23 v3.00 enumerate extensions (DPC)
\@enLab=\toks32
)
\c@figure=\count295
\c@table=\count296
\abovecaptionskip=\skip55
\belowcaptionskip=\skip56
)
(/usr/local/texlive/2020/texmf-dist/tex/latex/beamer/beamerbasenavigation.sty
\beamer@section@min@dim=\dimen265
)
(/usr/local/texlive/2020/texmf-dist/tex/latex/beamer/beamerbasetheorems.sty
(/usr/local/texlive/2020/texmf-dist/tex/latex/amsmath/amsmath.sty
Package: amsmath 2020/01/20 v2.17e AMS math features
\@mathmargin=\skip57

For additional information on amsmath, use the `?' option.
(/usr/local/texlive/2020/texmf-dist/tex/latex/amsmath/amstext.sty
Package: amstext 2000/06/29 v2.01 AMS text

(/usr/local/texlive/2020/texmf-dist/tex/latex/amsmath/amsgen.sty
File: amsgen.sty 1999/11/30 v2.0 generic functions
\@emptytoks=\toks33
\ex@=\dimen266
))
(/usr/local/texlive/2020/texmf-dist/tex/latex/amsmath/amsbsy.sty
Package: amsbsy 1999/11/29 v1.2d Bold Symbols
\pmbraise@=\dimen267
)
(/usr/local/texlive/2020/texmf-dist/tex/latex/amsmath/amsopn.sty
Package: amsopn 2016/03/08 v2.02 operator names
)
\inf@bad=\count297
LaTeX Info: Redefining \frac on input line 227.
\uproot@=\count298
\leftroot@=\count299
LaTeX Info: Redefining \overline on input line 389.
\classnum@=\count300
\DOTSCASE@=\count301
LaTeX Info: Redefining \ldots on input line 486.
LaTeX Info: Redefining \dots on input line 489.
LaTeX Info: Redefining \cdots on input line 610.
\Mathstrutbox@=\box71
\strutbox@=\box72
\big@size=\dimen268
LaTeX Font Info:    Redeclaring font encoding OML on input line 733.
LaTeX Font Info:    Redeclaring font encoding OMS on input line 734.
\macc@depth=\count302
\c@MaxMatrixCols=\count303
\dotsspace@=\muskip17
\c@parentequation=\count304
\dspbrk@lvl=\count305
\tag@help=\toks34
\row@=\count306
\column@=\count307
\maxfields@=\count308
\andhelp@=\toks35
\eqnshift@=\dimen269
\alignsep@=\dimen270
\tagshift@=\dimen271
\tagwidth@=\dimen272
\totwidth@=\dimen273
\lineht@=\dimen274
\@envbody=\toks36
\multlinegap=\skip58
\multlinetaggap=\skip59
\mathdisplay@stack=\toks37
LaTeX Info: Redefining \[ on input line 2859.
LaTeX Info: Redefining \] on input line 2860.
)
(/usr/local/texlive/2020/texmf-dist/tex/latex/amscls/amsthm.sty
Package: amsthm 2017/10/31 v2.20.4
\thm@style=\toks38
\thm@bodyfont=\toks39
\thm@headfont=\toks40
\thm@notefont=\toks41
\thm@headpunct=\toks42
\thm@preskip=\skip60
\thm@postskip=\skip61
\thm@headsep=\skip62
\dth@everypar=\toks43
)
\c@theorem=\count309
)
(/usr/local/texlive/2020/texmf-dist/tex/latex/beamer/beamerbasethemes.sty))
(/usr/local/texlive/2020/texmf-dist/tex/latex/beamer/beamerthemedefault.sty
(/usr/local/texlive/2020/texmf-dist/tex/latex/beamer/beamerfontthemedefault.sty
)
(/usr/local/texlive/2020/texmf-dist/tex/latex/beamer/beamercolorthemedefault.st
y)
(/usr/local/texlive/2020/texmf-dist/tex/latex/beamer/beamerinnerthemedefault.st
y
\beamer@dima=\dimen275
\beamer@dimb=\dimen276
)
(/usr/local/texlive/2020/texmf-dist/tex/latex/beamer/beamerouterthemedefault.st
y))) (/usr/local/texlive/2020/texmf-dist/tex/latex/booktabs/booktabs.sty
Package: booktabs 2020/01/12 v1.61803398 Publication quality tables
\heavyrulewidth=\dimen277
\lightrulewidth=\dimen278
\cmidrulewidth=\dimen279
\belowrulesep=\dimen280
\belowbottomsep=\dimen281
\aboverulesep=\dimen282
\abovetopsep=\dimen283
\cmidrulesep=\dimen284
\cmidrulekern=\dimen285
\defaultaddspace=\dimen286
\@cmidla=\count310
\@cmidlb=\count311
\@aboverulesep=\dimen287
\@belowrulesep=\dimen288
\@thisruleclass=\count312
\@lastruleclass=\count313
\@thisrulewidth=\dimen289
)
(/usr/local/texlive/2020/texmf-dist/tex/latex/transparent/transparent.sty
Package: transparent 2019/11/29 v1.4 Transparency via pdfTeX's color stack (HO)

)
(/usr/local/texlive/2020/texmf-dist/tex/latex/adjustbox/adjustbox.sty
Package: adjustbox 2019/01/04 v1.2 Adjusting TeX boxes (trim, clip, ...)

(/usr/local/texlive/2020/texmf-dist/tex/latex/xkeyval/xkeyval.sty
Package: xkeyval 2014/12/03 v2.7a package option processing (HA)

(/usr/local/texlive/2020/texmf-dist/tex/generic/xkeyval/xkeyval.tex
(/usr/local/texlive/2020/texmf-dist/tex/generic/xkeyval/xkvutils.tex
\XKV@toks=\toks44
\XKV@tempa@toks=\toks45
)
\XKV@depth=\count314
File: xkeyval.tex 2014/12/03 v2.7a key=value parser (HA)
))
(/usr/local/texlive/2020/texmf-dist/tex/latex/adjustbox/adjcalc.sty
Package: adjcalc 2012/05/16 v1.1 Provides advanced setlength with multiple back
-ends (calc, etex, pgfmath)
)
(/usr/local/texlive/2020/texmf-dist/tex/latex/adjustbox/trimclip.sty
Package: trimclip 2018/04/08 v1.1 Trim and clip general TeX material

(/usr/local/texlive/2020/texmf-dist/tex/latex/collectbox/collectbox.sty
Package: collectbox 2012/05/17 v0.4b Collect macro arguments as boxes
\collectedbox=\box73
)
\tc@llx=\dimen290
\tc@lly=\dimen291
\tc@urx=\dimen292
\tc@ury=\dimen293
Package trimclip Info: Using driver 'tc-pdftex.def'.

(/usr/local/texlive/2020/texmf-dist/tex/latex/adjustbox/tc-pdftex.def
File: tc-pdftex.def 2019/01/04 v2.2 Clipping driver for pdftex
))
\adjbox@Width=\dimen294
\adjbox@Height=\dimen295
\adjbox@Depth=\dimen296
\adjbox@Totalheight=\dimen297
\adjbox@pwidth=\dimen298
\adjbox@pheight=\dimen299
\adjbox@pdepth=\dimen300
\adjbox@ptotalheight=\dimen301

(/usr/local/texlive/2020/texmf-dist/tex/latex/ifoddpage/ifoddpage.sty
Package: ifoddpage 2016/04/23 v1.1 Conditionals for odd/even page detection
\c@checkoddpage=\count315
)
(/usr/local/texlive/2020/texmf-dist/tex/latex/varwidth/varwidth.sty
Package: varwidth 2009/03/30 ver 0.92;  Variable-width minipages
\@vwid@box=\box74
\sift@deathcycles=\count316
\@vwid@loff=\dimen302
\@vwid@roff=\dimen303
))
(/usr/local/texlive/2020/texmf-dist/tex/latex/tools/tabularx.sty
Package: tabularx 2020/01/15 v2.11c `tabularx' package (DPC)

(/usr/local/texlive/2020/texmf-dist/tex/latex/tools/array.sty
Package: array 2019/08/31 v2.4l Tabular extension package (FMi)
\col@sep=\dimen304
\ar@mcellbox=\box75
\extrarowheight=\dimen305
\NC@list=\toks46
\extratabsurround=\skip63
\backup@length=\skip64
\ar@cellbox=\box76
)
\TX@col@width=\dimen306
\TX@old@table=\dimen307
\TX@old@col=\dimen308
\TX@target=\dimen309
\TX@delta=\dimen310
\TX@cols=\count317
\TX@ftn=\toks47
)
(/usr/local/texlive/2020/texmf-dist/tex/generic/catchfile/catchfile.sty
Package: catchfile 2019/12/09 v1.8 Catch the contents of a file (HO)
)
(|kpsewhich -var-value=HOME)
(/Users/dantopa/GitHub//latex-2025//global/config//common/config-base.tex
  == BASE CONFIGURATION == /Users/dantopa/GitHub//latex-2025//global/config//co
mmon//"config-base.tex"
(/Users/dantopa/GitHub//latex-2025//global/config//common//paths-base.tex
 == BASE CONFIGURATION == /Users/dantopa/GitHub//latex-2025//global/config//com
mon//"paths-base.tex"
) (/Users/dantopa/GitHub//latex-2025//global/config//common//packages-base.tex
  == BASE CONFIGURATION == /Users/dantopa/GitHub//latex-2025//global/config//co
mmon//"packages-common.tex"
(/usr/local/texlive/2020/texmf-dist/tex/latex/mathtools/mathtools.sty
Package: mathtools 2020/03/24 v1.24 mathematical typesetting tools

(/usr/local/texlive/2020/texmf-dist/tex/latex/tools/calc.sty
Package: calc 2017/05/25 v4.3 Infix arithmetic (KKT,FJ)
\calc@Acount=\count318
\calc@Bcount=\count319
\calc@Adimen=\dimen311
\calc@Bdimen=\dimen312
\calc@Askip=\skip65
\calc@Bskip=\skip66
LaTeX Info: Redefining \setlength on input line 80.
LaTeX Info: Redefining \addtolength on input line 81.
\calc@Ccount=\count320
\calc@Cskip=\skip67
)
(/usr/local/texlive/2020/texmf-dist/tex/latex/mathtools/mhsetup.sty
Package: mhsetup 2017/03/31 v1.3 programming setup (MH)
)
LaTeX Info: Thecontrolsequence`\('isalreadyrobust on input line 130.
LaTeX Info: Thecontrolsequence`\)'isalreadyrobust on input line 130.
LaTeX Info: Thecontrolsequence`\['isalreadyrobust on input line 130.
LaTeX Info: Thecontrolsequence`\]'isalreadyrobust on input line 130.
\g_MT_multlinerow_int=\count321
\l_MT_multwidth_dim=\dimen313
\origjot=\skip68
\l_MT_shortvdotswithinadjustabove_dim=\dimen314
\l_MT_shortvdotswithinadjustbelow_dim=\dimen315
\l_MT_above_intertext_sep=\dimen316
\l_MT_below_intertext_sep=\dimen317
\l_MT_above_shortintertext_sep=\dimen318
\l_MT_below_shortintertext_sep=\dimen319
\xmathstrut@box=\box77
\xmathstrut@dim=\dimen320
)
(/usr/local/texlive/2020/texmf-dist/tex/latex/base/fontenc.sty
Package: fontenc 2020/02/11 v2.0o Standard LaTeX package
)
(/usr/local/texlive/2020/texmf-dist/tex/latex/lm/lmodern.sty
Package: lmodern 2009/10/30 v1.6 Latin Modern Fonts
LaTeX Font Info:    Overwriting symbol font `operators' in version `normal'
(Font)                  OT1/cmr/m/n --> OT1/lmr/m/n on input line 22.
LaTeX Font Info:    Overwriting symbol font `letters' in version `normal'
(Font)                  OML/cmm/m/it --> OML/lmm/m/it on input line 23.
LaTeX Font Info:    Overwriting symbol font `symbols' in version `normal'
(Font)                  OMS/cmsy/m/n --> OMS/lmsy/m/n on input line 24.
LaTeX Font Info:    Overwriting symbol font `largesymbols' in version `normal'
(Font)                  OMX/cmex/m/n --> OMX/lmex/m/n on input line 25.
LaTeX Font Info:    Overwriting symbol font `operators' in version `bold'
(Font)                  OT1/cmr/bx/n --> OT1/lmr/bx/n on input line 26.
LaTeX Font Info:    Overwriting symbol font `letters' in version `bold'
(Font)                  OML/cmm/b/it --> OML/lmm/b/it on input line 27.
LaTeX Font Info:    Overwriting symbol font `symbols' in version `bold'
(Font)                  OMS/cmsy/b/n --> OMS/lmsy/b/n on input line 28.
LaTeX Font Info:    Overwriting symbol font `largesymbols' in version `bold'
(Font)                  OMX/cmex/m/n --> OMX/lmex/m/n on input line 29.
LaTeX Font Info:    Overwriting math alphabet `\mathbf' in version `normal'
(Font)                  OT1/cmr/bx/n --> OT1/lmr/bx/n on input line 31.
LaTeX Font Info:    Overwriting math alphabet `\mathsf' in version `normal'
(Font)                  OT1/cmss/m/n --> OT1/lmss/m/n on input line 32.
LaTeX Font Info:    Overwriting math alphabet `\mathit' in version `normal'
(Font)                  OT1/cmr/m/it --> OT1/lmr/m/it on input line 33.
LaTeX Font Info:    Overwriting math alphabet `\mathtt' in version `normal'
(Font)                  OT1/cmtt/m/n --> OT1/lmtt/m/n on input line 34.
LaTeX Font Info:    Overwriting math alphabet `\mathbf' in version `bold'
(Font)                  OT1/cmr/bx/n --> OT1/lmr/bx/n on input line 35.
LaTeX Font Info:    Overwriting math alphabet `\mathsf' in version `bold'
(Font)                  OT1/cmss/bx/n --> OT1/lmss/bx/n on input line 36.
LaTeX Font Info:    Overwriting math alphabet `\mathit' in version `bold'
(Font)                  OT1/cmr/bx/it --> OT1/lmr/bx/it on input line 37.
LaTeX Font Info:    Overwriting math alphabet `\mathtt' in version `bold'
(Font)                  OT1/cmtt/m/n --> OT1/lmtt/m/n on input line 38.
)
(/usr/local/texlive/2020/texmf-dist/tex/latex/colortbl/colortbl.sty
Package: colortbl 2020/01/04 v1.0e Color table columns (DPC)
\everycr=\toks48
\minrowclearance=\skip69
)
(/usr/local/texlive/2020/texmf-dist/tex/latex/multirow/multirow.sty
Package: multirow 2019/05/31 v2.5 Span multiple rows of a table
\multirow@colwidth=\skip70
\multirow@cntb=\count322
\multirow@dima=\skip71
\bigstrutjot=\dimen321
)
(/usr/local/texlive/2020/texmf-dist/tex/latex/tools/multicol.sty
Package: multicol 2019/12/09 v1.8y multicolumn formatting (FMi)
\c@tracingmulticols=\count323
\mult@box=\box78
\multicol@leftmargin=\dimen322
\c@unbalance=\count324
\c@collectmore=\count325
\doublecol@number=\count326
\multicoltolerance=\count327
\multicolpretolerance=\count328
\full@width=\dimen323
\page@free=\dimen324
\premulticols=\dimen325
\postmulticols=\dimen326
\multicolsep=\skip72
\multicolbaselineskip=\skip73
\partial@page=\box79
\last@line=\box80
\maxbalancingoverflow=\dimen327
\mult@rightbox=\box81
\mult@grightbox=\box82
\mult@gfirstbox=\box83
\mult@firstbox=\box84
\@tempa=\box85
\@tempa=\box86
\@tempa=\box87
\@tempa=\box88
\@tempa=\box89
\@tempa=\box90
\@tempa=\box91
\@tempa=\box92
\@tempa=\box93
\@tempa=\box94
\@tempa=\box95
\@tempa=\box96
\@tempa=\box97
\@tempa=\box98
\@tempa=\box99
\@tempa=\box100
\@tempa=\box101
\@tempa=\box102
\@tempa=\box103
\@tempa=\box104
\@tempa=\box105
\@tempa=\box106
\@tempa=\box107
\@tempa=\box108
\@tempa=\box109
\@tempa=\box110
\@tempa=\box111
\@tempa=\box112
\@tempa=\box113
\@tempa=\box114
\@tempa=\box115
\@tempa=\box116
\@tempa=\box117
\@tempa=\box118
\@tempa=\box119
\@tempa=\box120
\@tempa=\box121
\c@minrows=\count329
\c@columnbadness=\count330
\c@finalcolumnbadness=\count331
\last@try=\dimen328
\multicolovershoot=\dimen329
\multicolundershoot=\dimen330
\mult@nat@firstbox=\box122
\colbreak@box=\box123
\mc@col@check@num=\count332
)
(/usr/local/texlive/2020/texmf-dist/tex/latex/overpic/overpic.sty
Package: overpic 2020/02/22 1.3 picture overlays (RN)

(/usr/local/texlive/2020/texmf-dist/tex/latex/eepic/epic.sty
Enhancements to Picture Environment. Version 1.2 - Released June 1, 1986
\@@multicnt=\count333
\d@lta=\count334
\@delta=\dimen331
\@@delta=\dimen332
\@gridcnt=\count335
\@joinkind=\count336
\@dotgap=\dimen333
\@ddotgap=\dimen334
\@x@diff=\count337
\@y@diff=\count338
\x@diff=\dimen335
\y@diff=\dimen336
\@dotbox=\box124
\num@segments=\count339
\num@segmentsi=\count340
\@datafile=\read3
)
\OVP@box=\box125
) (/usr/local/texlive/2020/texmf-dist/tex/latex/pgf/frontendlayer/tikz.sty
(/usr/local/texlive/2020/texmf-dist/tex/latex/pgf/basiclayer/pgf.sty
Package: pgf 2020/01/08 v3.1.5b (3.1.5b)

(/usr/local/texlive/2020/texmf-dist/tex/generic/pgf/modules/pgfmoduleshapes.cod
e.tex
File: pgfmoduleshapes.code.tex 2020/01/08 v3.1.5b (3.1.5b)
\pgfnodeparttextbox=\box126
)
(/usr/local/texlive/2020/texmf-dist/tex/generic/pgf/modules/pgfmoduleplot.code.
tex
File: pgfmoduleplot.code.tex 2020/01/08 v3.1.5b (3.1.5b)
)
(/usr/local/texlive/2020/texmf-dist/tex/latex/pgf/compatibility/pgfcomp-version
-0-65.sty
Package: pgfcomp-version-0-65 2020/01/08 v3.1.5b (3.1.5b)
\pgf@nodesepstart=\dimen337
\pgf@nodesepend=\dimen338
)
(/usr/local/texlive/2020/texmf-dist/tex/latex/pgf/compatibility/pgfcomp-version
-1-18.sty
Package: pgfcomp-version-1-18 2020/01/08 v3.1.5b (3.1.5b)
))
(/usr/local/texlive/2020/texmf-dist/tex/latex/pgf/utilities/pgffor.sty
(/usr/local/texlive/2020/texmf-dist/tex/latex/pgf/utilities/pgfkeys.sty
(/usr/local/texlive/2020/texmf-dist/tex/generic/pgf/utilities/pgfkeys.code.tex)
) (/usr/local/texlive/2020/texmf-dist/tex/latex/pgf/math/pgfmath.sty
(/usr/local/texlive/2020/texmf-dist/tex/generic/pgf/math/pgfmath.code.tex))
(/usr/local/texlive/2020/texmf-dist/tex/generic/pgf/utilities/pgffor.code.tex
Package: pgffor 2020/01/08 v3.1.5b (3.1.5b)

(/usr/local/texlive/2020/texmf-dist/tex/generic/pgf/math/pgfmath.code.tex)
\pgffor@iter=\dimen339
\pgffor@skip=\dimen340
\pgffor@stack=\toks49
\pgffor@toks=\toks50
))
(/usr/local/texlive/2020/texmf-dist/tex/generic/pgf/frontendlayer/tikz/tikz.cod
e.tex
Package: tikz 2020/01/08 v3.1.5b (3.1.5b)

(/usr/local/texlive/2020/texmf-dist/tex/generic/pgf/libraries/pgflibraryplothan
dlers.code.tex
File: pgflibraryplothandlers.code.tex 2020/01/08 v3.1.5b (3.1.5b)
\pgf@plot@mark@count=\count341
\pgfplotmarksize=\dimen341
)
\tikz@lastx=\dimen342
\tikz@lasty=\dimen343
\tikz@lastxsaved=\dimen344
\tikz@lastysaved=\dimen345
\tikz@lastmovetox=\dimen346
\tikz@lastmovetoy=\dimen347
\tikzleveldistance=\dimen348
\tikzsiblingdistance=\dimen349
\tikz@figbox=\box127
\tikz@figbox@bg=\box128
\tikz@tempbox=\box129
\tikz@tempbox@bg=\box130
\tikztreelevel=\count342
\tikznumberofchildren=\count343
\tikznumberofcurrentchild=\count344
\tikz@fig@count=\count345

(/usr/local/texlive/2020/texmf-dist/tex/generic/pgf/modules/pgfmodulematrix.cod
e.tex
File: pgfmodulematrix.code.tex 2020/01/08 v3.1.5b (3.1.5b)
\pgfmatrixcurrentrow=\count346
\pgfmatrixcurrentcolumn=\count347
\pgf@matrix@numberofcolumns=\count348
)
\tikz@expandcount=\count349

(/usr/local/texlive/2020/texmf-dist/tex/generic/pgf/frontendlayer/tikz/librarie
s/tikzlibrarytopaths.code.tex
File: tikzlibrarytopaths.code.tex 2020/01/08 v3.1.5b (3.1.5b)
)))
(/usr/local/texlive/2020/texmf-dist/tex/generic/pgf/libraries/pgflibraryarrows.
meta.code.tex
File: pgflibraryarrows.meta.code.tex 2020/01/08 v3.1.5b (3.1.5b)
\pgfarrowinset=\dimen350
\pgfarrowlength=\dimen351
\pgfarrowwidth=\dimen352
\pgfarrowlinewidth=\dimen353
)
(/usr/local/texlive/2020/texmf-dist/tex/generic/pgf/frontendlayer/tikz/librarie
s/tikzlibraryshapes.geometric.code.tex
File: tikzlibraryshapes.geometric.code.tex 2020/01/08 v3.1.5b (3.1.5b)

(/usr/local/texlive/2020/texmf-dist/tex/generic/pgf/libraries/shapes/pgflibrary
shapes.geometric.code.tex
File: pgflibraryshapes.geometric.code.tex 2020/01/08 v3.1.5b (3.1.5b)
))
(/usr/local/texlive/2020/texmf-dist/tex/generic/pgf/frontendlayer/tikz/librarie
s/tikzlibrarypositioning.code.tex
File: tikzlibrarypositioning.code.tex 2020/01/08 v3.1.5b (3.1.5b)
)
(/usr/local/texlive/2020/texmf-dist/tex/generic/pgf/frontendlayer/tikz/librarie
s/tikzlibrarydecorations.pathmorphing.code.tex
(/usr/local/texlive/2020/texmf-dist/tex/generic/pgf/frontendlayer/tikz/librarie
s/tikzlibrarydecorations.code.tex
(/usr/local/texlive/2020/texmf-dist/tex/generic/pgf/modules/pgfmoduledecoration
s.code.tex
\pgfdecoratedcompleteddistance=\dimen354
\pgfdecoratedremainingdistance=\dimen355
\pgfdecoratedinputsegmentcompleteddistance=\dimen356
\pgfdecoratedinputsegmentremainingdistance=\dimen357
\pgf@decorate@distancetomove=\dimen358
\pgf@decorate@repeatstate=\count350
\pgfdecorationsegmentamplitude=\dimen359
\pgfdecorationsegmentlength=\dimen360
)
\tikz@lib@dec@box=\box131
)
(/usr/local/texlive/2020/texmf-dist/tex/generic/pgf/libraries/decorations/pgfli
brarydecorations.pathmorphing.code.tex))
(/usr/local/texlive/2020/texmf-dist/tex/generic/pgf/frontendlayer/tikz/librarie
s/tikzlibrarycalc.code.tex
File: tikzlibrarycalc.code.tex 2020/01/08 v3.1.5b (3.1.5b)
)
(/usr/local/texlive/2020/texmf-dist/tex/latex/pdfpages/pdfpages.sty
Package: pdfpages 2020/01/28 v0.5q Insert pages of external PDF documents (AM)

(/usr/local/texlive/2020/texmf-dist/tex/latex/base/ifthen.sty
Package: ifthen 2014/09/29 v1.1c Standard LaTeX ifthen package (DPC)
)
(/usr/local/texlive/2020/texmf-dist/tex/latex/eso-pic/eso-pic.sty
Package: eso-pic 2018/04/12 v2.0h eso-pic (RN)
)
\AM@pagewidth=\dimen361
\AM@pageheight=\dimen362

(/usr/local/texlive/2020/texmf-dist/tex/latex/pdfpages/pppdftex.def
File: pppdftex.def 2020/01/28 v0.5q Pdfpages driver for pdfTeX (AM)
)
\AM@pagebox=\box132
\AM@global@opts=\toks51
\AM@pagecnt=\count351
\AM@toc@title=\toks52
\c@AM@survey=\count352
\AM@templatesizebox=\box133
))
(/Users/dantopa/GitHub//latex-2025//global/config//common//hyperlinks-base.tex
  == BASE CONFIGURATION == /Users/dantopa/GitHub//latex-2025//global/config//co
mmon//"hyperlinks-base.tex"
) (/Users/dantopa/GitHub//latex-2025//global//libs//hyperlinks//hl-mil-org.tex
  >> AUXILIARY LIBRARY << /Users/dantopa/GitHub//latex-2025//global//libs//hype
rlinks//"hl-mil-org.tex"
) (/Users/dantopa/GitHub//latex-2025//global/config//common//listings-codes.tex
  == BASE CONFIGURATION == /Users/dantopa/GitHub//latex-2025//global/config//co
mmon//listings-codes.tex
(/usr/local/texlive/2020/texmf-dist/tex/latex/listings/listings.sty
\lst@mode=\count353
\lst@gtempboxa=\box134
\lst@token=\toks53
\lst@length=\count354
\lst@currlwidth=\dimen363
\lst@column=\count355
\lst@pos=\count356
\lst@lostspace=\dimen364
\lst@width=\dimen365
\lst@newlines=\count357
\lst@lineno=\count358
\lst@maxwidth=\dimen366

(/usr/local/texlive/2020/texmf-dist/tex/latex/listings/lstmisc.sty
File: lstmisc.sty 2020/03/24 1.8d (Carsten Heinz)
\c@lstnumber=\count359
\lst@skipnumbers=\count360
\lst@framebox=\box135
)
(/usr/local/texlive/2020/texmf-dist/tex/latex/listings/listings.cfg
File: listings.cfg 2020/03/24 1.8d listings configuration
))
Package: listings 2020/03/24 1.8d (Carsten Heinz)
File: lststyles.tex 2024/11/26 Custom Listings Styles
)
(/Users/dantopa/GitHub//latex-2025//global/config//common//num-components.tex
  == BASE CONFIGURATION == /Users/dantopa/GitHub//latex-2025//global/config//co
mmon//"num-components.tex"
) (/Users/dantopa/GitHub//latex-2025//global/config//common//num-list.tex
  == BASE CONFIGURATION == /Users/dantopa/GitHub//latex-2025//global/config//co
mmon//"num-list.tex"
(/usr/local/texlive/2020/texmf-dist/tex/latex/enumitem/enumitem.sty
Package: enumitem 2019/06/20 v3.9 Customized lists
\labelindent=\skip74
\enit@outerparindent=\dimen367
\enit@toks=\toks54
\enit@inbox=\box136
\enit@count@id=\count361
\enitdp@description=\count362
)
\c@saveenumi=\count363
)
(/Users/dantopa/GitHub//latex-2025//global/config//common//glossaries.tex
  == BASE CONFIGURATION == /Users/dantopa/GitHub//latex-2025//global/config//co
mmon//"glossaries.tex" 
(/usr/local/texlive/2020/texmf-dist/tex/latex/glossaries/base/glossaries.sty
Package: glossaries 2020/03/19 v4.46 (NLCT)

(/usr/local/texlive/2020/texmf-dist/tex/latex/mfirstuc/mfirstuc.sty
Package: mfirstuc 2017/11/14 v2.06 (NLCT)
\@glsmfirst=\toks55
\@glsmrest=\toks56
)
(/usr/local/texlive/2020/texmf-dist/tex/latex/textcase/textcase.sty
Package: textcase 2019/09/14 v1.00 Text only upper/lower case changing (DPC)
)
(/usr/local/texlive/2020/texmf-dist/tex/latex/xfor/xfor.sty
Package: xfor 2009/02/05 v1.05 (NLCT)
)
(/usr/local/texlive/2020/texmf-dist/tex/latex/datatool/datatool-base.sty
Package: datatool-base 2019/09/27 v2.32 (NLCT)

(/usr/local/texlive/2020/texmf-dist/tex/latex/substr/substr.sty
Package: substr 2009/10/20 v1.2 Handle substrings
\c@su@anzahl=\count364
)
(/usr/local/texlive/2020/texmf-dist/tex/latex/datatool/datatool-fp.sty
Package: datatool-fp 2019/09/27 v2.32 (NLCT)

(/usr/local/texlive/2020/texmf-dist/tex/latex/fp/fp.sty
Package: fp 1995/04/02

`Fixed Point Package', Version 0.8, April 2, 1995 (C) Michael Mehlich
(/usr/local/texlive/2020/texmf-dist/tex/latex/fp/defpattern.sty
Package: defpattern 1994/10/12
\actioncount=\count365
)
(/usr/local/texlive/2020/texmf-dist/tex/latex/fp/fp-basic.sty
Package: fp-basic 1996/05/13
\FP@xs=\count366
\FP@xia=\count367
\FP@xib=\count368
\FP@xfa=\count369
\FP@xfb=\count370
\FP@rega=\count371
\FP@regb=\count372
\FP@regs=\count373
\FP@times=\count374
)
(/usr/local/texlive/2020/texmf-dist/tex/latex/fp/fp-addons.sty
Package: fp-addons 1995/03/15
)
(/usr/local/texlive/2020/texmf-dist/tex/latex/fp/fp-snap.sty
Package: fp-snap 1995/04/05
)
(/usr/local/texlive/2020/texmf-dist/tex/latex/fp/fp-exp.sty
Package: fp-exp 1995/04/03
)
(/usr/local/texlive/2020/texmf-dist/tex/latex/fp/fp-trigo.sty
Package: fp-trigo 1995/04/14
)
(/usr/local/texlive/2020/texmf-dist/tex/latex/fp/fp-pas.sty
Package: fp-pas 1994/08/29
)
(/usr/local/texlive/2020/texmf-dist/tex/latex/fp/fp-random.sty
Package: fp-random 1995/02/23
\FPseed=\count375
)
(/usr/local/texlive/2020/texmf-dist/tex/latex/fp/fp-eqn.sty
Package: fp-eqn 1995/04/03
)
(/usr/local/texlive/2020/texmf-dist/tex/latex/fp/fp-upn.sty
Package: fp-upn 1996/10/21
)
(/usr/local/texlive/2020/texmf-dist/tex/latex/fp/fp-eval.sty
Package: fp-eval 1995/04/03
)))
\@dtl@toks=\toks57
\@dtl@tmpcount=\count376
\dtl@tmplength=\skip75
\dtl@sortresult=\count377
\@dtl@numgrpsepcount=\count378
\@dtl@datatype=\count379
\dtl@codeA=\count380
\dtl@codeB=\count381
\@dtl@foreach@level=\count382
)
(/usr/local/texlive/2020/texmf-dist/tex/latex/glossaries/base/glossaries-compat
ible-307.sty
Package: glossaries-compatible-307 2020/03/19 v4.46 (NLCT)
)
(/usr/local/texlive/2020/texmf-dist/tex/latex/tracklang/tracklang.sty
Package: tracklang 2019/11/30 v1.4 (NLCT) Track Languages

(/usr/local/texlive/2020/texmf-dist/tex/generic/tracklang/tracklang.tex))
(/usr/local/texlive/2020/texmf-dist/tex/latex/glossaries-english/glossaries-eng
lish.ldf
File: glossaries-english.ldf 2014/11/23 v1.0
)
\gls@level=\count383
\@gls@tmpb=\toks58
\gls@tmplen=\skip76
\glskeylisttok=\toks59
\glslabeltok=\toks60
\glsshorttok=\toks61
\glslongtok=\toks62

(/usr/local/texlive/2020/texmf-dist/tex/latex/glossaries/styles/glossary-hypern
av.sty
Package: glossary-hypernav 2020/03/19 v4.46 (NLCT)
)
(/usr/local/texlive/2020/texmf-dist/tex/latex/glossaries/styles/glossary-list.s
ty
Package: glossary-list 2020/03/19 v4.46 (NLCT)
\glslistdottedwidth=\skip77
)
(/usr/local/texlive/2020/texmf-dist/tex/latex/glossaries/styles/glossary-long.s
ty
Package: glossary-long 2020/03/19 v4.46 (NLCT)
 (/usr/local/texlive/2020/texmf-dist/tex/latex/tools/longtable.sty
Package: longtable 2020/01/07 v4.13 Multi-page Table package (DPC)
\LTleft=\skip78
\LTright=\skip79
\LTpre=\skip80
\LTpost=\skip81
\LTchunksize=\count384
\LTcapwidth=\dimen368
\LT@head=\box137
\LT@firsthead=\box138
\LT@foot=\box139
\LT@lastfoot=\box140
\LT@cols=\count385
\LT@rows=\count386
\c@LT@tables=\count387
\c@LT@chunks=\count388
\LT@p@ftn=\toks63
)
\glsdescwidth=\skip82
\glspagelistwidth=\skip83
)
(/usr/local/texlive/2020/texmf-dist/tex/latex/glossaries/styles/glossary-super.
sty
Package: glossary-super 2020/03/19 v4.46 (NLCT)
 (/usr/local/texlive/2020/texmf-dist/tex/latex/supertabular/supertabular.sty
Package: supertabular 2020/02/02 v4.1g the supertabular environment
\c@tracingst=\count389
\ST@wd=\dimen369
\ST@rightskip=\skip84
\ST@leftskip=\skip85
\ST@parfillskip=\skip86
\ST@pageleft=\dimen370
\ST@headht=\dimen371
\ST@tailht=\dimen372
\ST@pagesofar=\dimen373
\ST@pboxht=\dimen374
\ST@lineht=\dimen375
\ST@prevht=\dimen376
\ST@toadd=\dimen377
\ST@dimen=\dimen378
\ST@pbox=\box141
))
(/usr/local/texlive/2020/texmf-dist/tex/latex/glossaries/styles/glossary-tree.s
ty
Package: glossary-tree 2020/03/19 v4.46 (NLCT)
\glstreeindent=\skip87
))
\glswrite=\write5
\glo@main@file=\write6
\openout6 = `main-fortran-v-cpp.glo'.

Package glossaries Info: Writing glossary file main-fortran-v-cpp.glo on input 
line 8.
\glo@acronym@file=\write7
\openout7 = `main-fortran-v-cpp.acn'.

Package glossaries Info: Writing glossary file main-fortran-v-cpp.acn on input 
line 8.
) (/Users/dantopa/GitHub//latex-2025//global/config//common//aux-loads.tex
  == BASE CONFIGURATION == /Users/dantopa/GitHub//latex-2025//global/config//co
mmon//"aux-loads.tex"
(/Users/dantopa/GitHub//latex-2025//global//libs//aux//lib-A.tex
  >> AUXILIARY LIBRARY << /Users/dantopa/GitHub//latex-2025//global//libs//aux/
/"lib-A.tex"
) (/Users/dantopa/GitHub//latex-2025//global//libs//aux//lib-bold-letters.tex
  >> AUXILIARY LIBRARY << /Users/dantopa/GitHub//latex-2025//global//libs//aux/
/"lib-bold-letters.tex"
) (/Users/dantopa/GitHub//latex-2025//global//libs//aux//lib-colors.tex
  >> AUXILIARY LIBRARY << /Users/dantopa/GitHub//latex-2025//global//libs//aux/
/"lib-colors.tex"
) (/Users/dantopa/GitHub//latex-2025//global//libs//aux//lib-delimiters.tex
  >> AUXILIARY LIBRARY << /Users/dantopa/GitHub//latex-2025//global//libs//aux/
/"lib-delimiters.tex"
) (/Users/dantopa/GitHub//latex-2025//global//libs//aux//lib-mat-basics.tex
  >> AUXILIARY LIBRARY << /Users/dantopa/GitHub//latex-2025//pres/fortran-v-cpp
//local//libs//aux/Global/"lib-mat-basics.tex"
) (/Users/dantopa/GitHub//latex-2025//global//libs//aux//lib-norms.tex
  >> AUXILIARY LIBRARY << /Users/dantopa/GitHub//latex-2025//global//libs//aux/
/"lib-norms.tex"
) (/Users/dantopa/GitHub//latex-2025//global//libs//aux//lib-shortcuts.tex
  >> AUXILIARY LIBRARY << /Users/dantopa/GitHub//latex-2025//global//libs//aux/
/"lib-shortcuts.tex"
) (/Users/dantopa/GitHub//latex-2025//global//libs//aux//lib-vec-cols.tex
  >> AUXILIARY LIBRARY << /Users/dantopa/GitHub//latex-2025//global//libs//aux/
/"lib-vec-cols.tex"
))) (/Users/dantopa/GitHub//latex-2025//global/config//pres/config-flavor.tex
  ** FLAVOR CONFIGURATION ** /Users/dantopa/GitHub//latex-2025//global/config//
pres//"config-flavor.tex"
(/Users/dantopa/GitHub//latex-2025//global/config//pres//aesthetics.tex
  ** FLAVOR CONFIGURATION ** /Users/dantopa/GitHub//latex-2025//global/config//
pres//"aesthetics.tex"
(/usr/local/texlive/2020/texmf-dist/tex/latex/beamer/beamerthemeCopenhagen.sty
(/usr/local/texlive/2020/texmf-dist/tex/latex/beamer/beamerouterthemesplit.sty)

(/usr/local/texlive/2020/texmf-dist/tex/latex/beamer/beamerinnerthemerounded.st
y)
(/usr/local/texlive/2020/texmf-dist/tex/latex/beamer/beamercolorthemewhale.sty)

(/usr/local/texlive/2020/texmf-dist/tex/latex/beamer/beamercolorthemeorchid.sty
))
(/usr/local/texlive/2020/texmf-dist/tex/latex/beamer/beamercolorthemebeaver.sty
)
(/usr/local/texlive/2020/texmf-dist/tex/latex/beamer/beamerfontthemestructurebo
ld.sty)
(/usr/local/texlive/2020/texmf-dist/tex/latex/beamer/beamerfontthemeserif.sty))
(/Users/dantopa/GitHub//latex-2025//global/config//pres//jumps.tex
  ** FLAVOR CONFIGURATION ** /Users/dantopa/GitHub//latex-2025//pres/fortran-v-
cpp//local//config//"jumps.tex"
) (/Users/dantopa/GitHub//latex-2025//global/config//pres//packages-flavor.tex
  ** FLAVOR CONFIGURATION ** /Users/dantopa/GitHub//latex-2025//global/config//
pres//"packages-flavor.tex"
(/usr/local/texlive/2020/texmf-dist/tex/latex/textpos/textpos.sty
Package: textpos 2019/04/15 v1.9.1

Package: textpos 2019/04/15 1.9.1, absolute positioning of text on the page
\TP@textbox=\box142
\TP@holdbox=\box143
\TPHorizModule=\dimen379
\TPVertModule=\dimen380
\TP@margin=\dimen381
\TP@absmargin=\dimen382
Grid set 16 x 16 = 22.7622pt x 17.07166pt
\TPboxrulesize=\dimen383
\TP@ox=\dimen384
\TP@oy=\dimen385
\TP@tbargs=\toks64
\TP@prevdepth=\dimen386
TextBlockOrigin set to 0pt x 0pt
) (/usr/local/texlive/2020/texmf-dist/tex/latex/l3packages/xparse/xparse.sty
(/usr/local/texlive/2020/texmf-dist/tex/latex/l3kernel/expl3.sty
Package: expl3 2020-03-06 L3 programming layer (loader) 

(/usr/local/texlive/2020/texmf-dist/tex/latex/l3backend/l3backend-pdfmode.def
File: l3backend-pdfmode.def 2020-03-12 L3 backend support: PDF mode
\l__kernel_color_stack_int=\count390
\l__pdf_internal_box=\box144
))
Package: xparse 2020-03-06 L3 Experimental document command parser
\l__xparse_current_arg_int=\count391
\g__xparse_grabber_int=\count392
\l__xparse_m_args_int=\count393
\l__xparse_v_nesting_int=\count394
)) (/Users/dantopa/GitHub//latex-2025//global/config//pres//theorems-flavor.tex
  ** FLAVOR CONFIGURATION ** /Users/dantopa/GitHub//latex-2025//global/config//
pres//"theorems-flavor.tex"
(/Users/dantopa/GitHub//latex-2025//global//libs//aux//lib-proofs.tex
  >> AUXILIARY LIBRARY << /Users/dantopa/GitHub//latex-2025//global//libs//aux/
/"lib-proofs.tex"
)))
(/Users/dantopa/GitHub//latex-2025//pres/fortran-v-cpp//local//config/config-lo
cal.tex
  -- LOCAL CONFIGURATION -- /Users/dantopa/GitHub//latex-2025//pres/fortran-v-c
pp//local//config//"config-local.tex"

(/Users/dantopa/GitHub//latex-2025//pres/fortran-v-cpp//local//config/hyperlink
s-local.tex
  -- LOCAL CONFIGURATION -- /Users/dantopa/GitHub//latex-2025//pres/fortran-v-c
pp//local//config//"hyperlinks-local.tex"
(/Users/dantopa/GitHub//latex-2025//global//libs//hyperlinks//hl-langs.tex
  >> AUXILIARY LIBRARY << /Users/dantopa/GitHub//latex-2025//global//libs//hype
rlinks//"hl-langs.tex"
))
(/Users/dantopa/GitHub//latex-2025//pres/fortran-v-cpp//local//config/aux-local
.tex
  -- LOCAL CONFIGURATION -- /Users/dantopa/GitHub//latex-2025//pres/fortran-v-c
pp//local//config//"aux-local.tex"
)
(/Users/dantopa/GitHub//latex-2025//pres/fortran-v-cpp//local//config/macros-lo
cal.tex
  -- LOCAL CONFIGURATION -- /Users/dantopa/GitHub//latex-2025//pres/fortran-v-c
pp//local//config//"macros-local.tex"
)
(/Users/dantopa/GitHub//latex-2025//pres/fortran-v-cpp//local//config/packages-
local.tex
  -- LOCAL CONFIGURATION -- /Users/dantopa/GitHub//latex-2025//pres/fortran-v-c
pp//local//config//"packages-local.tex"
))
 @@ DOCUMENT SETUP @@ 
(/Users/dantopa/GitHub//latex-2025//global/config//common//code.tex
 == BASE CONFIGURATION == /Users/dantopa/GitHub//latex-2025//global/config//com
mon//"code.tex"
) (/Users/dantopa/GitHub//latex-2025//global/config//common//href-hidden.tex
  == BASE CONFIGURATION == /Users/dantopa/GitHub//latex-2025//global/config//co
mmon//"href-hidden.tex"
) (/Users/dantopa/GitHub//latex-2025//global/config//common//bib-config-a.tex
  == BASE CONFIGURATION == /Users/dantopa/GitHub//latex-2025//global/config//co
mmon//"bib-config-a.tex"
(/usr/local/texlive/2020/texmf-dist/tex/latex/biblatex/biblatex.sty
Package: biblatex 2019/12/01 v3.14 programmable bibliographies (PK/MW)

(/usr/local/texlive/2020/texmf-dist/tex/latex/logreq/logreq.sty
Package: logreq 2010/08/04 v1.0 xml request logger
\lrq@indent=\count395

(/usr/local/texlive/2020/texmf-dist/tex/latex/logreq/logreq.def
File: logreq.def 2010/08/04 v1.0 logreq spec v1.0
))
\c@tabx@nest=\count396
\c@listtotal=\count397
\c@listcount=\count398
\c@liststart=\count399
\c@liststop=\count400
\c@citecount=\count401
\c@citetotal=\count402
\c@multicitecount=\count403
\c@multicitetotal=\count404
\c@instcount=\count405
\c@maxnames=\count406
\c@minnames=\count407
\c@maxitems=\count408
\c@minitems=\count409
\c@citecounter=\count410
\c@maxcitecounter=\count411
\c@savedcitecounter=\count412
\c@uniquelist=\count413
\c@uniquename=\count414
\c@refsection=\count415
\c@refsegment=\count416
\c@maxextratitle=\count417
\c@maxextratitleyear=\count418
\c@maxextraname=\count419
\c@maxextradate=\count420
\c@maxextraalpha=\count421
\c@abbrvpenalty=\count422
\c@highnamepenalty=\count423
\c@lownamepenalty=\count424
\c@maxparens=\count425
\c@parenlevel=\count426
\blx@tempcnta=\count427
\blx@tempcntb=\count428
\blx@tempcntc=\count429
\blx@maxsection=\count430
\blx@maxsegment@0=\count431
\blx@notetype=\count432
\blx@parenlevel@text=\count433
\blx@parenlevel@foot=\count434
\blx@sectionciteorder@0=\count435
\blx@entrysetcounter=\count436
\labelnumberwidth=\skip88
\labelalphawidth=\skip89
\biblabelsep=\skip90
\bibitemsep=\skip91
\bibnamesep=\skip92
\bibinitsep=\skip93
\bibparsep=\skip94
\bibhang=\skip95
\blx@bcfin=\read4
\blx@bcfout=\write8
\blx@langwohyphens=\language86
\c@mincomprange=\count437
\c@maxcomprange=\count438
\c@mincompwidth=\count439
Package biblatex Info: Trying to load biblatex default data model...
Package biblatex Info: ... file 'blx-dm.def' found.

(/usr/local/texlive/2020/texmf-dist/tex/latex/biblatex/blx-dm.def
File: blx-dm.def 2019/12/01 v3.14 biblatex localization (PK/MW)
)
Package biblatex Info: Trying to load biblatex style data model...
Package biblatex Info: ... file 'numeric.dbx' not found.
Package biblatex Info: Trying to load biblatex custom data model...
Package biblatex Info: ... file 'biblatex-dm.cfg' not found.
\c@afterword=\count440
\c@savedafterword=\count441
\c@annotator=\count442
\c@savedannotator=\count443
\c@author=\count444
\c@savedauthor=\count445
\c@bookauthor=\count446
\c@savedbookauthor=\count447
\c@commentator=\count448
\c@savedcommentator=\count449
\c@editor=\count450
\c@savededitor=\count451
\c@editora=\count452
\c@savededitora=\count453
\c@editorb=\count454
\c@savededitorb=\count455
\c@editorc=\count456
\c@savededitorc=\count457
\c@foreword=\count458
\c@savedforeword=\count459
\c@holder=\count460
\c@savedholder=\count461
\c@introduction=\count462
\c@savedintroduction=\count463
\c@namea=\count464
\c@savednamea=\count465
\c@nameb=\count466
\c@savednameb=\count467
\c@namec=\count468
\c@savednamec=\count469
\c@translator=\count470
\c@savedtranslator=\count471
\c@shortauthor=\count472
\c@savedshortauthor=\count473
\c@shorteditor=\count474
\c@savedshorteditor=\count475
\c@labelname=\count476
\c@savedlabelname=\count477
\c@institution=\count478
\c@savedinstitution=\count479
\c@lista=\count480
\c@savedlista=\count481
\c@listb=\count482
\c@savedlistb=\count483
\c@listc=\count484
\c@savedlistc=\count485
\c@listd=\count486
\c@savedlistd=\count487
\c@liste=\count488
\c@savedliste=\count489
\c@listf=\count490
\c@savedlistf=\count491
\c@location=\count492
\c@savedlocation=\count493
\c@organization=\count494
\c@savedorganization=\count495
\c@origlocation=\count496
\c@savedoriglocation=\count497
\c@origpublisher=\count498
\c@savedorigpublisher=\count499
\c@publisher=\count500
\c@savedpublisher=\count501
\c@language=\count502
\c@savedlanguage=\count503
\c@origlanguage=\count504
\c@savedoriglanguage=\count505
\c@pageref=\count506
\c@savedpageref=\count507
\shorthandwidth=\skip96
\shortjournalwidth=\skip97
\shortserieswidth=\skip98
\shorttitlewidth=\skip99
\shortauthorwidth=\skip100
\shorteditorwidth=\skip101
\locallabelnumberwidth=\skip102
\locallabelalphawidth=\skip103
\localshorthandwidth=\skip104
\localshortjournalwidth=\skip105
\localshortserieswidth=\skip106
\localshorttitlewidth=\skip107
\localshortauthorwidth=\skip108
\localshorteditorwidth=\skip109
Package biblatex Info: Trying to load compatibility code...
Package biblatex Info: ... file 'blx-compat.def' found.

(/usr/local/texlive/2020/texmf-dist/tex/latex/biblatex/blx-compat.def
File: blx-compat.def 2019/12/01 v3.14 biblatex compatibility (PK/MW)
)
Package biblatex Info: Trying to load generic definitions...
Package biblatex Info: ... file 'biblatex.def' found.

(/usr/local/texlive/2020/texmf-dist/tex/latex/biblatex/biblatex.def
File: biblatex.def 2019/12/01 v3.14 biblatex compatibility (PK/MW)
\c@textcitecount=\count508
\c@textcitetotal=\count509
\c@textcitemaxnames=\count510
\c@biburlbigbreakpenalty=\count511
\c@biburlbreakpenalty=\count512
\c@biburlnumpenalty=\count513
\c@biburlucpenalty=\count514
\c@biburllcpenalty=\count515
\biburlbigskip=\muskip18
\biburlnumskip=\muskip19
\biburlucskip=\muskip20
\biburllcskip=\muskip21
\c@smartand=\count516
)
Package biblatex Info: Trying to load bibliography style 'numeric'...
Package biblatex Info: ... file 'numeric.bbx' found.

(/usr/local/texlive/2020/texmf-dist/tex/latex/biblatex/bbx/numeric.bbx
File: numeric.bbx 2019/12/01 v3.14 biblatex bibliography style (PK/MW)
Package biblatex Info: Trying to load bibliography style 'standard'...
Package biblatex Info: ... file 'standard.bbx' found.

(/usr/local/texlive/2020/texmf-dist/tex/latex/biblatex/bbx/standard.bbx
File: standard.bbx 2019/12/01 v3.14 biblatex bibliography style (PK/MW)
\c@bbx:relatedcount=\count517
\c@bbx:relatedtotal=\count518
))
Package biblatex Info: Trying to load citation style 'numeric'...
Package biblatex Info: ... file 'numeric.cbx' found.

(/usr/local/texlive/2020/texmf-dist/tex/latex/biblatex/cbx/numeric.cbx
File: numeric.cbx 2019/12/01 v3.14 biblatex citation style (PK/MW)
Package biblatex Info: Redefining '\cite'.
Package biblatex Info: Redefining '\parencite'.
Package biblatex Info: Redefining '\footcite'.
Package biblatex Info: Redefining '\footcitetext'.
Package biblatex Info: Redefining '\smartcite'.
Package biblatex Info: Redefining '\supercite'.
Package biblatex Info: Redefining '\textcite'.
Package biblatex Info: Redefining '\textcites'.
Package biblatex Info: Redefining '\cites'.
Package biblatex Info: Redefining '\parencites'.
Package biblatex Info: Redefining '\smartcites'.
)
Package biblatex Info: Trying to load configuration file...
Package biblatex Info: ... file 'biblatex.cfg' found.

(/usr/local/texlive/2020/texmf-dist/tex/latex/biblatex/biblatex.cfg
File: biblatex.cfg 
)))

Package hyperref Warning: Token not allowed in a PDF string (PDFDocEncoding):
(hyperref)                removing `\\' on input line 78.

\@quotelevel=\count519
\@quotereset=\count520
(./main-fortran-v-cpp.aux)
\openout1 = `main-fortran-v-cpp.aux'.

LaTeX Font Info:    Checking defaults for OML/cmm/m/it on input line 82.
LaTeX Font Info:    ... okay on input line 82.
LaTeX Font Info:    Checking defaults for OMS/cmsy/m/n on input line 82.
LaTeX Font Info:    ... okay on input line 82.
LaTeX Font Info:    Checking defaults for OT1/cmr/m/n on input line 82.
LaTeX Font Info:    ... okay on input line 82.
LaTeX Font Info:    Checking defaults for T1/cmr/m/n on input line 82.
LaTeX Font Info:    ... okay on input line 82.
LaTeX Font Info:    Checking defaults for TS1/cmr/m/n on input line 82.
LaTeX Font Info:    ... okay on input line 82.
LaTeX Font Info:    Checking defaults for OMX/cmex/m/n on input line 82.
LaTeX Font Info:    ... okay on input line 82.
LaTeX Font Info:    Checking defaults for U/cmr/m/n on input line 82.
LaTeX Font Info:    ... okay on input line 82.
LaTeX Font Info:    Checking defaults for PD1/pdf/m/n on input line 82.
LaTeX Font Info:    ... okay on input line 82.
LaTeX Font Info:    Trying to load font information for T1+lmss on input line 8
2.

(/usr/local/texlive/2020/texmf-dist/tex/latex/lm/t1lmss.fd
File: t1lmss.fd 2009/10/30 v1.6 Font defs for Latin Modern
)
LaTeX Font Info:    Font shape `T1/lmss/b/n' in size <10.95> not available
(Font)              Font shape `T1/lmss/bx/n' tried instead on input line 82.

*geometry* driver: auto-detecting
*geometry* detected driver: pdftex
*geometry* verbose mode - [ preamble ] result:
* driver: pdftex
* paper: custom
* layout: <same size as paper>
* layoutoffset:(h,v)=(0.0pt,0.0pt)
* modes: includehead includefoot 
* h-part:(L,W,R)=(28.45274pt, 307.28987pt, 28.45274pt)
* v-part:(T,H,B)=(0.0pt, 273.14662pt, 0.0pt)
* \paperwidth=364.19536pt
* \paperheight=273.14662pt
* \textwidth=307.28987pt
* \textheight=244.6939pt
* \oddsidemargin=-43.81725pt
* \evensidemargin=-43.81725pt
* \topmargin=-72.26999pt
* \headheight=14.22636pt
* \headsep=0.0pt
* \topskip=11.0pt
* \footskip=14.22636pt
* \marginparwidth=4.0pt
* \marginparsep=10.0pt
* \columnsep=10.0pt
* \skip\footins=10.0pt plus 4.0pt minus 2.0pt
* \hoffset=0.0pt
* \voffset=0.0pt
* \mag=1000
* \@twocolumnfalse
* \@twosidefalse
* \@mparswitchfalse
* \@reversemarginfalse
* (1in=72.27pt=25.4mm, 1cm=28.453pt)

(/usr/local/texlive/2020/texmf-dist/tex/context/base/mkii/supp-pdf.mkii
[Loading MPS to PDF converter (version 2006.09.02).]
\scratchcounter=\count521
\scratchdimen=\dimen387
\scratchbox=\box145
\nofMPsegments=\count522
\nofMParguments=\count523
\everyMPshowfont=\toks65
\MPscratchCnt=\count524
\MPscratchDim=\dimen388
\MPnumerator=\count525
\makeMPintoPDFobject=\count526
\everyMPtoPDFconversion=\toks66
) (/usr/local/texlive/2020/texmf-dist/tex/latex/epstopdf-pkg/epstopdf-base.sty
Package: epstopdf-base 2020-01-24 v2.11 Base part for package epstopdf

(/usr/local/texlive/2020/texmf-dist/tex/latex/grfext/grfext.sty
Package: grfext 2019/12/03 v1.3 Manage graphics extensions (HO)
)
Package epstopdf-base Info: Redefining graphics rule for `.eps' on input line 4
85.
Package grfext Info: Graphics extension search list:
(grfext)             [.pdf,.png,.jpg,.mps,.jpeg,.jbig2,.jb2,.PDF,.PNG,.JPG,.JPE
G,.JBIG2,.JB2,.eps]
(grfext)             \AppendGraphicsExtensions on input line 504.

(/usr/local/texlive/2020/texmf-dist/tex/latex/latexconfig/epstopdf-sys.cfg
File: epstopdf-sys.cfg 2010/07/13 v1.3 Configuration of (r)epstopdf for TeX Liv
e
))
ABD: EveryShipout initializing macros
\AtBeginShipoutBox=\box146
Package hyperref Info: Link coloring OFF on input line 82.

(/usr/local/texlive/2020/texmf-dist/tex/latex/hyperref/nameref.sty
Package: nameref 2019/09/16 v2.46 Cross-referencing by name of section

(/usr/local/texlive/2020/texmf-dist/tex/latex/refcount/refcount.sty
Package: refcount 2019/12/15 v3.6 Data extraction from label references (HO)
)
(/usr/local/texlive/2020/texmf-dist/tex/generic/gettitlestring/gettitlestring.s
ty
Package: gettitlestring 2019/12/15 v1.6 Cleanup title references (HO)
)
\c@section@level=\count527
)
LaTeX Info: Redefining \ref on input line 82.
LaTeX Info: Redefining \pageref on input line 82.
LaTeX Info: Redefining \nameref on input line 82.
 (./main-fortran-v-cpp.out) (./main-fortran-v-cpp.out)
\@outlinefile=\write9
\openout9 = `main-fortran-v-cpp.out'.


(/usr/local/texlive/2020/texmf-dist/tex/latex/translator/translator-basic-dicti
onary-English.dict
Dictionary: translator-basic-dictionary, Language: English 
)
(/usr/local/texlive/2020/texmf-dist/tex/latex/translator/translator-bibliograph
y-dictionary-English.dict
Dictionary: translator-bibliography-dictionary, Language: English 
)
(/usr/local/texlive/2020/texmf-dist/tex/latex/translator/translator-environment
-dictionary-English.dict
Dictionary: translator-environment-dictionary, Language: English 
)
(/usr/local/texlive/2020/texmf-dist/tex/latex/translator/translator-months-dict
ionary-English.dict
Dictionary: translator-months-dictionary, Language: English 
)
(/usr/local/texlive/2020/texmf-dist/tex/latex/translator/translator-numbers-dic
tionary-English.dict
Dictionary: translator-numbers-dictionary, Language: English 
)
(/usr/local/texlive/2020/texmf-dist/tex/latex/translator/translator-theorem-dic
tionary-English.dict
Dictionary: translator-theorem-dictionary, Language: English 
)
(/usr/local/texlive/2020/texmf-dist/tex/latex/pdflscape/pdflscape.sty
Package: pdflscape 2019/12/05 v0.12 Display of landscape pages in PDF (HO)

(/usr/local/texlive/2020/texmf-dist/tex/latex/graphics/lscape.sty
Package: lscape 2000/10/22 v3.01 Landscape Pages (DPC)
)
Package pdflscape Info: Auto-detected driver: pdftex on input line 81.
)
\c@lstlisting=\count528
Package biblatex Info: Trying to load language 'english'...
Package biblatex Info: ... file 'english.lbx' found.

(/usr/local/texlive/2020/texmf-dist/tex/latex/biblatex/lbx/english.lbx
File: english.lbx 2019/12/01 v3.14 biblatex localization (PK/MW)
)
Package biblatex Info: Input encoding 'utf8' detected.
Package biblatex Info: Automatic encoding selection.
(biblatex)             Assuming data encoding 'utf8'.
\openout8 = `main-fortran-v-cpp.bcf'.

Package biblatex Info: Trying to load bibliographic data...
Package biblatex Info: ... file 'main-fortran-v-cpp.bbl' found.

(./main-fortran-v-cpp.bbl)
Package biblatex Info: Reference section=0 on input line 82.
Package biblatex Info: Reference segment=0 on input line 82.
 (./main-fortran-v-cpp.nav)
LaTeX Font Info:    Font shape `T1/lmss/b/n' in size <6> not available
(Font)              Font shape `T1/lmss/bx/n' tried instead on input line 82.
</Users/dantopa/GitHub//latex-2025//global//graphics/logos/afrl-logo.png, id=69
, 1003.75pt x 326.21875pt>
File: /Users/dantopa/GitHub//latex-2025//global//graphics/logos/afrl-logo.png G
raphic file (type png)
<use /Users/dantopa/GitHub//latex-2025//global//graphics/logos/afrl-logo.png>
Package pdftex.def Info: /Users/dantopa/GitHub//latex-2025//global//graphics/lo
gos/afrl-logo.png  used on input line 82.
(pdftex.def)             Requested size: 43.77304pt x 14.22636pt.
</Users/dantopa/GitHub//latex-2025//global//graphics/logos/af-01.png, id=72, 17
7.66376pt x 156.585pt>
File: /Users/dantopa/GitHub//latex-2025//global//graphics/logos/af-01.png Graph
ic file (type png)
<use /Users/dantopa/GitHub//latex-2025//global//graphics/logos/af-01.png>
Package pdftex.def Info: /Users/dantopa/GitHub//latex-2025//global//graphics/lo
gos/af-01.png  used on input line 82.
(pdftex.def)             Requested size: 14.84773pt x 13.08846pt.
</Users/dantopa/GitHub//latex-2025//global//graphics/logos/sf-best.png, id=74, 
1525.7pt x 1525.7pt>
File: /Users/dantopa/GitHub//latex-2025//global//graphics/logos/sf-best.png Gra
phic file (type png)
<use /Users/dantopa/GitHub//latex-2025//global//graphics/logos/sf-best.png>
Package pdftex.def Info: /Users/dantopa/GitHub//latex-2025//global//graphics/lo
gos/sf-best.png  used on input line 82.
(pdftex.def)             Requested size: 16.20306pt x 16.21828pt.
</Users/dantopa/GitHub//latex-2025//global//graphics/logos/hii-01.png, id=76, 6
2.1522pt x 65.043pt>
File: /Users/dantopa/GitHub//latex-2025//global//graphics/logos/hii-01.png Grap
hic file (type png)
<use /Users/dantopa/GitHub//latex-2025//global//graphics/logos/hii-01.png>
Package pdftex.def Info: /Users/dantopa/GitHub//latex-2025//global//graphics/lo
gos/hii-01.png  used on input line 82.
(pdftex.def)             Requested size: 13.59386pt x 14.22636pt.
LaTeX Font Info:    Font shape `T1/lmss/b/n' in size <4> not available
(Font)              Font shape `T1/lmss/bx/n' tried instead on input line 87.
File: /Users/dantopa/GitHub//latex-2025//global//graphics/logos/afrl-logo.png G
raphic file (type png)
<use /Users/dantopa/GitHub//latex-2025//global//graphics/logos/afrl-logo.png>
Package pdftex.def Info: /Users/dantopa/GitHub//latex-2025//global//graphics/lo
gos/afrl-logo.png  used on input line 87.
(pdftex.def)             Requested size: 43.77304pt x 14.22636pt.
File: /Users/dantopa/GitHub//latex-2025//global//graphics/logos/af-01.png Graph
ic file (type png)
<use /Users/dantopa/GitHub//latex-2025//global//graphics/logos/af-01.png>
Package pdftex.def Info: /Users/dantopa/GitHub//latex-2025//global//graphics/lo
gos/af-01.png  used on input line 87.
(pdftex.def)             Requested size: 14.84773pt x 13.08846pt.
File: /Users/dantopa/GitHub//latex-2025//global//graphics/logos/sf-best.png Gra
phic file (type png)
<use /Users/dantopa/GitHub//latex-2025//global//graphics/logos/sf-best.png>
Package pdftex.def Info: /Users/dantopa/GitHub//latex-2025//global//graphics/lo
gos/sf-best.png  used on input line 87.
(pdftex.def)             Requested size: 16.20306pt x 16.21828pt.
File: /Users/dantopa/GitHub//latex-2025//global//graphics/logos/hii-01.png Grap
hic file (type png)
<use /Users/dantopa/GitHub//latex-2025//global//graphics/logos/hii-01.png>
Package pdftex.def Info: /Users/dantopa/GitHub//latex-2025//global//graphics/lo
gos/hii-01.png  used on input line 87.
(pdftex.def)             Requested size: 13.59386pt x 14.22636pt.

Overfull \hbox (1.46664pt too wide) has occurred while \output is active
[][][] [][][] 
 []

[1{/usr/local/texlive/2020/texmf-var/fonts/map/pdftex/updmap/pdftex.map}

\openout5 = `main-fortran-v-cpp.ist'.

 </Users/dantopa/GitHub//latex-2025//global//graphics/logos/afrl-logo.png> </Us
ers/dantopa/GitHub//latex-2025//global//graphics/logos/af-01.png> </Users/danto
pa/GitHub//latex-2025//global//graphics/logos/sf-best.png> </Users/dantopa/GitH
ub//latex-2025//global//graphics/logos/hii-01.png>]
LaTeX Font Info:    Font shape `T1/lmss/bx/it' in size <10> not available
(Font)              Font shape `T1/lmss/bx/sl' tried instead on input line 100.

File: /Users/dantopa/GitHub//latex-2025//global//graphics/logos/afrl-logo.png G
raphic file (type png)
<use /Users/dantopa/GitHub//latex-2025//global//graphics/logos/afrl-logo.png>
Package pdftex.def Info: /Users/dantopa/GitHub//latex-2025//global//graphics/lo
gos/afrl-logo.png  used on input line 100.
(pdftex.def)             Requested size: 43.77304pt x 14.22636pt.
File: /Users/dantopa/GitHub//latex-2025//global//graphics/logos/af-01.png Graph
ic file (type png)
<use /Users/dantopa/GitHub//latex-2025//global//graphics/logos/af-01.png>
Package pdftex.def Info: /Users/dantopa/GitHub//latex-2025//global//graphics/lo
gos/af-01.png  used on input line 100.
(pdftex.def)             Requested size: 14.84773pt x 13.08846pt.
File: /Users/dantopa/GitHub//latex-2025//global//graphics/logos/sf-best.png Gra
phic file (type png)
<use /Users/dantopa/GitHub//latex-2025//global//graphics/logos/sf-best.png>
Package pdftex.def Info: /Users/dantopa/GitHub//latex-2025//global//graphics/lo
gos/sf-best.png  used on input line 100.
(pdftex.def)             Requested size: 16.20306pt x 16.21828pt.
File: /Users/dantopa/GitHub//latex-2025//global//graphics/logos/hii-01.png Grap
hic file (type png)
<use /Users/dantopa/GitHub//latex-2025//global//graphics/logos/hii-01.png>
Package pdftex.def Info: /Users/dantopa/GitHub//latex-2025//global//graphics/lo
gos/hii-01.png  used on input line 100.
(pdftex.def)             Requested size: 13.59386pt x 14.22636pt.

Overfull \hbox (1.46664pt too wide) has occurred while \output is active
[][][] [][][] 
 []

[2

]
(/Users/dantopa/GitHub//latex-2025//pres/fortran-v-cpp//sections/sec-intro-X.te
x
 !! CONTENT SETUP !! /Users/dantopa/GitHub//latex-2025//pres/fortran-v-cpp//sec
tions/"sec-intro.tex"
File: /Users/dantopa/GitHub//latex-2025//global//graphics/logos/afrl-logo.png G
raphic file (type png)
<use /Users/dantopa/GitHub//latex-2025//global//graphics/logos/afrl-logo.png>
Package pdftex.def Info: /Users/dantopa/GitHub//latex-2025//global//graphics/lo
gos/afrl-logo.png  used on input line 24.
(pdftex.def)             Requested size: 43.77304pt x 14.22636pt.
File: /Users/dantopa/GitHub//latex-2025//global//graphics/logos/af-01.png Graph
ic file (type png)
<use /Users/dantopa/GitHub//latex-2025//global//graphics/logos/af-01.png>
Package pdftex.def Info: /Users/dantopa/GitHub//latex-2025//global//graphics/lo
gos/af-01.png  used on input line 24.
(pdftex.def)             Requested size: 14.84773pt x 13.08846pt.
File: /Users/dantopa/GitHub//latex-2025//global//graphics/logos/sf-best.png Gra
phic file (type png)
<use /Users/dantopa/GitHub//latex-2025//global//graphics/logos/sf-best.png>
Package pdftex.def Info: /Users/dantopa/GitHub//latex-2025//global//graphics/lo
gos/sf-best.png  used on input line 24.
(pdftex.def)             Requested size: 16.20306pt x 16.21828pt.
File: /Users/dantopa/GitHub//latex-2025//global//graphics/logos/hii-01.png Grap
hic file (type png)
<use /Users/dantopa/GitHub//latex-2025//global//graphics/logos/hii-01.png>
Package pdftex.def Info: /Users/dantopa/GitHub//latex-2025//global//graphics/lo
gos/hii-01.png  used on input line 24.
(pdftex.def)             Requested size: 13.59386pt x 14.22636pt.

Overfull \hbox (1.46664pt too wide) has occurred while \output is active
[][][] [][][] 
 []

[3

]
File: /Users/dantopa/GitHub//latex-2025//global//graphics/logos/afrl-logo.png G
raphic file (type png)
<use /Users/dantopa/GitHub//latex-2025//global//graphics/logos/afrl-logo.png>
Package pdftex.def Info: /Users/dantopa/GitHub//latex-2025//global//graphics/lo
gos/afrl-logo.png  used on input line 33.
(pdftex.def)             Requested size: 43.77304pt x 14.22636pt.
File: /Users/dantopa/GitHub//latex-2025//global//graphics/logos/af-01.png Graph
ic file (type png)
<use /Users/dantopa/GitHub//latex-2025//global//graphics/logos/af-01.png>
Package pdftex.def Info: /Users/dantopa/GitHub//latex-2025//global//graphics/lo
gos/af-01.png  used on input line 33.
(pdftex.def)             Requested size: 14.84773pt x 13.08846pt.
File: /Users/dantopa/GitHub//latex-2025//global//graphics/logos/sf-best.png Gra
phic file (type png)
<use /Users/dantopa/GitHub//latex-2025//global//graphics/logos/sf-best.png>
Package pdftex.def Info: /Users/dantopa/GitHub//latex-2025//global//graphics/lo
gos/sf-best.png  used on input line 33.
(pdftex.def)             Requested size: 16.20306pt x 16.21828pt.
File: /Users/dantopa/GitHub//latex-2025//global//graphics/logos/hii-01.png Grap
hic file (type png)
<use /Users/dantopa/GitHub//latex-2025//global//graphics/logos/hii-01.png>
Package pdftex.def Info: /Users/dantopa/GitHub//latex-2025//global//graphics/lo
gos/hii-01.png  used on input line 33.
(pdftex.def)             Requested size: 13.59386pt x 14.22636pt.

Overfull \hbox (1.46664pt too wide) has occurred while \output is active
[][][] [][][] 
 []

[4

]
\openout4 = `main-fortran-v-cpp.vrb'.

 (./main-fortran-v-cpp.vrb)
File: /Users/dantopa/GitHub//latex-2025//global//graphics/logos/afrl-logo.png G
raphic file (type png)
<use /Users/dantopa/GitHub//latex-2025//global//graphics/logos/afrl-logo.png>
Package pdftex.def Info: /Users/dantopa/GitHub//latex-2025//global//graphics/lo
gos/afrl-logo.png  used on input line 46.
(pdftex.def)             Requested size: 43.77304pt x 14.22636pt.
File: /Users/dantopa/GitHub//latex-2025//global//graphics/logos/af-01.png Graph
ic file (type png)
<use /Users/dantopa/GitHub//latex-2025//global//graphics/logos/af-01.png>
Package pdftex.def Info: /Users/dantopa/GitHub//latex-2025//global//graphics/lo
gos/af-01.png  used on input line 46.
(pdftex.def)             Requested size: 14.84773pt x 13.08846pt.
File: /Users/dantopa/GitHub//latex-2025//global//graphics/logos/sf-best.png Gra
phic file (type png)
<use /Users/dantopa/GitHub//latex-2025//global//graphics/logos/sf-best.png>
Package pdftex.def Info: /Users/dantopa/GitHub//latex-2025//global//graphics/lo
gos/sf-best.png  used on input line 46.
(pdftex.def)             Requested size: 16.20306pt x 16.21828pt.
File: /Users/dantopa/GitHub//latex-2025//global//graphics/logos/hii-01.png Grap
hic file (type png)
<use /Users/dantopa/GitHub//latex-2025//global//graphics/logos/hii-01.png>
Package pdftex.def Info: /Users/dantopa/GitHub//latex-2025//global//graphics/lo
gos/hii-01.png  used on input line 46.
(pdftex.def)             Requested size: 13.59386pt x 14.22636pt.

Overfull \hbox (1.46664pt too wide) has occurred while \output is active
[][][] [][][] 
 []

[5

]
\openout4 = `main-fortran-v-cpp.vrb'.

 (./main-fortran-v-cpp.vrb
LaTeX Font Info:    Trying to load font information for TS1+lmss on input line 
8.

(/usr/local/texlive/2020/texmf-dist/tex/latex/lm/ts1lmss.fd
File: ts1lmss.fd 2009/10/30 v1.6 Font defs for Latin Modern
))
File: /Users/dantopa/GitHub//latex-2025//global//graphics/logos/afrl-logo.png G
raphic file (type png)
<use /Users/dantopa/GitHub//latex-2025//global//graphics/logos/afrl-logo.png>
Package pdftex.def Info: /Users/dantopa/GitHub//latex-2025//global//graphics/lo
gos/afrl-logo.png  used on input line 71.
(pdftex.def)             Requested size: 43.77304pt x 14.22636pt.
File: /Users/dantopa/GitHub//latex-2025//global//graphics/logos/af-01.png Graph
ic file (type png)
<use /Users/dantopa/GitHub//latex-2025//global//graphics/logos/af-01.png>
Package pdftex.def Info: /Users/dantopa/GitHub//latex-2025//global//graphics/lo
gos/af-01.png  used on input line 71.
(pdftex.def)             Requested size: 14.84773pt x 13.08846pt.
File: /Users/dantopa/GitHub//latex-2025//global//graphics/logos/sf-best.png Gra
phic file (type png)
<use /Users/dantopa/GitHub//latex-2025//global//graphics/logos/sf-best.png>
Package pdftex.def Info: /Users/dantopa/GitHub//latex-2025//global//graphics/lo
gos/sf-best.png  used on input line 71.
(pdftex.def)             Requested size: 16.20306pt x 16.21828pt.
File: /Users/dantopa/GitHub//latex-2025//global//graphics/logos/hii-01.png Grap
hic file (type png)
<use /Users/dantopa/GitHub//latex-2025//global//graphics/logos/hii-01.png>
Package pdftex.def Info: /Users/dantopa/GitHub//latex-2025//global//graphics/lo
gos/hii-01.png  used on input line 71.
(pdftex.def)             Requested size: 13.59386pt x 14.22636pt.

Overfull \hbox (1.46664pt too wide) has occurred while \output is active
[][][] [][][] 
 []

[6

]
File: /Users/dantopa/GitHub//latex-2025//global//graphics/logos/afrl-logo.png G
raphic file (type png)
<use /Users/dantopa/GitHub//latex-2025//global//graphics/logos/afrl-logo.png>
Package pdftex.def Info: /Users/dantopa/GitHub//latex-2025//global//graphics/lo
gos/afrl-logo.png  used on input line 71.
(pdftex.def)             Requested size: 43.77304pt x 14.22636pt.
File: /Users/dantopa/GitHub//latex-2025//global//graphics/logos/af-01.png Graph
ic file (type png)
<use /Users/dantopa/GitHub//latex-2025//global//graphics/logos/af-01.png>
Package pdftex.def Info: /Users/dantopa/GitHub//latex-2025//global//graphics/lo
gos/af-01.png  used on input line 71.
(pdftex.def)             Requested size: 14.84773pt x 13.08846pt.
File: /Users/dantopa/GitHub//latex-2025//global//graphics/logos/sf-best.png Gra
phic file (type png)
<use /Users/dantopa/GitHub//latex-2025//global//graphics/logos/sf-best.png>
Package pdftex.def Info: /Users/dantopa/GitHub//latex-2025//global//graphics/lo
gos/sf-best.png  used on input line 71.
(pdftex.def)             Requested size: 16.20306pt x 16.21828pt.
File: /Users/dantopa/GitHub//latex-2025//global//graphics/logos/hii-01.png Grap
hic file (type png)
<use /Users/dantopa/GitHub//latex-2025//global//graphics/logos/hii-01.png>
Package pdftex.def Info: /Users/dantopa/GitHub//latex-2025//global//graphics/lo
gos/hii-01.png  used on input line 71.
(pdftex.def)             Requested size: 13.59386pt x 14.22636pt.

Overfull \hbox (1.46664pt too wide) has occurred while \output is active
[][][] [][][] 
 []

[7


]

! LaTeX Error: File `/Users/dantopa/GitHub//latex-2025//pres/fortran-v-cpp//loc
al//components//slides/slide-venn-parallel-vector.tex' not found.

Type X to quit or <RETURN> to proceed,
or enter new name. (Default extension: tex)

Enter file name: 
</Users/dantopa/GitHub//latex-2025//pres/fortran-v-cpp//local//graphics//evo.pd
f, id=358, 803.0pt x 501.875pt>
File: /Users/dantopa/GitHub//latex-2025//pres/fortran-v-cpp//local//graphics//e
vo.pdf Graphic file (type pdf)
<use /Users/dantopa/GitHub//latex-2025//pres/fortran-v-cpp//local//graphics//ev
o.pdf>
Package pdftex.def Info: /Users/dantopa/GitHub//latex-2025//pres/fortran-v-cpp/
/local//graphics//evo.pdf  used on input line 86.
(pdftex.def)             Requested size: 260.97191pt x 163.10744pt.
File: /Users/dantopa/GitHub//latex-2025//global//graphics/logos/afrl-logo.png G
raphic file (type png)
<use /Users/dantopa/GitHub//latex-2025//global//graphics/logos/afrl-logo.png>
Package pdftex.def Info: /Users/dantopa/GitHub//latex-2025//global//graphics/lo
gos/afrl-logo.png  used on input line 86.
(pdftex.def)             Requested size: 43.77304pt x 14.22636pt.
File: /Users/dantopa/GitHub//latex-2025//global//graphics/logos/af-01.png Graph
ic file (type png)
<use /Users/dantopa/GitHub//latex-2025//global//graphics/logos/af-01.png>
Package pdftex.def Info: /Users/dantopa/GitHub//latex-2025//global//graphics/lo
gos/af-01.png  used on input line 86.
(pdftex.def)             Requested size: 14.84773pt x 13.08846pt.
File: /Users/dantopa/GitHub//latex-2025//global//graphics/logos/sf-best.png Gra
phic file (type png)
<use /Users/dantopa/GitHub//latex-2025//global//graphics/logos/sf-best.png>
Package pdftex.def Info: /Users/dantopa/GitHub//latex-2025//global//graphics/lo
gos/sf-best.png  used on input line 86.
(pdftex.def)             Requested size: 16.20306pt x 16.21828pt.
File: /Users/dantopa/GitHub//latex-2025//global//graphics/logos/hii-01.png Grap
hic file (type png)
<use /Users/dantopa/GitHub//latex-2025//global//graphics/logos/hii-01.png>
Package pdftex.def Info: /Users/dantopa/GitHub//latex-2025//global//graphics/lo
gos/hii-01.png  used on input line 86.
(pdftex.def)             Requested size: 13.59386pt x 14.22636pt.

Overfull \hbox (1.46664pt too wide) has occurred while \output is active
[][][] [][][] 
 []

[8

 </Users/dantopa/GitHub//latex-2025//pres/fortran-v-cpp//local//graphics//evo.p
df>]
LaTeX Font Info:    Trying to load font information for OT1+lmr on input line 1
20.
 (/usr/local/texlive/2020/texmf-dist/tex/latex/lm/ot1lmr.fd
File: ot1lmr.fd 2009/10/30 v1.6 Font defs for Latin Modern
)
LaTeX Font Info:    Trying to load font information for OML+lmm on input line 1
20.

(/usr/local/texlive/2020/texmf-dist/tex/latex/lm/omllmm.fd
File: omllmm.fd 2009/10/30 v1.6 Font defs for Latin Modern
)
LaTeX Font Info:    Trying to load font information for OMS+lmsy on input line 
120.

(/usr/local/texlive/2020/texmf-dist/tex/latex/lm/omslmsy.fd
File: omslmsy.fd 2009/10/30 v1.6 Font defs for Latin Modern
)
LaTeX Font Info:    Trying to load font information for OMX+lmex on input line 
120.

(/usr/local/texlive/2020/texmf-dist/tex/latex/lm/omxlmex.fd
File: omxlmex.fd 2009/10/30 v1.6 Font defs for Latin Modern
)
LaTeX Font Info:    External font `lmex10' loaded for size
(Font)              <10.95> on input line 120.
LaTeX Font Info:    External font `lmex10' loaded for size
(Font)              <8> on input line 120.
LaTeX Font Info:    External font `lmex10' loaded for size
(Font)              <6> on input line 120.
LaTeX Font Info:    Trying to load font information for U+msa on input line 120
.

(/usr/local/texlive/2020/texmf-dist/tex/latex/amsfonts/umsa.fd
File: umsa.fd 2013/01/14 v3.01 AMS symbols A
)
LaTeX Font Info:    Trying to load font information for U+msb on input line 120
.

(/usr/local/texlive/2020/texmf-dist/tex/latex/amsfonts/umsb.fd
File: umsb.fd 2013/01/14 v3.01 AMS symbols B
)
File: /Users/dantopa/GitHub//latex-2025//global//graphics/logos/afrl-logo.png G
raphic file (type png)
<use /Users/dantopa/GitHub//latex-2025//global//graphics/logos/afrl-logo.png>
Package pdftex.def Info: /Users/dantopa/GitHub//latex-2025//global//graphics/lo
gos/afrl-logo.png  used on input line 120.
(pdftex.def)             Requested size: 43.77304pt x 14.22636pt.
File: /Users/dantopa/GitHub//latex-2025//global//graphics/logos/af-01.png Graph
ic file (type png)
<use /Users/dantopa/GitHub//latex-2025//global//graphics/logos/af-01.png>
Package pdftex.def Info: /Users/dantopa/GitHub//latex-2025//global//graphics/lo
gos/af-01.png  used on input line 120.
(pdftex.def)             Requested size: 14.84773pt x 13.08846pt.
File: /Users/dantopa/GitHub//latex-2025//global//graphics/logos/sf-best.png Gra
phic file (type png)
<use /Users/dantopa/GitHub//latex-2025//global//graphics/logos/sf-best.png>
Package pdftex.def Info: /Users/dantopa/GitHub//latex-2025//global//graphics/lo
gos/sf-best.png  used on input line 120.
(pdftex.def)             Requested size: 16.20306pt x 16.21828pt.
File: /Users/dantopa/GitHub//latex-2025//global//graphics/logos/hii-01.png Grap
hic file (type png)
<use /Users/dantopa/GitHub//latex-2025//global//graphics/logos/hii-01.png>
Package pdftex.def Info: /Users/dantopa/GitHub//latex-2025//global//graphics/lo
gos/hii-01.png  used on input line 120.
(pdftex.def)             Requested size: 13.59386pt x 14.22636pt.

Overfull \hbox (1.46664pt too wide) has occurred while \output is active
[][][] [][][] 
 []

[9

]
File: /Users/dantopa/GitHub//latex-2025//global//graphics/logos/afrl-logo.png G
raphic file (type png)
<use /Users/dantopa/GitHub//latex-2025//global//graphics/logos/afrl-logo.png>
Package pdftex.def Info: /Users/dantopa/GitHub//latex-2025//global//graphics/lo
gos/afrl-logo.png  used on input line 142.
(pdftex.def)             Requested size: 43.77304pt x 14.22636pt.
File: /Users/dantopa/GitHub//latex-2025//global//graphics/logos/af-01.png Graph
ic file (type png)
<use /Users/dantopa/GitHub//latex-2025//global//graphics/logos/af-01.png>
Package pdftex.def Info: /Users/dantopa/GitHub//latex-2025//global//graphics/lo
gos/af-01.png  used on input line 142.
(pdftex.def)             Requested size: 14.84773pt x 13.08846pt.
File: /Users/dantopa/GitHub//latex-2025//global//graphics/logos/sf-best.png Gra
phic file (type png)
<use /Users/dantopa/GitHub//latex-2025//global//graphics/logos/sf-best.png>
Package pdftex.def Info: /Users/dantopa/GitHub//latex-2025//global//graphics/lo
gos/sf-best.png  used on input line 142.
(pdftex.def)             Requested size: 16.20306pt x 16.21828pt.
File: /Users/dantopa/GitHub//latex-2025//global//graphics/logos/hii-01.png Grap
hic file (type png)
<use /Users/dantopa/GitHub//latex-2025//global//graphics/logos/hii-01.png>
Package pdftex.def Info: /Users/dantopa/GitHub//latex-2025//global//graphics/lo
gos/hii-01.png  used on input line 142.
(pdftex.def)             Requested size: 13.59386pt x 14.22636pt.

Overfull \hbox (1.46664pt too wide) has occurred while \output is active
[][][] [][][] 
 []

[10

])
(/Users/dantopa/GitHub//latex-2025//pres/fortran-v-cpp//sections/sec-about-fort
ran.tex
 !! CONTENT SETUP !! /Users/dantopa/GitHub//latex-2025//pres/fortran-v-cpp//sec
tions/"sec-about-fortran.tex"
File: /Users/dantopa/GitHub//latex-2025//global//graphics/logos/afrl-logo.png G
raphic file (type png)
<use /Users/dantopa/GitHub//latex-2025//global//graphics/logos/afrl-logo.png>
Package pdftex.def Info: /Users/dantopa/GitHub//latex-2025//global//graphics/lo
gos/afrl-logo.png  used on input line 14.
(pdftex.def)             Requested size: 43.77304pt x 14.22636pt.
File: /Users/dantopa/GitHub//latex-2025//global//graphics/logos/af-01.png Graph
ic file (type png)
<use /Users/dantopa/GitHub//latex-2025//global//graphics/logos/af-01.png>
Package pdftex.def Info: /Users/dantopa/GitHub//latex-2025//global//graphics/lo
gos/af-01.png  used on input line 14.
(pdftex.def)             Requested size: 14.84773pt x 13.08846pt.
File: /Users/dantopa/GitHub//latex-2025//global//graphics/logos/sf-best.png Gra
phic file (type png)
<use /Users/dantopa/GitHub//latex-2025//global//graphics/logos/sf-best.png>
Package pdftex.def Info: /Users/dantopa/GitHub//latex-2025//global//graphics/lo
gos/sf-best.png  used on input line 14.
(pdftex.def)             Requested size: 16.20306pt x 16.21828pt.
File: /Users/dantopa/GitHub//latex-2025//global//graphics/logos/hii-01.png Grap
hic file (type png)
<use /Users/dantopa/GitHub//latex-2025//global//graphics/logos/hii-01.png>
Package pdftex.def Info: /Users/dantopa/GitHub//latex-2025//global//graphics/lo
gos/hii-01.png  used on input line 14.
(pdftex.def)             Requested size: 13.59386pt x 14.22636pt.

Overfull \hbox (1.46664pt too wide) has occurred while \output is active
[][][] [][][] 
 []

[11

]
</Users/dantopa/GitHub//latex-2025//pres/fortran-v-cpp//local//graphics//nersc-
00.png, id=522, 1901.1025pt x 1262.7175pt>
File: /Users/dantopa/GitHub//latex-2025//pres/fortran-v-cpp//local//graphics//n
ersc-00.png Graphic file (type png)
<use /Users/dantopa/GitHub//latex-2025//pres/fortran-v-cpp//local//graphics//ne
rsc-00.png>
Package pdftex.def Info: /Users/dantopa/GitHub//latex-2025//pres/fortran-v-cpp/
/local//graphics//nersc-00.png  used on input line 25.
(pdftex.def)             Requested size: 237.63722pt x 157.8393pt.
File: /Users/dantopa/GitHub//latex-2025//global//graphics/logos/afrl-logo.png G
raphic file (type png)
<use /Users/dantopa/GitHub//latex-2025//global//graphics/logos/afrl-logo.png>
Package pdftex.def Info: /Users/dantopa/GitHub//latex-2025//global//graphics/lo
gos/afrl-logo.png  used on input line 25.
(pdftex.def)             Requested size: 43.77304pt x 14.22636pt.
File: /Users/dantopa/GitHub//latex-2025//global//graphics/logos/af-01.png Graph
ic file (type png)
<use /Users/dantopa/GitHub//latex-2025//global//graphics/logos/af-01.png>
Package pdftex.def Info: /Users/dantopa/GitHub//latex-2025//global//graphics/lo
gos/af-01.png  used on input line 25.
(pdftex.def)             Requested size: 14.84773pt x 13.08846pt.
File: /Users/dantopa/GitHub//latex-2025//global//graphics/logos/sf-best.png Gra
phic file (type png)
<use /Users/dantopa/GitHub//latex-2025//global//graphics/logos/sf-best.png>
Package pdftex.def Info: /Users/dantopa/GitHub//latex-2025//global//graphics/lo
gos/sf-best.png  used on input line 25.
(pdftex.def)             Requested size: 16.20306pt x 16.21828pt.
File: /Users/dantopa/GitHub//latex-2025//global//graphics/logos/hii-01.png Grap
hic file (type png)
<use /Users/dantopa/GitHub//latex-2025//global//graphics/logos/hii-01.png>
Package pdftex.def Info: /Users/dantopa/GitHub//latex-2025//global//graphics/lo
gos/hii-01.png  used on input line 25.
(pdftex.def)             Requested size: 13.59386pt x 14.22636pt.

Overfull \hbox (1.46664pt too wide) has occurred while \output is active
[][][] [][][] 
 []

[12

 </Users/dantopa/GitHub//latex-2025//pres/fortran-v-cpp//local//graphics//nersc
-00.png>]
</Users/dantopa/GitHub//latex-2025//pres/fortran-v-cpp//local//graphics//nersc-
04.png, id=567, 2252.415pt x 1268.74pt>
File: /Users/dantopa/GitHub//latex-2025//pres/fortran-v-cpp//local//graphics//n
ersc-04.png Graphic file (type png)
<use /Users/dantopa/GitHub//latex-2025//pres/fortran-v-cpp//local//graphics//ne
rsc-04.png>
Package pdftex.def Info: /Users/dantopa/GitHub//latex-2025//pres/fortran-v-cpp/
/local//graphics//nersc-04.png  used on input line 33.
(pdftex.def)             Requested size: 276.559pt x 155.76564pt.
File: /Users/dantopa/GitHub//latex-2025//global//graphics/logos/afrl-logo.png G
raphic file (type png)
<use /Users/dantopa/GitHub//latex-2025//global//graphics/logos/afrl-logo.png>
Package pdftex.def Info: /Users/dantopa/GitHub//latex-2025//global//graphics/lo
gos/afrl-logo.png  used on input line 33.
(pdftex.def)             Requested size: 43.77304pt x 14.22636pt.
File: /Users/dantopa/GitHub//latex-2025//global//graphics/logos/af-01.png Graph
ic file (type png)
<use /Users/dantopa/GitHub//latex-2025//global//graphics/logos/af-01.png>
Package pdftex.def Info: /Users/dantopa/GitHub//latex-2025//global//graphics/lo
gos/af-01.png  used on input line 33.
(pdftex.def)             Requested size: 14.84773pt x 13.08846pt.
File: /Users/dantopa/GitHub//latex-2025//global//graphics/logos/sf-best.png Gra
phic file (type png)
<use /Users/dantopa/GitHub//latex-2025//global//graphics/logos/sf-best.png>
Package pdftex.def Info: /Users/dantopa/GitHub//latex-2025//global//graphics/lo
gos/sf-best.png  used on input line 33.
(pdftex.def)             Requested size: 16.20306pt x 16.21828pt.
File: /Users/dantopa/GitHub//latex-2025//global//graphics/logos/hii-01.png Grap
hic file (type png)
<use /Users/dantopa/GitHub//latex-2025//global//graphics/logos/hii-01.png>
Package pdftex.def Info: /Users/dantopa/GitHub//latex-2025//global//graphics/lo
gos/hii-01.png  used on input line 33.
(pdftex.def)             Requested size: 13.59386pt x 14.22636pt.

Overfull \hbox (1.46664pt too wide) has occurred while \output is active
[][][] [][][] 
 []

[13

 </Users/dantopa/GitHub//latex-2025//pres/fortran-v-cpp//local//graphics//nersc
-04.png>]
</Users/dantopa/GitHub//latex-2025//pres/fortran-v-cpp//local//graphics//nersc-
01.png, id=609, 2216.28pt x 1250.6725pt>
File: /Users/dantopa/GitHub//latex-2025//pres/fortran-v-cpp//local//graphics//n
ersc-01.png Graphic file (type png)
<use /Users/dantopa/GitHub//latex-2025//pres/fortran-v-cpp//local//graphics//ne
rsc-01.png>
Package pdftex.def Info: /Users/dantopa/GitHub//latex-2025//pres/fortran-v-cpp/
/local//graphics//nersc-01.png  used on input line 44.
(pdftex.def)             Requested size: 277.03432pt x 156.33368pt.
File: /Users/dantopa/GitHub//latex-2025//global//graphics/logos/afrl-logo.png G
raphic file (type png)
<use /Users/dantopa/GitHub//latex-2025//global//graphics/logos/afrl-logo.png>
Package pdftex.def Info: /Users/dantopa/GitHub//latex-2025//global//graphics/lo
gos/afrl-logo.png  used on input line 44.
(pdftex.def)             Requested size: 43.77304pt x 14.22636pt.
File: /Users/dantopa/GitHub//latex-2025//global//graphics/logos/af-01.png Graph
ic file (type png)
<use /Users/dantopa/GitHub//latex-2025//global//graphics/logos/af-01.png>
Package pdftex.def Info: /Users/dantopa/GitHub//latex-2025//global//graphics/lo
gos/af-01.png  used on input line 44.
(pdftex.def)             Requested size: 14.84773pt x 13.08846pt.
File: /Users/dantopa/GitHub//latex-2025//global//graphics/logos/sf-best.png Gra
phic file (type png)
<use /Users/dantopa/GitHub//latex-2025//global//graphics/logos/sf-best.png>
Package pdftex.def Info: /Users/dantopa/GitHub//latex-2025//global//graphics/lo
gos/sf-best.png  used on input line 44.
(pdftex.def)             Requested size: 16.20306pt x 16.21828pt.
File: /Users/dantopa/GitHub//latex-2025//global//graphics/logos/hii-01.png Grap
hic file (type png)
<use /Users/dantopa/GitHub//latex-2025//global//graphics/logos/hii-01.png>
Package pdftex.def Info: /Users/dantopa/GitHub//latex-2025//global//graphics/lo
gos/hii-01.png  used on input line 44.
(pdftex.def)             Requested size: 13.59386pt x 14.22636pt.

Overfull \hbox (1.46664pt too wide) has occurred while \output is active
[][][] [][][] 
 []

[14

 </Users/dantopa/GitHub//latex-2025//pres/fortran-v-cpp//local//graphics//nersc
-01.png>]
</Users/dantopa/GitHub//latex-2025//pres/fortran-v-cpp//local//graphics//nersc-
02.png, id=650, 2250.4075pt x 1266.7325pt>
File: /Users/dantopa/GitHub//latex-2025//pres/fortran-v-cpp//local//graphics//n
ersc-02.png Graphic file (type png)
<use /Users/dantopa/GitHub//latex-2025//pres/fortran-v-cpp//local//graphics//ne
rsc-02.png>
Package pdftex.def Info: /Users/dantopa/GitHub//latex-2025//pres/fortran-v-cpp/
/local//graphics//nersc-02.png  used on input line 55.
(pdftex.def)             Requested size: 281.30025pt x 158.34117pt.
File: /Users/dantopa/GitHub//latex-2025//global//graphics/logos/afrl-logo.png G
raphic file (type png)
<use /Users/dantopa/GitHub//latex-2025//global//graphics/logos/afrl-logo.png>
Package pdftex.def Info: /Users/dantopa/GitHub//latex-2025//global//graphics/lo
gos/afrl-logo.png  used on input line 55.
(pdftex.def)             Requested size: 43.77304pt x 14.22636pt.
File: /Users/dantopa/GitHub//latex-2025//global//graphics/logos/af-01.png Graph
ic file (type png)
<use /Users/dantopa/GitHub//latex-2025//global//graphics/logos/af-01.png>
Package pdftex.def Info: /Users/dantopa/GitHub//latex-2025//global//graphics/lo
gos/af-01.png  used on input line 55.
(pdftex.def)             Requested size: 14.84773pt x 13.08846pt.
File: /Users/dantopa/GitHub//latex-2025//global//graphics/logos/sf-best.png Gra
phic file (type png)
<use /Users/dantopa/GitHub//latex-2025//global//graphics/logos/sf-best.png>
Package pdftex.def Info: /Users/dantopa/GitHub//latex-2025//global//graphics/lo
gos/sf-best.png  used on input line 55.
(pdftex.def)             Requested size: 16.20306pt x 16.21828pt.
File: /Users/dantopa/GitHub//latex-2025//global//graphics/logos/hii-01.png Grap
hic file (type png)
<use /Users/dantopa/GitHub//latex-2025//global//graphics/logos/hii-01.png>
Package pdftex.def Info: /Users/dantopa/GitHub//latex-2025//global//graphics/lo
gos/hii-01.png  used on input line 55.
(pdftex.def)             Requested size: 13.59386pt x 14.22636pt.

Overfull \hbox (1.46664pt too wide) has occurred while \output is active
[][][] [][][] 
 []

[15

 </Users/dantopa/GitHub//latex-2025//pres/fortran-v-cpp//local//graphics//nersc
-02.png>]
File: /Users/dantopa/GitHub//latex-2025//global//graphics/logos/afrl-logo.png G
raphic file (type png)
<use /Users/dantopa/GitHub//latex-2025//global//graphics/logos/afrl-logo.png>
Package pdftex.def Info: /Users/dantopa/GitHub//latex-2025//global//graphics/lo
gos/afrl-logo.png  used on input line 68.
(pdftex.def)             Requested size: 43.77304pt x 14.22636pt.
File: /Users/dantopa/GitHub//latex-2025//global//graphics/logos/af-01.png Graph
ic file (type png)
<use /Users/dantopa/GitHub//latex-2025//global//graphics/logos/af-01.png>
Package pdftex.def Info: /Users/dantopa/GitHub//latex-2025//global//graphics/lo
gos/af-01.png  used on input line 68.
(pdftex.def)             Requested size: 14.84773pt x 13.08846pt.
File: /Users/dantopa/GitHub//latex-2025//global//graphics/logos/sf-best.png Gra
phic file (type png)
<use /Users/dantopa/GitHub//latex-2025//global//graphics/logos/sf-best.png>
Package pdftex.def Info: /Users/dantopa/GitHub//latex-2025//global//graphics/lo
gos/sf-best.png  used on input line 68.
(pdftex.def)             Requested size: 16.20306pt x 16.21828pt.
File: /Users/dantopa/GitHub//latex-2025//global//graphics/logos/hii-01.png Grap
hic file (type png)
<use /Users/dantopa/GitHub//latex-2025//global//graphics/logos/hii-01.png>
Package pdftex.def Info: /Users/dantopa/GitHub//latex-2025//global//graphics/lo
gos/hii-01.png  used on input line 68.
(pdftex.def)             Requested size: 13.59386pt x 14.22636pt.

Overfull \hbox (1.46664pt too wide) has occurred while \output is active
[][][] [][][] 
 []

[16

]
</Users/dantopa/GitHub//latex-2025//pres/fortran-v-cpp//local//graphics//weathe
r-fig-05.pdf, id=732, 895.345pt x 482.80376pt>
File: /Users/dantopa/GitHub//latex-2025//pres/fortran-v-cpp//local//graphics//w
eather-fig-05.pdf Graphic file (type pdf)
<use /Users/dantopa/GitHub//latex-2025//pres/fortran-v-cpp//local//graphics//we
ather-fig-05.pdf>
Package pdftex.def Info: /Users/dantopa/GitHub//latex-2025//pres/fortran-v-cpp/
/local//graphics//weather-fig-05.pdf  used on input line 79.
(pdftex.def)             Requested size: 313.37544pt x 168.98384pt.

Overfull \hbox (6.08446pt too wide) in paragraph at lines 79--79
 [] 
 []

LaTeX Font Info:    Trying to load font information for T1+lmtt on input line 7
9.
(/usr/local/texlive/2020/texmf-dist/tex/latex/lm/t1lmtt.fd
File: t1lmtt.fd 2009/10/30 v1.6 Font defs for Latin Modern
)
LaTeX Font Info:    Font shape `T1/lmtt/bx/n' in size <14.4> not available
(Font)              Font shape `T1/lmtt/b/n' tried instead on input line 79.

Overfull \vbox (5.22461pt too high) detected at line 79
 []

File: /Users/dantopa/GitHub//latex-2025//global//graphics/logos/afrl-logo.png G
raphic file (type png)
<use /Users/dantopa/GitHub//latex-2025//global//graphics/logos/afrl-logo.png>
Package pdftex.def Info: /Users/dantopa/GitHub//latex-2025//global//graphics/lo
gos/afrl-logo.png  used on input line 79.
(pdftex.def)             Requested size: 43.77304pt x 14.22636pt.
File: /Users/dantopa/GitHub//latex-2025//global//graphics/logos/af-01.png Graph
ic file (type png)
<use /Users/dantopa/GitHub//latex-2025//global//graphics/logos/af-01.png>
Package pdftex.def Info: /Users/dantopa/GitHub//latex-2025//global//graphics/lo
gos/af-01.png  used on input line 79.
(pdftex.def)             Requested size: 14.84773pt x 13.08846pt.
File: /Users/dantopa/GitHub//latex-2025//global//graphics/logos/sf-best.png Gra
phic file (type png)
<use /Users/dantopa/GitHub//latex-2025//global//graphics/logos/sf-best.png>
Package pdftex.def Info: /Users/dantopa/GitHub//latex-2025//global//graphics/lo
gos/sf-best.png  used on input line 79.
(pdftex.def)             Requested size: 16.20306pt x 16.21828pt.
File: /Users/dantopa/GitHub//latex-2025//global//graphics/logos/hii-01.png Grap
hic file (type png)
<use /Users/dantopa/GitHub//latex-2025//global//graphics/logos/hii-01.png>
Package pdftex.def Info: /Users/dantopa/GitHub//latex-2025//global//graphics/lo
gos/hii-01.png  used on input line 79.
(pdftex.def)             Requested size: 13.59386pt x 14.22636pt.

Overfull \hbox (1.46664pt too wide) has occurred while \output is active
[][][] [][][] 
 []

[17

 </Users/dantopa/GitHub//latex-2025//pres/fortran-v-cpp//local//graphics//weath
er-fig-05.pdf>]
File: /Users/dantopa/GitHub//latex-2025//global//graphics/logos/afrl-logo.png G
raphic file (type png)
<use /Users/dantopa/GitHub//latex-2025//global//graphics/logos/afrl-logo.png>
Package pdftex.def Info: /Users/dantopa/GitHub//latex-2025//global//graphics/lo
gos/afrl-logo.png  used on input line 184.
(pdftex.def)             Requested size: 43.77304pt x 14.22636pt.
File: /Users/dantopa/GitHub//latex-2025//global//graphics/logos/af-01.png Graph
ic file (type png)
<use /Users/dantopa/GitHub//latex-2025//global//graphics/logos/af-01.png>
Package pdftex.def Info: /Users/dantopa/GitHub//latex-2025//global//graphics/lo
gos/af-01.png  used on input line 184.
(pdftex.def)             Requested size: 14.84773pt x 13.08846pt.
File: /Users/dantopa/GitHub//latex-2025//global//graphics/logos/sf-best.png Gra
phic file (type png)
<use /Users/dantopa/GitHub//latex-2025//global//graphics/logos/sf-best.png>
Package pdftex.def Info: /Users/dantopa/GitHub//latex-2025//global//graphics/lo
gos/sf-best.png  used on input line 184.
(pdftex.def)             Requested size: 16.20306pt x 16.21828pt.
File: /Users/dantopa/GitHub//latex-2025//global//graphics/logos/hii-01.png Grap
hic file (type png)
<use /Users/dantopa/GitHub//latex-2025//global//graphics/logos/hii-01.png>
Package pdftex.def Info: /Users/dantopa/GitHub//latex-2025//global//graphics/lo
gos/hii-01.png  used on input line 184.
(pdftex.def)             Requested size: 13.59386pt x 14.22636pt.

Overfull \hbox (1.46664pt too wide) has occurred while \output is active
[][][] [][][] 
 []

[18

]
File: /Users/dantopa/GitHub//latex-2025//global//graphics/logos/afrl-logo.png G
raphic file (type png)
<use /Users/dantopa/GitHub//latex-2025//global//graphics/logos/afrl-logo.png>
Package pdftex.def Info: /Users/dantopa/GitHub//latex-2025//global//graphics/lo
gos/afrl-logo.png  used on input line 184.
(pdftex.def)             Requested size: 43.77304pt x 14.22636pt.
File: /Users/dantopa/GitHub//latex-2025//global//graphics/logos/af-01.png Graph
ic file (type png)
<use /Users/dantopa/GitHub//latex-2025//global//graphics/logos/af-01.png>
Package pdftex.def Info: /Users/dantopa/GitHub//latex-2025//global//graphics/lo
gos/af-01.png  used on input line 184.
(pdftex.def)             Requested size: 14.84773pt x 13.08846pt.
File: /Users/dantopa/GitHub//latex-2025//global//graphics/logos/sf-best.png Gra
phic file (type png)
<use /Users/dantopa/GitHub//latex-2025//global//graphics/logos/sf-best.png>
Package pdftex.def Info: /Users/dantopa/GitHub//latex-2025//global//graphics/lo
gos/sf-best.png  used on input line 184.
(pdftex.def)             Requested size: 16.20306pt x 16.21828pt.
File: /Users/dantopa/GitHub//latex-2025//global//graphics/logos/hii-01.png Grap
hic file (type png)
<use /Users/dantopa/GitHub//latex-2025//global//graphics/logos/hii-01.png>
Package pdftex.def Info: /Users/dantopa/GitHub//latex-2025//global//graphics/lo
gos/hii-01.png  used on input line 184.
(pdftex.def)             Requested size: 13.59386pt x 14.22636pt.

Overfull \hbox (1.46664pt too wide) has occurred while \output is active
[][][] [][][] 
 []

[19


]
File: /Users/dantopa/GitHub//latex-2025//global//graphics/logos/afrl-logo.png G
raphic file (type png)
<use /Users/dantopa/GitHub//latex-2025//global//graphics/logos/afrl-logo.png>
Package pdftex.def Info: /Users/dantopa/GitHub//latex-2025//global//graphics/lo
gos/afrl-logo.png  used on input line 184.
(pdftex.def)             Requested size: 43.77304pt x 14.22636pt.
File: /Users/dantopa/GitHub//latex-2025//global//graphics/logos/af-01.png Graph
ic file (type png)
<use /Users/dantopa/GitHub//latex-2025//global//graphics/logos/af-01.png>
Package pdftex.def Info: /Users/dantopa/GitHub//latex-2025//global//graphics/lo
gos/af-01.png  used on input line 184.
(pdftex.def)             Requested size: 14.84773pt x 13.08846pt.
File: /Users/dantopa/GitHub//latex-2025//global//graphics/logos/sf-best.png Gra
phic file (type png)
<use /Users/dantopa/GitHub//latex-2025//global//graphics/logos/sf-best.png>
Package pdftex.def Info: /Users/dantopa/GitHub//latex-2025//global//graphics/lo
gos/sf-best.png  used on input line 184.
(pdftex.def)             Requested size: 16.20306pt x 16.21828pt.
File: /Users/dantopa/GitHub//latex-2025//global//graphics/logos/hii-01.png Grap
hic file (type png)
<use /Users/dantopa/GitHub//latex-2025//global//graphics/logos/hii-01.png>
Package pdftex.def Info: /Users/dantopa/GitHub//latex-2025//global//graphics/lo
gos/hii-01.png  used on input line 184.
(pdftex.def)             Requested size: 13.59386pt x 14.22636pt.

Overfull \hbox (1.46664pt too wide) has occurred while \output is active
[][][] [][][] 
 []

[20


]
File: /Users/dantopa/GitHub//latex-2025//global//graphics/logos/afrl-logo.png G
raphic file (type png)
<use /Users/dantopa/GitHub//latex-2025//global//graphics/logos/afrl-logo.png>
Package pdftex.def Info: /Users/dantopa/GitHub//latex-2025//global//graphics/lo
gos/afrl-logo.png  used on input line 184.
(pdftex.def)             Requested size: 43.77304pt x 14.22636pt.
File: /Users/dantopa/GitHub//latex-2025//global//graphics/logos/af-01.png Graph
ic file (type png)
<use /Users/dantopa/GitHub//latex-2025//global//graphics/logos/af-01.png>
Package pdftex.def Info: /Users/dantopa/GitHub//latex-2025//global//graphics/lo
gos/af-01.png  used on input line 184.
(pdftex.def)             Requested size: 14.84773pt x 13.08846pt.
File: /Users/dantopa/GitHub//latex-2025//global//graphics/logos/sf-best.png Gra
phic file (type png)
<use /Users/dantopa/GitHub//latex-2025//global//graphics/logos/sf-best.png>
Package pdftex.def Info: /Users/dantopa/GitHub//latex-2025//global//graphics/lo
gos/sf-best.png  used on input line 184.
(pdftex.def)             Requested size: 16.20306pt x 16.21828pt.
File: /Users/dantopa/GitHub//latex-2025//global//graphics/logos/hii-01.png Grap
hic file (type png)
<use /Users/dantopa/GitHub//latex-2025//global//graphics/logos/hii-01.png>
Package pdftex.def Info: /Users/dantopa/GitHub//latex-2025//global//graphics/lo
gos/hii-01.png  used on input line 184.
(pdftex.def)             Requested size: 13.59386pt x 14.22636pt.

Overfull \hbox (1.46664pt too wide) has occurred while \output is active
[][][] [][][] 
 []

[21


]
File: /Users/dantopa/GitHub//latex-2025//global//graphics/logos/afrl-logo.png G
raphic file (type png)
<use /Users/dantopa/GitHub//latex-2025//global//graphics/logos/afrl-logo.png>
Package pdftex.def Info: /Users/dantopa/GitHub//latex-2025//global//graphics/lo
gos/afrl-logo.png  used on input line 184.
(pdftex.def)             Requested size: 43.77304pt x 14.22636pt.
File: /Users/dantopa/GitHub//latex-2025//global//graphics/logos/af-01.png Graph
ic file (type png)
<use /Users/dantopa/GitHub//latex-2025//global//graphics/logos/af-01.png>
Package pdftex.def Info: /Users/dantopa/GitHub//latex-2025//global//graphics/lo
gos/af-01.png  used on input line 184.
(pdftex.def)             Requested size: 14.84773pt x 13.08846pt.
File: /Users/dantopa/GitHub//latex-2025//global//graphics/logos/sf-best.png Gra
phic file (type png)
<use /Users/dantopa/GitHub//latex-2025//global//graphics/logos/sf-best.png>
Package pdftex.def Info: /Users/dantopa/GitHub//latex-2025//global//graphics/lo
gos/sf-best.png  used on input line 184.
(pdftex.def)             Requested size: 16.20306pt x 16.21828pt.
File: /Users/dantopa/GitHub//latex-2025//global//graphics/logos/hii-01.png Grap
hic file (type png)
<use /Users/dantopa/GitHub//latex-2025//global//graphics/logos/hii-01.png>
Package pdftex.def Info: /Users/dantopa/GitHub//latex-2025//global//graphics/lo
gos/hii-01.png  used on input line 184.
(pdftex.def)             Requested size: 13.59386pt x 14.22636pt.

Overfull \hbox (1.46664pt too wide) has occurred while \output is active
[][][] [][][] 
 []

[22


]
\openout4 = `main-fortran-v-cpp.vrb'.

 (./main-fortran-v-cpp.vrb
LaTeX Font Info:    Font shape `T1/lmss/bx/it' in size <10.95> not available
(Font)              Font shape `T1/lmss/bx/sl' tried instead on input line 2.
LaTeX Font Info:    Font shape `T1/lmtt/bx/n' in size <10.95> not available
(Font)              Font shape `T1/lmtt/b/n' tried instead on input line 11.
)
File: /Users/dantopa/GitHub//latex-2025//global//graphics/logos/afrl-logo.png G
raphic file (type png)
<use /Users/dantopa/GitHub//latex-2025//global//graphics/logos/afrl-logo.png>
Package pdftex.def Info: /Users/dantopa/GitHub//latex-2025//global//graphics/lo
gos/afrl-logo.png  used on input line 222.
(pdftex.def)             Requested size: 43.77304pt x 14.22636pt.
File: /Users/dantopa/GitHub//latex-2025//global//graphics/logos/af-01.png Graph
ic file (type png)
<use /Users/dantopa/GitHub//latex-2025//global//graphics/logos/af-01.png>
Package pdftex.def Info: /Users/dantopa/GitHub//latex-2025//global//graphics/lo
gos/af-01.png  used on input line 222.
(pdftex.def)             Requested size: 14.84773pt x 13.08846pt.
File: /Users/dantopa/GitHub//latex-2025//global//graphics/logos/sf-best.png Gra
phic file (type png)
<use /Users/dantopa/GitHub//latex-2025//global//graphics/logos/sf-best.png>
Package pdftex.def Info: /Users/dantopa/GitHub//latex-2025//global//graphics/lo
gos/sf-best.png  used on input line 222.
(pdftex.def)             Requested size: 16.20306pt x 16.21828pt.
File: /Users/dantopa/GitHub//latex-2025//global//graphics/logos/hii-01.png Grap
hic file (type png)
<use /Users/dantopa/GitHub//latex-2025//global//graphics/logos/hii-01.png>
Package pdftex.def Info: /Users/dantopa/GitHub//latex-2025//global//graphics/lo
gos/hii-01.png  used on input line 222.
(pdftex.def)             Requested size: 13.59386pt x 14.22636pt.

Overfull \hbox (1.46664pt too wide) has occurred while \output is active
[][][] [][][] 
 []

[23

]
File: /Users/dantopa/GitHub//latex-2025//global//graphics/logos/afrl-logo.png G
raphic file (type png)
<use /Users/dantopa/GitHub//latex-2025//global//graphics/logos/afrl-logo.png>
Package pdftex.def Info: /Users/dantopa/GitHub//latex-2025//global//graphics/lo
gos/afrl-logo.png  used on input line 222.
(pdftex.def)             Requested size: 43.77304pt x 14.22636pt.
File: /Users/dantopa/GitHub//latex-2025//global//graphics/logos/af-01.png Graph
ic file (type png)
<use /Users/dantopa/GitHub//latex-2025//global//graphics/logos/af-01.png>
Package pdftex.def Info: /Users/dantopa/GitHub//latex-2025//global//graphics/lo
gos/af-01.png  used on input line 222.
(pdftex.def)             Requested size: 14.84773pt x 13.08846pt.
File: /Users/dantopa/GitHub//latex-2025//global//graphics/logos/sf-best.png Gra
phic file (type png)
<use /Users/dantopa/GitHub//latex-2025//global//graphics/logos/sf-best.png>
Package pdftex.def Info: /Users/dantopa/GitHub//latex-2025//global//graphics/lo
gos/sf-best.png  used on input line 222.
(pdftex.def)             Requested size: 16.20306pt x 16.21828pt.
File: /Users/dantopa/GitHub//latex-2025//global//graphics/logos/hii-01.png Grap
hic file (type png)
<use /Users/dantopa/GitHub//latex-2025//global//graphics/logos/hii-01.png>
Package pdftex.def Info: /Users/dantopa/GitHub//latex-2025//global//graphics/lo
gos/hii-01.png  used on input line 222.
(pdftex.def)             Requested size: 13.59386pt x 14.22636pt.

Overfull \hbox (1.46664pt too wide) has occurred while \output is active
[][][] [][][] 
 []

[24


]
File: /Users/dantopa/GitHub//latex-2025//global//graphics/logos/afrl-logo.png G
raphic file (type png)
<use /Users/dantopa/GitHub//latex-2025//global//graphics/logos/afrl-logo.png>
Package pdftex.def Info: /Users/dantopa/GitHub//latex-2025//global//graphics/lo
gos/afrl-logo.png  used on input line 222.
(pdftex.def)             Requested size: 43.77304pt x 14.22636pt.
File: /Users/dantopa/GitHub//latex-2025//global//graphics/logos/af-01.png Graph
ic file (type png)
<use /Users/dantopa/GitHub//latex-2025//global//graphics/logos/af-01.png>
Package pdftex.def Info: /Users/dantopa/GitHub//latex-2025//global//graphics/lo
gos/af-01.png  used on input line 222.
(pdftex.def)             Requested size: 14.84773pt x 13.08846pt.
File: /Users/dantopa/GitHub//latex-2025//global//graphics/logos/sf-best.png Gra
phic file (type png)
<use /Users/dantopa/GitHub//latex-2025//global//graphics/logos/sf-best.png>
Package pdftex.def Info: /Users/dantopa/GitHub//latex-2025//global//graphics/lo
gos/sf-best.png  used on input line 222.
(pdftex.def)             Requested size: 16.20306pt x 16.21828pt.
File: /Users/dantopa/GitHub//latex-2025//global//graphics/logos/hii-01.png Grap
hic file (type png)
<use /Users/dantopa/GitHub//latex-2025//global//graphics/logos/hii-01.png>
Package pdftex.def Info: /Users/dantopa/GitHub//latex-2025//global//graphics/lo
gos/hii-01.png  used on input line 222.
(pdftex.def)             Requested size: 13.59386pt x 14.22636pt.

Overfull \hbox (1.46664pt too wide) has occurred while \output is active
[][][] [][][] 
 []

[25


]
File: /Users/dantopa/GitHub//latex-2025//global//graphics/logos/afrl-logo.png G
raphic file (type png)
<use /Users/dantopa/GitHub//latex-2025//global//graphics/logos/afrl-logo.png>
Package pdftex.def Info: /Users/dantopa/GitHub//latex-2025//global//graphics/lo
gos/afrl-logo.png  used on input line 233.
(pdftex.def)             Requested size: 43.77304pt x 14.22636pt.
File: /Users/dantopa/GitHub//latex-2025//global//graphics/logos/af-01.png Graph
ic file (type png)
<use /Users/dantopa/GitHub//latex-2025//global//graphics/logos/af-01.png>
Package pdftex.def Info: /Users/dantopa/GitHub//latex-2025//global//graphics/lo
gos/af-01.png  used on input line 233.
(pdftex.def)             Requested size: 14.84773pt x 13.08846pt.
File: /Users/dantopa/GitHub//latex-2025//global//graphics/logos/sf-best.png Gra
phic file (type png)
<use /Users/dantopa/GitHub//latex-2025//global//graphics/logos/sf-best.png>
Package pdftex.def Info: /Users/dantopa/GitHub//latex-2025//global//graphics/lo
gos/sf-best.png  used on input line 233.
(pdftex.def)             Requested size: 16.20306pt x 16.21828pt.
File: /Users/dantopa/GitHub//latex-2025//global//graphics/logos/hii-01.png Grap
hic file (type png)
<use /Users/dantopa/GitHub//latex-2025//global//graphics/logos/hii-01.png>
Package pdftex.def Info: /Users/dantopa/GitHub//latex-2025//global//graphics/lo
gos/hii-01.png  used on input line 233.
(pdftex.def)             Requested size: 13.59386pt x 14.22636pt.

Overfull \hbox (1.46664pt too wide) has occurred while \output is active
[][][] [][][] 
 []

[26

]
</Users/dantopa/GitHub//latex-2025//pres/fortran-v-cpp//local//graphics//specf.
pdf, id=1139, 1087.06125pt x 474.77374pt>
File: /Users/dantopa/GitHub//latex-2025//pres/fortran-v-cpp//local//graphics//s
pecf.pdf Graphic file (type pdf)
<use /Users/dantopa/GitHub//latex-2025//pres/fortran-v-cpp//local//graphics//sp
ecf.pdf>
Package pdftex.def Info: /Users/dantopa/GitHub//latex-2025//pres/fortran-v-cpp/
/local//graphics//specf.pdf  used on input line 242.
(pdftex.def)             Requested size: 276.559pt x 120.78679pt.
</Users/dantopa/GitHub//latex-2025//pres/fortran-v-cpp//local//graphics//logo-s
pec.png, id=1140, 496.85625pt x 122.4575pt>
File: /Users/dantopa/GitHub//latex-2025//pres/fortran-v-cpp//local//graphics//l
ogo-spec.png Graphic file (type png)
<use /Users/dantopa/GitHub//latex-2025//pres/fortran-v-cpp//local//graphics//lo
go-spec.png>
Package pdftex.def Info: /Users/dantopa/GitHub//latex-2025//pres/fortran-v-cpp/
/local//graphics//logo-spec.png  used on input line 242.
(pdftex.def)             Requested size: 56.9055pt x 14.02345pt.
File: /Users/dantopa/GitHub//latex-2025//global//graphics/logos/afrl-logo.png G
raphic file (type png)
<use /Users/dantopa/GitHub//latex-2025//global//graphics/logos/afrl-logo.png>
Package pdftex.def Info: /Users/dantopa/GitHub//latex-2025//global//graphics/lo
gos/afrl-logo.png  used on input line 242.
(pdftex.def)             Requested size: 43.77304pt x 14.22636pt.
File: /Users/dantopa/GitHub//latex-2025//global//graphics/logos/af-01.png Graph
ic file (type png)
<use /Users/dantopa/GitHub//latex-2025//global//graphics/logos/af-01.png>
Package pdftex.def Info: /Users/dantopa/GitHub//latex-2025//global//graphics/lo
gos/af-01.png  used on input line 242.
(pdftex.def)             Requested size: 14.84773pt x 13.08846pt.
File: /Users/dantopa/GitHub//latex-2025//global//graphics/logos/sf-best.png Gra
phic file (type png)
<use /Users/dantopa/GitHub//latex-2025//global//graphics/logos/sf-best.png>
Package pdftex.def Info: /Users/dantopa/GitHub//latex-2025//global//graphics/lo
gos/sf-best.png  used on input line 242.
(pdftex.def)             Requested size: 16.20306pt x 16.21828pt.
File: /Users/dantopa/GitHub//latex-2025//global//graphics/logos/hii-01.png Grap
hic file (type png)
<use /Users/dantopa/GitHub//latex-2025//global//graphics/logos/hii-01.png>
Package pdftex.def Info: /Users/dantopa/GitHub//latex-2025//global//graphics/lo
gos/hii-01.png  used on input line 242.
(pdftex.def)             Requested size: 13.59386pt x 14.22636pt.

Overfull \hbox (1.46664pt too wide) has occurred while \output is active
[][][] [][][] 
 []

[27

 </Users/dantopa/GitHub//latex-2025//pres/fortran-v-cpp//local//graphics//specf
.pdf> </Users/dantopa/GitHub//latex-2025//pres/fortran-v-cpp//local//graphics//
logo-spec.png>]
File: /Users/dantopa/GitHub//latex-2025//global//graphics/logos/afrl-logo.png G
raphic file (type png)
<use /Users/dantopa/GitHub//latex-2025//global//graphics/logos/afrl-logo.png>
Package pdftex.def Info: /Users/dantopa/GitHub//latex-2025//global//graphics/lo
gos/afrl-logo.png  used on input line 267.
(pdftex.def)             Requested size: 43.77304pt x 14.22636pt.
File: /Users/dantopa/GitHub//latex-2025//global//graphics/logos/af-01.png Graph
ic file (type png)
<use /Users/dantopa/GitHub//latex-2025//global//graphics/logos/af-01.png>
Package pdftex.def Info: /Users/dantopa/GitHub//latex-2025//global//graphics/lo
gos/af-01.png  used on input line 267.
(pdftex.def)             Requested size: 14.84773pt x 13.08846pt.
File: /Users/dantopa/GitHub//latex-2025//global//graphics/logos/sf-best.png Gra
phic file (type png)
<use /Users/dantopa/GitHub//latex-2025//global//graphics/logos/sf-best.png>
Package pdftex.def Info: /Users/dantopa/GitHub//latex-2025//global//graphics/lo
gos/sf-best.png  used on input line 267.
(pdftex.def)             Requested size: 16.20306pt x 16.21828pt.
File: /Users/dantopa/GitHub//latex-2025//global//graphics/logos/hii-01.png Grap
hic file (type png)
<use /Users/dantopa/GitHub//latex-2025//global//graphics/logos/hii-01.png>
Package pdftex.def Info: /Users/dantopa/GitHub//latex-2025//global//graphics/lo
gos/hii-01.png  used on input line 267.
(pdftex.def)             Requested size: 13.59386pt x 14.22636pt.

Overfull \hbox (1.46664pt too wide) has occurred while \output is active
[][][] [][][] 
 []

[28

]
File: /Users/dantopa/GitHub//latex-2025//global//graphics/logos/afrl-logo.png G
raphic file (type png)
<use /Users/dantopa/GitHub//latex-2025//global//graphics/logos/afrl-logo.png>
Package pdftex.def Info: /Users/dantopa/GitHub//latex-2025//global//graphics/lo
gos/afrl-logo.png  used on input line 284.
(pdftex.def)             Requested size: 43.77304pt x 14.22636pt.
File: /Users/dantopa/GitHub//latex-2025//global//graphics/logos/af-01.png Graph
ic file (type png)
<use /Users/dantopa/GitHub//latex-2025//global//graphics/logos/af-01.png>
Package pdftex.def Info: /Users/dantopa/GitHub//latex-2025//global//graphics/lo
gos/af-01.png  used on input line 284.
(pdftex.def)             Requested size: 14.84773pt x 13.08846pt.
File: /Users/dantopa/GitHub//latex-2025//global//graphics/logos/sf-best.png Gra
phic file (type png)
<use /Users/dantopa/GitHub//latex-2025//global//graphics/logos/sf-best.png>
Package pdftex.def Info: /Users/dantopa/GitHub//latex-2025//global//graphics/lo
gos/sf-best.png  used on input line 284.
(pdftex.def)             Requested size: 16.20306pt x 16.21828pt.
File: /Users/dantopa/GitHub//latex-2025//global//graphics/logos/hii-01.png Grap
hic file (type png)
<use /Users/dantopa/GitHub//latex-2025//global//graphics/logos/hii-01.png>
Package pdftex.def Info: /Users/dantopa/GitHub//latex-2025//global//graphics/lo
gos/hii-01.png  used on input line 284.
(pdftex.def)             Requested size: 13.59386pt x 14.22636pt.

Overfull \hbox (1.46664pt too wide) has occurred while \output is active
[][][] [][][] 
 []

[29

]
File: /Users/dantopa/GitHub//latex-2025//global//graphics/logos/afrl-logo.png G
raphic file (type png)
<use /Users/dantopa/GitHub//latex-2025//global//graphics/logos/afrl-logo.png>
Package pdftex.def Info: /Users/dantopa/GitHub//latex-2025//global//graphics/lo
gos/afrl-logo.png  used on input line 301.
(pdftex.def)             Requested size: 43.77304pt x 14.22636pt.
File: /Users/dantopa/GitHub//latex-2025//global//graphics/logos/af-01.png Graph
ic file (type png)
<use /Users/dantopa/GitHub//latex-2025//global//graphics/logos/af-01.png>
Package pdftex.def Info: /Users/dantopa/GitHub//latex-2025//global//graphics/lo
gos/af-01.png  used on input line 301.
(pdftex.def)             Requested size: 14.84773pt x 13.08846pt.
File: /Users/dantopa/GitHub//latex-2025//global//graphics/logos/sf-best.png Gra
phic file (type png)
<use /Users/dantopa/GitHub//latex-2025//global//graphics/logos/sf-best.png>
Package pdftex.def Info: /Users/dantopa/GitHub//latex-2025//global//graphics/lo
gos/sf-best.png  used on input line 301.
(pdftex.def)             Requested size: 16.20306pt x 16.21828pt.
File: /Users/dantopa/GitHub//latex-2025//global//graphics/logos/hii-01.png Grap
hic file (type png)
<use /Users/dantopa/GitHub//latex-2025//global//graphics/logos/hii-01.png>
Package pdftex.def Info: /Users/dantopa/GitHub//latex-2025//global//graphics/lo
gos/hii-01.png  used on input line 301.
(pdftex.def)             Requested size: 13.59386pt x 14.22636pt.

Overfull \hbox (1.46664pt too wide) has occurred while \output is active
[][][] [][][] 
 []

[30

]
LaTeX Font Info:    External font `lmex10' loaded for size
(Font)              <9> on input line 328.
LaTeX Font Info:    External font `lmex10' loaded for size
(Font)              <5> on input line 328.
</Users/dantopa/GitHub//latex-2025//pres/fortran-v-cpp//local//graphics//covers
/metcalf.jpeg, id=1301, 387.16072pt x 582.0316pt>
File: /Users/dantopa/GitHub//latex-2025//pres/fortran-v-cpp//local//graphics//c
overs/metcalf.jpeg Graphic file (type jpg)
<use /Users/dantopa/GitHub//latex-2025//pres/fortran-v-cpp//local//graphics//co
vers/metcalf.jpeg>
Package pdftex.def Info: /Users/dantopa/GitHub//latex-2025//pres/fortran-v-cpp/
/local//graphics//covers/metcalf.jpeg  used on input line 328.
(pdftex.def)             Requested size: 37.84991pt x 56.9055pt.
</Users/dantopa/GitHub//latex-2025//pres/fortran-v-cpp//local//graphics//covers
/cup.jpeg, id=1303, 291.82443pt x 468.38278pt>
File: /Users/dantopa/GitHub//latex-2025//pres/fortran-v-cpp//local//graphics//c
overs/cup.jpeg Graphic file (type jpg)
<use /Users/dantopa/GitHub//latex-2025//pres/fortran-v-cpp//local//graphics//co
vers/cup.jpeg>
Package pdftex.def Info: /Users/dantopa/GitHub//latex-2025//pres/fortran-v-cpp/
/local//graphics//covers/cup.jpeg  used on input line 328.
(pdftex.def)             Requested size: 35.4538pt x 56.9055pt.
</Users/dantopa/GitHub//latex-2025//pres/fortran-v-cpp//local//graphics//covers
/clereman.jpeg, id=1305, 318.35393pt x 468.38278pt>
File: /Users/dantopa/GitHub//latex-2025//pres/fortran-v-cpp//local//graphics//c
overs/clereman.jpeg Graphic file (type jpg)
<use /Users/dantopa/GitHub//latex-2025//pres/fortran-v-cpp//local//graphics//co
vers/clereman.jpeg>
Package pdftex.def Info: /Users/dantopa/GitHub//latex-2025//pres/fortran-v-cpp/
/local//graphics//covers/clereman.jpeg  used on input line 328.
(pdftex.def)             Requested size: 38.67686pt x 56.9055pt.
</Users/dantopa/GitHub//latex-2025//pres/fortran-v-cpp//local//graphics//covers
/siam.jpg, id=1310, 364.36125pt x 521.95pt>
File: /Users/dantopa/GitHub//latex-2025//pres/fortran-v-cpp//local//graphics//c
overs/siam.jpg Graphic file (type jpg)
<use /Users/dantopa/GitHub//latex-2025//pres/fortran-v-cpp//local//graphics//co
vers/siam.jpg>
Package pdftex.def Info: /Users/dantopa/GitHub//latex-2025//pres/fortran-v-cpp/
/local//graphics//covers/siam.jpg  used on input line 328.
(pdftex.def)             Requested size: 39.72403pt x 56.9055pt.
</Users/dantopa/GitHub//latex-2025//pres/fortran-v-cpp//local//graphics//covers
/numrich.jpg, id=1312, 43.362pt x 64.8021pt>
File: /Users/dantopa/GitHub//latex-2025//pres/fortran-v-cpp//local//graphics//c
overs/numrich.jpg Graphic file (type jpg)
<use /Users/dantopa/GitHub//latex-2025//pres/fortran-v-cpp//local//graphics//co
vers/numrich.jpg>
Package pdftex.def Info: /Users/dantopa/GitHub//latex-2025//pres/fortran-v-cpp/
/local//graphics//covers/numrich.jpg  used on input line 328.
(pdftex.def)             Requested size: 38.0786pt x 56.9055pt.
</Users/dantopa/GitHub//latex-2025//pres/fortran-v-cpp//local//graphics//covers
/ray.jpeg, id=1314, 505.49509pt x 722.30508pt>
File: /Users/dantopa/GitHub//latex-2025//pres/fortran-v-cpp//local//graphics//c
overs/ray.jpeg Graphic file (type jpg)
<use /Users/dantopa/GitHub//latex-2025//pres/fortran-v-cpp//local//graphics//co
vers/ray.jpeg>
Package pdftex.def Info: /Users/dantopa/GitHub//latex-2025//pres/fortran-v-cpp/
/local//graphics//covers/ray.jpeg  used on input line 328.
(pdftex.def)             Requested size: 39.82336pt x 56.9055pt.
File: /Users/dantopa/GitHub//latex-2025//global//graphics/logos/afrl-logo.png G
raphic file (type png)
<use /Users/dantopa/GitHub//latex-2025//global//graphics/logos/afrl-logo.png>
Package pdftex.def Info: /Users/dantopa/GitHub//latex-2025//global//graphics/lo
gos/afrl-logo.png  used on input line 328.
(pdftex.def)             Requested size: 43.77304pt x 14.22636pt.
File: /Users/dantopa/GitHub//latex-2025//global//graphics/logos/af-01.png Graph
ic file (type png)
<use /Users/dantopa/GitHub//latex-2025//global//graphics/logos/af-01.png>
Package pdftex.def Info: /Users/dantopa/GitHub//latex-2025//global//graphics/lo
gos/af-01.png  used on input line 328.
(pdftex.def)             Requested size: 14.84773pt x 13.08846pt.
File: /Users/dantopa/GitHub//latex-2025//global//graphics/logos/sf-best.png Gra
phic file (type png)
<use /Users/dantopa/GitHub//latex-2025//global//graphics/logos/sf-best.png>
Package pdftex.def Info: /Users/dantopa/GitHub//latex-2025//global//graphics/lo
gos/sf-best.png  used on input line 328.
(pdftex.def)             Requested size: 16.20306pt x 16.21828pt.
File: /Users/dantopa/GitHub//latex-2025//global//graphics/logos/hii-01.png Grap
hic file (type png)
<use /Users/dantopa/GitHub//latex-2025//global//graphics/logos/hii-01.png>
Package pdftex.def Info: /Users/dantopa/GitHub//latex-2025//global//graphics/lo
gos/hii-01.png  used on input line 328.
(pdftex.def)             Requested size: 13.59386pt x 14.22636pt.

Overfull \hbox (1.46664pt too wide) has occurred while \output is active
[][][] [][][] 
 []

[31

 </Users/dantopa/GitHub//latex-2025//pres/fortran-v-cpp//local//graphics//cover
s/metcalf.jpeg> </Users/dantopa/GitHub//latex-2025//pres/fortran-v-cpp//local//
graphics//covers/cup.jpeg> </Users/dantopa/GitHub//latex-2025//pres/fortran-v-c
pp//local//graphics//covers/clereman.jpeg> </Users/dantopa/GitHub//latex-2025//
pres/fortran-v-cpp//local//graphics//covers/siam.jpg> </Users/dantopa/GitHub//l
atex-2025//pres/fortran-v-cpp//local//graphics//covers/numrich.jpg> </Users/dan
topa/GitHub//latex-2025//pres/fortran-v-cpp//local//graphics//covers/ray.jpeg>]
</Users/dantopa/GitHub//latex-2025//pres/fortran-v-cpp//local//graphics//youtub
e/yt-rouson.pdf, id=1366, 1082.0425pt x 570.13pt>
File: /Users/dantopa/GitHub//latex-2025//pres/fortran-v-cpp//local//graphics//y
outube/yt-rouson.pdf Graphic file (type pdf)
<use /Users/dantopa/GitHub//latex-2025//pres/fortran-v-cpp//local//graphics//yo
utube/yt-rouson.pdf>
Package pdftex.def Info: /Users/dantopa/GitHub//latex-2025//pres/fortran-v-cpp/
/local//graphics//youtube/yt-rouson.pdf  used on input line 352.
(pdftex.def)             Requested size: 121.48512pt x 64.01869pt.
</Users/dantopa/GitHub//latex-2025//pres/fortran-v-cpp//local//graphics//youtub
e/yt-reid.pdf, id=1368, 1086.0575pt x 679.53876pt>
File: /Users/dantopa/GitHub//latex-2025//pres/fortran-v-cpp//local//graphics//y
outube/yt-reid.pdf Graphic file (type pdf)
<use /Users/dantopa/GitHub//latex-2025//pres/fortran-v-cpp//local//graphics//yo
utube/yt-reid.pdf>
Package pdftex.def Info: /Users/dantopa/GitHub//latex-2025//pres/fortran-v-cpp/
/local//graphics//youtube/yt-reid.pdf  used on input line 352.
(pdftex.def)             Requested size: 102.31479pt x 64.01869pt.
</Users/dantopa/GitHub//latex-2025//pres/fortran-v-cpp//local//graphics//youtub
e/yt-sharcnet.pdf, id=1372, 1205.50375pt x 680.5425pt>
File: /Users/dantopa/GitHub//latex-2025//pres/fortran-v-cpp//local//graphics//y
outube/yt-sharcnet.pdf Graphic file (type pdf)
<use /Users/dantopa/GitHub//latex-2025//pres/fortran-v-cpp//local//graphics//yo
utube/yt-sharcnet.pdf>
Package pdftex.def Info: /Users/dantopa/GitHub//latex-2025//pres/fortran-v-cpp/
/local//graphics//youtube/yt-sharcnet.pdf  used on input line 352.
(pdftex.def)             Requested size: 113.40198pt x 64.01869pt.
</Users/dantopa/GitHub//latex-2025//pres/fortran-v-cpp//local//graphics//youtub
e/yt-hpcdc.pdf, id=1374, 1205.50375pt x 677.53125pt>
File: /Users/dantopa/GitHub//latex-2025//pres/fortran-v-cpp//local//graphics//y
outube/yt-hpcdc.pdf Graphic file (type pdf)
<use /Users/dantopa/GitHub//latex-2025//pres/fortran-v-cpp//local//graphics//yo
utube/yt-hpcdc.pdf>
Package pdftex.def Info: /Users/dantopa/GitHub//latex-2025//pres/fortran-v-cpp/
/local//graphics//youtube/yt-hpcdc.pdf  used on input line 352.
(pdftex.def)             Requested size: 113.89864pt x 64.01869pt.
File: /Users/dantopa/GitHub//latex-2025//global//graphics/logos/afrl-logo.png G
raphic file (type png)
<use /Users/dantopa/GitHub//latex-2025//global//graphics/logos/afrl-logo.png>
Package pdftex.def Info: /Users/dantopa/GitHub//latex-2025//global//graphics/lo
gos/afrl-logo.png  used on input line 352.
(pdftex.def)             Requested size: 43.77304pt x 14.22636pt.
File: /Users/dantopa/GitHub//latex-2025//global//graphics/logos/af-01.png Graph
ic file (type png)
<use /Users/dantopa/GitHub//latex-2025//global//graphics/logos/af-01.png>
Package pdftex.def Info: /Users/dantopa/GitHub//latex-2025//global//graphics/lo
gos/af-01.png  used on input line 352.
(pdftex.def)             Requested size: 14.84773pt x 13.08846pt.
File: /Users/dantopa/GitHub//latex-2025//global//graphics/logos/sf-best.png Gra
phic file (type png)
<use /Users/dantopa/GitHub//latex-2025//global//graphics/logos/sf-best.png>
Package pdftex.def Info: /Users/dantopa/GitHub//latex-2025//global//graphics/lo
gos/sf-best.png  used on input line 352.
(pdftex.def)             Requested size: 16.20306pt x 16.21828pt.
File: /Users/dantopa/GitHub//latex-2025//global//graphics/logos/hii-01.png Grap
hic file (type png)
<use /Users/dantopa/GitHub//latex-2025//global//graphics/logos/hii-01.png>
Package pdftex.def Info: /Users/dantopa/GitHub//latex-2025//global//graphics/lo
gos/hii-01.png  used on input line 352.
(pdftex.def)             Requested size: 13.59386pt x 14.22636pt.

Overfull \hbox (1.46664pt too wide) has occurred while \output is active
[][][] [][][] 
 []

[32

 </Users/dantopa/GitHub//latex-2025//pres/fortran-v-cpp//local//graphics//youtu
be/yt-rouson.pdf> </Users/dantopa/GitHub//latex-2025//pres/fortran-v-cpp//local
//graphics//youtube/yt-reid.pdf> </Users/dantopa/GitHub//latex-2025//pres/fortr
an-v-cpp//local//graphics//youtube/yt-sharcnet.pdf> </Users/dantopa/GitHub//lat
ex-2025//pres/fortran-v-cpp//local//graphics//youtube/yt-hpcdc.pdf>]
</Users/dantopa/GitHub//latex-2025//pres/fortran-v-cpp//local//graphics//youtub
e/yt-exascale.png, id=1437, 1053.9375pt x 481.8pt>
File: /Users/dantopa/GitHub//latex-2025//pres/fortran-v-cpp//local//graphics//y
outube/yt-exascale.png Graphic file (type png)
<use /Users/dantopa/GitHub//latex-2025//pres/fortran-v-cpp//local//graphics//yo
utube/yt-exascale.png>
Package pdftex.def Info: /Users/dantopa/GitHub//latex-2025//pres/fortran-v-cpp/
/local//graphics//youtube/yt-exascale.png  used on input line 376.
(pdftex.def)             Requested size: 133.8164pt x 61.17325pt.
</Users/dantopa/GitHub//latex-2025//pres/fortran-v-cpp//local//graphics//youtub
e/yt-bindings.png, id=1439, 1059.96pt x 439.6425pt>
File: /Users/dantopa/GitHub//latex-2025//pres/fortran-v-cpp//local//graphics//y
outube/yt-bindings.png Graphic file (type png)
<use /Users/dantopa/GitHub//latex-2025//pres/fortran-v-cpp//local//graphics//yo
utube/yt-bindings.png>
Package pdftex.def Info: /Users/dantopa/GitHub//latex-2025//pres/fortran-v-cpp/
/local//graphics//youtube/yt-bindings.png  used on input line 376.
(pdftex.def)             Requested size: 147.47148pt x 61.17325pt.


LaTeX Warning: Citation 'rouson_fanfarillo_2017' on page 33 undefined on input 
line 376.

LaTeX Font Info:    Font shape `T1/lmss/b/n' in size <8> not available
(Font)              Font shape `T1/lmss/bx/n' tried instead on input line 376.

LaTeX Warning: Citation 'mC67NVuz6WI' on page 33 undefined on input line 376.

</Users/dantopa/GitHub//latex-2025//pres/fortran-v-cpp//local//graphics//youtub
e/yt-parallel-app.png, id=1441, 1889.0575pt x 1063.975pt>
File: /Users/dantopa/GitHub//latex-2025//pres/fortran-v-cpp//local//graphics//y
outube/yt-parallel-app.png Graphic file (type png)
<use /Users/dantopa/GitHub//latex-2025//pres/fortran-v-cpp//local//graphics//yo
utube/yt-parallel-app.png>
Package pdftex.def Info: /Users/dantopa/GitHub//latex-2025//pres/fortran-v-cpp/
/local//graphics//youtube/yt-parallel-app.png  used on input line 376.
(pdftex.def)             Requested size: 108.61131pt x 61.17325pt.
</Users/dantopa/GitHub//latex-2025//pres/fortran-v-cpp//local//graphics//youtub
e/yt-live-fortran.png, id=1443, 1887.05pt x 1065.9825pt>
File: /Users/dantopa/GitHub//latex-2025//pres/fortran-v-cpp//local//graphics//y
outube/yt-live-fortran.png Graphic file (type png)
<use /Users/dantopa/GitHub//latex-2025//pres/fortran-v-cpp//local//graphics//yo
utube/yt-live-fortran.png>
Package pdftex.def Info: /Users/dantopa/GitHub//latex-2025//pres/fortran-v-cpp/
/local//graphics//youtube/yt-live-fortran.png  used on input line 376.
(pdftex.def)             Requested size: 108.26553pt x 61.17325pt.

LaTeX Warning: Citation 'youtube-01-ez4v4YPc' on page 33 undefined on input lin
e 376.


LaTeX Warning: Citation 'youtube-1s8TT3jE8Tg' on page 33 undefined on input lin
e 376.

File: /Users/dantopa/GitHub//latex-2025//global//graphics/logos/afrl-logo.png G
raphic file (type png)
<use /Users/dantopa/GitHub//latex-2025//global//graphics/logos/afrl-logo.png>
Package pdftex.def Info: /Users/dantopa/GitHub//latex-2025//global//graphics/lo
gos/afrl-logo.png  used on input line 376.
(pdftex.def)             Requested size: 43.77304pt x 14.22636pt.
File: /Users/dantopa/GitHub//latex-2025//global//graphics/logos/af-01.png Graph
ic file (type png)
<use /Users/dantopa/GitHub//latex-2025//global//graphics/logos/af-01.png>
Package pdftex.def Info: /Users/dantopa/GitHub//latex-2025//global//graphics/lo
gos/af-01.png  used on input line 376.
(pdftex.def)             Requested size: 14.84773pt x 13.08846pt.
File: /Users/dantopa/GitHub//latex-2025//global//graphics/logos/sf-best.png Gra
phic file (type png)
<use /Users/dantopa/GitHub//latex-2025//global//graphics/logos/sf-best.png>
Package pdftex.def Info: /Users/dantopa/GitHub//latex-2025//global//graphics/lo
gos/sf-best.png  used on input line 376.
(pdftex.def)             Requested size: 16.20306pt x 16.21828pt.
File: /Users/dantopa/GitHub//latex-2025//global//graphics/logos/hii-01.png Grap
hic file (type png)
<use /Users/dantopa/GitHub//latex-2025//global//graphics/logos/hii-01.png>
Package pdftex.def Info: /Users/dantopa/GitHub//latex-2025//global//graphics/lo
gos/hii-01.png  used on input line 376.
(pdftex.def)             Requested size: 13.59386pt x 14.22636pt.

Overfull \hbox (1.46664pt too wide) has occurred while \output is active
[][][] [][][] 
 []

[33

 </Users/dantopa/GitHub//latex-2025//pres/fortran-v-cpp//local//graphics//youtu
be/yt-exascale.png> </Users/dantopa/GitHub//latex-2025//pres/fortran-v-cpp//loc
al//graphics//youtube/yt-bindings.png> </Users/dantopa/GitHub//latex-2025//pres
/fortran-v-cpp//local//graphics//youtube/yt-parallel-app.png> </Users/dantopa/G
itHub//latex-2025//pres/fortran-v-cpp//local//graphics//youtube/yt-live-fortran
.png>])
(/Users/dantopa/GitHub//latex-2025//pres/fortran-v-cpp//sections/sec-compiler-X
.tex
 !! CONTENT SETUP !! /Users/dantopa/GitHub//latex-2025//pres/fortran-v-cpp//sec
tions/"sec-compiler-X.tex"
</Users/dantopa/GitHub//latex-2025//pres/fortran-v-cpp//local//graphics//man-do
g-cave.jpg, id=1489, 321.2pt x 397.485pt>
File: /Users/dantopa/GitHub//latex-2025//pres/fortran-v-cpp//local//graphics//m
an-dog-cave.jpg Graphic file (type jpg)
<use /Users/dantopa/GitHub//latex-2025//pres/fortran-v-cpp//local//graphics//ma
n-dog-cave.jpg>
Package pdftex.def Info: /Users/dantopa/GitHub//latex-2025//pres/fortran-v-cpp/
/local//graphics//man-dog-cave.jpg  used on input line 36.
(pdftex.def)             Requested size: 137.78983pt x 170.5102pt.
File: /Users/dantopa/GitHub//latex-2025//global//graphics/logos/afrl-logo.png G
raphic file (type png)
<use /Users/dantopa/GitHub//latex-2025//global//graphics/logos/afrl-logo.png>
Package pdftex.def Info: /Users/dantopa/GitHub//latex-2025//global//graphics/lo
gos/afrl-logo.png  used on input line 36.
(pdftex.def)             Requested size: 43.77304pt x 14.22636pt.
File: /Users/dantopa/GitHub//latex-2025//global//graphics/logos/af-01.png Graph
ic file (type png)
<use /Users/dantopa/GitHub//latex-2025//global//graphics/logos/af-01.png>
Package pdftex.def Info: /Users/dantopa/GitHub//latex-2025//global//graphics/lo
gos/af-01.png  used on input line 36.
(pdftex.def)             Requested size: 14.84773pt x 13.08846pt.
File: /Users/dantopa/GitHub//latex-2025//global//graphics/logos/sf-best.png Gra
phic file (type png)
<use /Users/dantopa/GitHub//latex-2025//global//graphics/logos/sf-best.png>
Package pdftex.def Info: /Users/dantopa/GitHub//latex-2025//global//graphics/lo
gos/sf-best.png  used on input line 36.
(pdftex.def)             Requested size: 16.20306pt x 16.21828pt.
File: /Users/dantopa/GitHub//latex-2025//global//graphics/logos/hii-01.png Grap
hic file (type png)
<use /Users/dantopa/GitHub//latex-2025//global//graphics/logos/hii-01.png>
Package pdftex.def Info: /Users/dantopa/GitHub//latex-2025//global//graphics/lo
gos/hii-01.png  used on input line 36.
(pdftex.def)             Requested size: 13.59386pt x 14.22636pt.

Overfull \hbox (1.46664pt too wide) has occurred while \output is active
[][][] [][][] 
 []

[34

 </Users/dantopa/GitHub//latex-2025//pres/fortran-v-cpp//local//graphics//man-d
og-cave.jpg>]
</Users/dantopa/GitHub//latex-2025//pres/fortran-v-cpp//local//graphics//man-do
g-compiler.png, id=1524, 1027.84pt x 1027.84pt>
File: /Users/dantopa/GitHub//latex-2025//pres/fortran-v-cpp//local//graphics//m
an-dog-compiler.png Graphic file (type png)
<use /Users/dantopa/GitHub//latex-2025//pres/fortran-v-cpp//local//graphics//ma
n-dog-compiler.png>
Package pdftex.def Info: /Users/dantopa/GitHub//latex-2025//pres/fortran-v-cpp/
/local//graphics//man-dog-compiler.png  used on input line 44.
(pdftex.def)             Requested size: 170.51161pt x 170.5102pt.
File: /Users/dantopa/GitHub//latex-2025//global//graphics/logos/afrl-logo.png G
raphic file (type png)
<use /Users/dantopa/GitHub//latex-2025//global//graphics/logos/afrl-logo.png>
Package pdftex.def Info: /Users/dantopa/GitHub//latex-2025//global//graphics/lo
gos/afrl-logo.png  used on input line 44.
(pdftex.def)             Requested size: 43.77304pt x 14.22636pt.
File: /Users/dantopa/GitHub//latex-2025//global//graphics/logos/af-01.png Graph
ic file (type png)
<use /Users/dantopa/GitHub//latex-2025//global//graphics/logos/af-01.png>
Package pdftex.def Info: /Users/dantopa/GitHub//latex-2025//global//graphics/lo
gos/af-01.png  used on input line 44.
(pdftex.def)             Requested size: 14.84773pt x 13.08846pt.
File: /Users/dantopa/GitHub//latex-2025//global//graphics/logos/sf-best.png Gra
phic file (type png)
<use /Users/dantopa/GitHub//latex-2025//global//graphics/logos/sf-best.png>
Package pdftex.def Info: /Users/dantopa/GitHub//latex-2025//global//graphics/lo
gos/sf-best.png  used on input line 44.
(pdftex.def)             Requested size: 16.20306pt x 16.21828pt.
File: /Users/dantopa/GitHub//latex-2025//global//graphics/logos/hii-01.png Grap
hic file (type png)
<use /Users/dantopa/GitHub//latex-2025//global//graphics/logos/hii-01.png>
Package pdftex.def Info: /Users/dantopa/GitHub//latex-2025//global//graphics/lo
gos/hii-01.png  used on input line 44.
(pdftex.def)             Requested size: 13.59386pt x 14.22636pt.

Overfull \hbox (1.46664pt too wide) has occurred while \output is active
[][][] [][][] 
 []

[35

 </Users/dantopa/GitHub//latex-2025//pres/fortran-v-cpp//local//graphics//man-d
og-compiler.png>]
\openout4 = `main-fortran-v-cpp.vrb'.

 (./main-fortran-v-cpp.vrb)
File: /Users/dantopa/GitHub//latex-2025//global//graphics/logos/afrl-logo.png G
raphic file (type png)
<use /Users/dantopa/GitHub//latex-2025//global//graphics/logos/afrl-logo.png>
Package pdftex.def Info: /Users/dantopa/GitHub//latex-2025//global//graphics/lo
gos/afrl-logo.png  used on input line 70.
(pdftex.def)             Requested size: 43.77304pt x 14.22636pt.
File: /Users/dantopa/GitHub//latex-2025//global//graphics/logos/af-01.png Graph
ic file (type png)
<use /Users/dantopa/GitHub//latex-2025//global//graphics/logos/af-01.png>
Package pdftex.def Info: /Users/dantopa/GitHub//latex-2025//global//graphics/lo
gos/af-01.png  used on input line 70.
(pdftex.def)             Requested size: 14.84773pt x 13.08846pt.
File: /Users/dantopa/GitHub//latex-2025//global//graphics/logos/sf-best.png Gra
phic file (type png)
<use /Users/dantopa/GitHub//latex-2025//global//graphics/logos/sf-best.png>
Package pdftex.def Info: /Users/dantopa/GitHub//latex-2025//global//graphics/lo
gos/sf-best.png  used on input line 70.
(pdftex.def)             Requested size: 16.20306pt x 16.21828pt.
File: /Users/dantopa/GitHub//latex-2025//global//graphics/logos/hii-01.png Grap
hic file (type png)
<use /Users/dantopa/GitHub//latex-2025//global//graphics/logos/hii-01.png>
Package pdftex.def Info: /Users/dantopa/GitHub//latex-2025//global//graphics/lo
gos/hii-01.png  used on input line 70.
(pdftex.def)             Requested size: 13.59386pt x 14.22636pt.

Overfull \hbox (1.46664pt too wide) has occurred while \output is active
[][][] [][][] 
 []

[36

]
File: /Users/dantopa/GitHub//latex-2025//global//graphics/logos/afrl-logo.png G
raphic file (type png)
<use /Users/dantopa/GitHub//latex-2025//global//graphics/logos/afrl-logo.png>
Package pdftex.def Info: /Users/dantopa/GitHub//latex-2025//global//graphics/lo
gos/afrl-logo.png  used on input line 70.
(pdftex.def)             Requested size: 43.77304pt x 14.22636pt.
File: /Users/dantopa/GitHub//latex-2025//global//graphics/logos/af-01.png Graph
ic file (type png)
<use /Users/dantopa/GitHub//latex-2025//global//graphics/logos/af-01.png>
Package pdftex.def Info: /Users/dantopa/GitHub//latex-2025//global//graphics/lo
gos/af-01.png  used on input line 70.
(pdftex.def)             Requested size: 14.84773pt x 13.08846pt.
File: /Users/dantopa/GitHub//latex-2025//global//graphics/logos/sf-best.png Gra
phic file (type png)
<use /Users/dantopa/GitHub//latex-2025//global//graphics/logos/sf-best.png>
Package pdftex.def Info: /Users/dantopa/GitHub//latex-2025//global//graphics/lo
gos/sf-best.png  used on input line 70.
(pdftex.def)             Requested size: 16.20306pt x 16.21828pt.
File: /Users/dantopa/GitHub//latex-2025//global//graphics/logos/hii-01.png Grap
hic file (type png)
<use /Users/dantopa/GitHub//latex-2025//global//graphics/logos/hii-01.png>
Package pdftex.def Info: /Users/dantopa/GitHub//latex-2025//global//graphics/lo
gos/hii-01.png  used on input line 70.
(pdftex.def)             Requested size: 13.59386pt x 14.22636pt.

Overfull \hbox (1.46664pt too wide) has occurred while \output is active
[][][] [][][] 
 []

[37


]
File: /Users/dantopa/GitHub//latex-2025//global//graphics/logos/afrl-logo.png G
raphic file (type png)
<use /Users/dantopa/GitHub//latex-2025//global//graphics/logos/afrl-logo.png>
Package pdftex.def Info: /Users/dantopa/GitHub//latex-2025//global//graphics/lo
gos/afrl-logo.png  used on input line 90.
(pdftex.def)             Requested size: 43.77304pt x 14.22636pt.
File: /Users/dantopa/GitHub//latex-2025//global//graphics/logos/af-01.png Graph
ic file (type png)
<use /Users/dantopa/GitHub//latex-2025//global//graphics/logos/af-01.png>
Package pdftex.def Info: /Users/dantopa/GitHub//latex-2025//global//graphics/lo
gos/af-01.png  used on input line 90.
(pdftex.def)             Requested size: 14.84773pt x 13.08846pt.
File: /Users/dantopa/GitHub//latex-2025//global//graphics/logos/sf-best.png Gra
phic file (type png)
<use /Users/dantopa/GitHub//latex-2025//global//graphics/logos/sf-best.png>
Package pdftex.def Info: /Users/dantopa/GitHub//latex-2025//global//graphics/lo
gos/sf-best.png  used on input line 90.
(pdftex.def)             Requested size: 16.20306pt x 16.21828pt.
File: /Users/dantopa/GitHub//latex-2025//global//graphics/logos/hii-01.png Grap
hic file (type png)
<use /Users/dantopa/GitHub//latex-2025//global//graphics/logos/hii-01.png>
Package pdftex.def Info: /Users/dantopa/GitHub//latex-2025//global//graphics/lo
gos/hii-01.png  used on input line 90.
(pdftex.def)             Requested size: 13.59386pt x 14.22636pt.

Overfull \hbox (1.46664pt too wide) has occurred while \output is active
[][][] [][][] 
 []

[38

]
File: /Users/dantopa/GitHub//latex-2025//global//graphics/logos/afrl-logo.png G
raphic file (type png)
<use /Users/dantopa/GitHub//latex-2025//global//graphics/logos/afrl-logo.png>
Package pdftex.def Info: /Users/dantopa/GitHub//latex-2025//global//graphics/lo
gos/afrl-logo.png  used on input line 107.
(pdftex.def)             Requested size: 43.77304pt x 14.22636pt.
File: /Users/dantopa/GitHub//latex-2025//global//graphics/logos/af-01.png Graph
ic file (type png)
<use /Users/dantopa/GitHub//latex-2025//global//graphics/logos/af-01.png>
Package pdftex.def Info: /Users/dantopa/GitHub//latex-2025//global//graphics/lo
gos/af-01.png  used on input line 107.
(pdftex.def)             Requested size: 14.84773pt x 13.08846pt.
File: /Users/dantopa/GitHub//latex-2025//global//graphics/logos/sf-best.png Gra
phic file (type png)
<use /Users/dantopa/GitHub//latex-2025//global//graphics/logos/sf-best.png>
Package pdftex.def Info: /Users/dantopa/GitHub//latex-2025//global//graphics/lo
gos/sf-best.png  used on input line 107.
(pdftex.def)             Requested size: 16.20306pt x 16.21828pt.
File: /Users/dantopa/GitHub//latex-2025//global//graphics/logos/hii-01.png Grap
hic file (type png)
<use /Users/dantopa/GitHub//latex-2025//global//graphics/logos/hii-01.png>
Package pdftex.def Info: /Users/dantopa/GitHub//latex-2025//global//graphics/lo
gos/hii-01.png  used on input line 107.
(pdftex.def)             Requested size: 13.59386pt x 14.22636pt.

Overfull \hbox (1.46664pt too wide) has occurred while \output is active
[][][] [][][] 
 []

[39

]
\openout4 = `main-fortran-v-cpp.vrb'.

 (./main-fortran-v-cpp.vrb)
File: /Users/dantopa/GitHub//latex-2025//global//graphics/logos/afrl-logo.png G
raphic file (type png)
<use /Users/dantopa/GitHub//latex-2025//global//graphics/logos/afrl-logo.png>
Package pdftex.def Info: /Users/dantopa/GitHub//latex-2025//global//graphics/lo
gos/afrl-logo.png  used on input line 135.
(pdftex.def)             Requested size: 43.77304pt x 14.22636pt.
File: /Users/dantopa/GitHub//latex-2025//global//graphics/logos/af-01.png Graph
ic file (type png)
<use /Users/dantopa/GitHub//latex-2025//global//graphics/logos/af-01.png>
Package pdftex.def Info: /Users/dantopa/GitHub//latex-2025//global//graphics/lo
gos/af-01.png  used on input line 135.
(pdftex.def)             Requested size: 14.84773pt x 13.08846pt.
File: /Users/dantopa/GitHub//latex-2025//global//graphics/logos/sf-best.png Gra
phic file (type png)
<use /Users/dantopa/GitHub//latex-2025//global//graphics/logos/sf-best.png>
Package pdftex.def Info: /Users/dantopa/GitHub//latex-2025//global//graphics/lo
gos/sf-best.png  used on input line 135.
(pdftex.def)             Requested size: 16.20306pt x 16.21828pt.
File: /Users/dantopa/GitHub//latex-2025//global//graphics/logos/hii-01.png Grap
hic file (type png)
<use /Users/dantopa/GitHub//latex-2025//global//graphics/logos/hii-01.png>
Package pdftex.def Info: /Users/dantopa/GitHub//latex-2025//global//graphics/lo
gos/hii-01.png  used on input line 135.
(pdftex.def)             Requested size: 13.59386pt x 14.22636pt.

Overfull \hbox (1.46664pt too wide) has occurred while \output is active
[][][] [][][] 
 []

[40

]
File: /Users/dantopa/GitHub//latex-2025//global//graphics/logos/afrl-logo.png G
raphic file (type png)
<use /Users/dantopa/GitHub//latex-2025//global//graphics/logos/afrl-logo.png>
Package pdftex.def Info: /Users/dantopa/GitHub//latex-2025//global//graphics/lo
gos/afrl-logo.png  used on input line 135.
(pdftex.def)             Requested size: 43.77304pt x 14.22636pt.
File: /Users/dantopa/GitHub//latex-2025//global//graphics/logos/af-01.png Graph
ic file (type png)
<use /Users/dantopa/GitHub//latex-2025//global//graphics/logos/af-01.png>
Package pdftex.def Info: /Users/dantopa/GitHub//latex-2025//global//graphics/lo
gos/af-01.png  used on input line 135.
(pdftex.def)             Requested size: 14.84773pt x 13.08846pt.
File: /Users/dantopa/GitHub//latex-2025//global//graphics/logos/sf-best.png Gra
phic file (type png)
<use /Users/dantopa/GitHub//latex-2025//global//graphics/logos/sf-best.png>
Package pdftex.def Info: /Users/dantopa/GitHub//latex-2025//global//graphics/lo
gos/sf-best.png  used on input line 135.
(pdftex.def)             Requested size: 16.20306pt x 16.21828pt.
File: /Users/dantopa/GitHub//latex-2025//global//graphics/logos/hii-01.png Grap
hic file (type png)
<use /Users/dantopa/GitHub//latex-2025//global//graphics/logos/hii-01.png>
Package pdftex.def Info: /Users/dantopa/GitHub//latex-2025//global//graphics/lo
gos/hii-01.png  used on input line 135.
(pdftex.def)             Requested size: 13.59386pt x 14.22636pt.

Overfull \hbox (1.46664pt too wide) has occurred while \output is active
[][][] [][][] 
 []

[41


]
(/Users/dantopa/GitHub//latex-2025//pres/fortran-v-cpp//local//components//tab-
evolve.tex
"/Users/dantopa/GitHub//latex-2025//pres/fortran-v-cpp//local//components//tab-
evolve.tex"

Overfull \hbox (13.23767pt too wide) in paragraph at lines 35--35
 [] 
 []

File: /Users/dantopa/GitHub//latex-2025//global//graphics/logos/afrl-logo.png G
raphic file (type png)
<use /Users/dantopa/GitHub//latex-2025//global//graphics/logos/afrl-logo.png>
Package pdftex.def Info: /Users/dantopa/GitHub//latex-2025//global//graphics/lo
gos/afrl-logo.png  used on input line 35.
(pdftex.def)             Requested size: 43.77304pt x 14.22636pt.
File: /Users/dantopa/GitHub//latex-2025//global//graphics/logos/af-01.png Graph
ic file (type png)
<use /Users/dantopa/GitHub//latex-2025//global//graphics/logos/af-01.png>
Package pdftex.def Info: /Users/dantopa/GitHub//latex-2025//global//graphics/lo
gos/af-01.png  used on input line 35.
(pdftex.def)             Requested size: 14.84773pt x 13.08846pt.
File: /Users/dantopa/GitHub//latex-2025//global//graphics/logos/sf-best.png Gra
phic file (type png)
<use /Users/dantopa/GitHub//latex-2025//global//graphics/logos/sf-best.png>
Package pdftex.def Info: /Users/dantopa/GitHub//latex-2025//global//graphics/lo
gos/sf-best.png  used on input line 35.
(pdftex.def)             Requested size: 16.20306pt x 16.21828pt.
File: /Users/dantopa/GitHub//latex-2025//global//graphics/logos/hii-01.png Grap
hic file (type png)
<use /Users/dantopa/GitHub//latex-2025//global//graphics/logos/hii-01.png>
Package pdftex.def Info: /Users/dantopa/GitHub//latex-2025//global//graphics/lo
gos/hii-01.png  used on input line 35.
(pdftex.def)             Requested size: 13.59386pt x 14.22636pt.

Overfull \hbox (1.46664pt too wide) has occurred while \output is active
[][][] [][][] 
 []

[42

])
File: /Users/dantopa/GitHub//latex-2025//global//graphics/logos/afrl-logo.png G
raphic file (type png)
<use /Users/dantopa/GitHub//latex-2025//global//graphics/logos/afrl-logo.png>
Package pdftex.def Info: /Users/dantopa/GitHub//latex-2025//global//graphics/lo
gos/afrl-logo.png  used on input line 149.
(pdftex.def)             Requested size: 43.77304pt x 14.22636pt.
File: /Users/dantopa/GitHub//latex-2025//global//graphics/logos/af-01.png Graph
ic file (type png)
<use /Users/dantopa/GitHub//latex-2025//global//graphics/logos/af-01.png>
Package pdftex.def Info: /Users/dantopa/GitHub//latex-2025//global//graphics/lo
gos/af-01.png  used on input line 149.
(pdftex.def)             Requested size: 14.84773pt x 13.08846pt.
File: /Users/dantopa/GitHub//latex-2025//global//graphics/logos/sf-best.png Gra
phic file (type png)
<use /Users/dantopa/GitHub//latex-2025//global//graphics/logos/sf-best.png>
Package pdftex.def Info: /Users/dantopa/GitHub//latex-2025//global//graphics/lo
gos/sf-best.png  used on input line 149.
(pdftex.def)             Requested size: 16.20306pt x 16.21828pt.
File: /Users/dantopa/GitHub//latex-2025//global//graphics/logos/hii-01.png Grap
hic file (type png)
<use /Users/dantopa/GitHub//latex-2025//global//graphics/logos/hii-01.png>
Package pdftex.def Info: /Users/dantopa/GitHub//latex-2025//global//graphics/lo
gos/hii-01.png  used on input line 149.
(pdftex.def)             Requested size: 13.59386pt x 14.22636pt.

Overfull \hbox (1.46664pt too wide) has occurred while \output is active
[][][] [][][] 
 []

[43

]
(/Users/dantopa/GitHub//latex-2025//pres/fortran-v-cpp//local//components//tab-
vector-operations.tex
LaTeX Font Info:    Font shape `T1/lmtt/bx/n' in size <8> not available
(Font)              Font shape `T1/lmtt/b/n' tried instead on input line 30.
LaTeX Font Info:    Font shape `T1/lmss/bx/it' in size <8> not available
(Font)              Font shape `T1/lmss/bx/sl' tried instead on input line 30.

Overfull \hbox (4.78099pt too wide) in paragraph at lines 30--30
 [] 
 []

File: /Users/dantopa/GitHub//latex-2025//global//graphics/logos/afrl-logo.png G
raphic file (type png)
<use /Users/dantopa/GitHub//latex-2025//global//graphics/logos/afrl-logo.png>
Package pdftex.def Info: /Users/dantopa/GitHub//latex-2025//global//graphics/lo
gos/afrl-logo.png  used on input line 30.
(pdftex.def)             Requested size: 43.77304pt x 14.22636pt.
File: /Users/dantopa/GitHub//latex-2025//global//graphics/logos/af-01.png Graph
ic file (type png)
<use /Users/dantopa/GitHub//latex-2025//global//graphics/logos/af-01.png>
Package pdftex.def Info: /Users/dantopa/GitHub//latex-2025//global//graphics/lo
gos/af-01.png  used on input line 30.
(pdftex.def)             Requested size: 14.84773pt x 13.08846pt.
File: /Users/dantopa/GitHub//latex-2025//global//graphics/logos/sf-best.png Gra
phic file (type png)
<use /Users/dantopa/GitHub//latex-2025//global//graphics/logos/sf-best.png>
Package pdftex.def Info: /Users/dantopa/GitHub//latex-2025//global//graphics/lo
gos/sf-best.png  used on input line 30.
(pdftex.def)             Requested size: 16.20306pt x 16.21828pt.
File: /Users/dantopa/GitHub//latex-2025//global//graphics/logos/hii-01.png Grap
hic file (type png)
<use /Users/dantopa/GitHub//latex-2025//global//graphics/logos/hii-01.png>
Package pdftex.def Info: /Users/dantopa/GitHub//latex-2025//global//graphics/lo
gos/hii-01.png  used on input line 30.
(pdftex.def)             Requested size: 13.59386pt x 14.22636pt.

Overfull \hbox (1.46664pt too wide) has occurred while \output is active
[][][] [][][] 
 []

[44

])
LaTeX Font Info:    Font shape `T1/lmtt/bx/n' in size <10> not available
(Font)              Font shape `T1/lmtt/b/n' tried instead on input line 162.
File: /Users/dantopa/GitHub//latex-2025//global//graphics/logos/afrl-logo.png G
raphic file (type png)
<use /Users/dantopa/GitHub//latex-2025//global//graphics/logos/afrl-logo.png>
Package pdftex.def Info: /Users/dantopa/GitHub//latex-2025//global//graphics/lo
gos/afrl-logo.png  used on input line 162.
(pdftex.def)             Requested size: 43.77304pt x 14.22636pt.
File: /Users/dantopa/GitHub//latex-2025//global//graphics/logos/af-01.png Graph
ic file (type png)
<use /Users/dantopa/GitHub//latex-2025//global//graphics/logos/af-01.png>
Package pdftex.def Info: /Users/dantopa/GitHub//latex-2025//global//graphics/lo
gos/af-01.png  used on input line 162.
(pdftex.def)             Requested size: 14.84773pt x 13.08846pt.
File: /Users/dantopa/GitHub//latex-2025//global//graphics/logos/sf-best.png Gra
phic file (type png)
<use /Users/dantopa/GitHub//latex-2025//global//graphics/logos/sf-best.png>
Package pdftex.def Info: /Users/dantopa/GitHub//latex-2025//global//graphics/lo
gos/sf-best.png  used on input line 162.
(pdftex.def)             Requested size: 16.20306pt x 16.21828pt.
File: /Users/dantopa/GitHub//latex-2025//global//graphics/logos/hii-01.png Grap
hic file (type png)
<use /Users/dantopa/GitHub//latex-2025//global//graphics/logos/hii-01.png>
Package pdftex.def Info: /Users/dantopa/GitHub//latex-2025//global//graphics/lo
gos/hii-01.png  used on input line 162.
(pdftex.def)             Requested size: 13.59386pt x 14.22636pt.

Overfull \hbox (1.46664pt too wide) has occurred while \output is active
[][][] [][][] 
 []

[45

]
(/Users/dantopa/GitHub//latex-2025//pres/fortran-v-cpp//local//components//tab-
matrix-operations.tex
LaTeX Font Info:    Font shape `T1/lmtt/bx/n' in size <6> not available
(Font)              Font shape `T1/lmtt/b/n' tried instead on input line 33.
LaTeX Font Info:    Font shape `T1/lmss/bx/it' in size <6> not available
(Font)              Font shape `T1/lmss/bx/sl' tried instead on input line 33.
File: /Users/dantopa/GitHub//latex-2025//global//graphics/logos/afrl-logo.png G
raphic file (type png)
<use /Users/dantopa/GitHub//latex-2025//global//graphics/logos/afrl-logo.png>
Package pdftex.def Info: /Users/dantopa/GitHub//latex-2025//global//graphics/lo
gos/afrl-logo.png  used on input line 33.
(pdftex.def)             Requested size: 43.77304pt x 14.22636pt.
File: /Users/dantopa/GitHub//latex-2025//global//graphics/logos/af-01.png Graph
ic file (type png)
<use /Users/dantopa/GitHub//latex-2025//global//graphics/logos/af-01.png>
Package pdftex.def Info: /Users/dantopa/GitHub//latex-2025//global//graphics/lo
gos/af-01.png  used on input line 33.
(pdftex.def)             Requested size: 14.84773pt x 13.08846pt.
File: /Users/dantopa/GitHub//latex-2025//global//graphics/logos/sf-best.png Gra
phic file (type png)
<use /Users/dantopa/GitHub//latex-2025//global//graphics/logos/sf-best.png>
Package pdftex.def Info: /Users/dantopa/GitHub//latex-2025//global//graphics/lo
gos/sf-best.png  used on input line 33.
(pdftex.def)             Requested size: 16.20306pt x 16.21828pt.
File: /Users/dantopa/GitHub//latex-2025//global//graphics/logos/hii-01.png Grap
hic file (type png)
<use /Users/dantopa/GitHub//latex-2025//global//graphics/logos/hii-01.png>
Package pdftex.def Info: /Users/dantopa/GitHub//latex-2025//global//graphics/lo
gos/hii-01.png  used on input line 33.
(pdftex.def)             Requested size: 13.59386pt x 14.22636pt.

Overfull \hbox (1.46664pt too wide) has occurred while \output is active
[][][] [][][] 
 []

[46

])
File: /Users/dantopa/GitHub//latex-2025//global//graphics/logos/afrl-logo.png G
raphic file (type png)
<use /Users/dantopa/GitHub//latex-2025//global//graphics/logos/afrl-logo.png>
Package pdftex.def Info: /Users/dantopa/GitHub//latex-2025//global//graphics/lo
gos/afrl-logo.png  used on input line 172.
(pdftex.def)             Requested size: 43.77304pt x 14.22636pt.
File: /Users/dantopa/GitHub//latex-2025//global//graphics/logos/af-01.png Graph
ic file (type png)
<use /Users/dantopa/GitHub//latex-2025//global//graphics/logos/af-01.png>
Package pdftex.def Info: /Users/dantopa/GitHub//latex-2025//global//graphics/lo
gos/af-01.png  used on input line 172.
(pdftex.def)             Requested size: 14.84773pt x 13.08846pt.
File: /Users/dantopa/GitHub//latex-2025//global//graphics/logos/sf-best.png Gra
phic file (type png)
<use /Users/dantopa/GitHub//latex-2025//global//graphics/logos/sf-best.png>
Package pdftex.def Info: /Users/dantopa/GitHub//latex-2025//global//graphics/lo
gos/sf-best.png  used on input line 172.
(pdftex.def)             Requested size: 16.20306pt x 16.21828pt.
File: /Users/dantopa/GitHub//latex-2025//global//graphics/logos/hii-01.png Grap
hic file (type png)
<use /Users/dantopa/GitHub//latex-2025//global//graphics/logos/hii-01.png>
Package pdftex.def Info: /Users/dantopa/GitHub//latex-2025//global//graphics/lo
gos/hii-01.png  used on input line 172.
(pdftex.def)             Requested size: 13.59386pt x 14.22636pt.

Overfull \hbox (1.46664pt too wide) has occurred while \output is active
[][][] [][][] 
 []

[47

]
(/Users/dantopa/GitHub//latex-2025//pres/fortran-v-cpp//local//components//tab-
mpi-vs-coarray.tex
Overfull \hbox (2.14325pt too wide) in paragraph at lines 47--47
[]|\T1/lmss/bx/n/6 Synchronization| 
 []


Overfull \hbox (100.01866pt too wide) in paragraph at lines 47--47
 [] 
 []

File: /Users/dantopa/GitHub//latex-2025//global//graphics/logos/afrl-logo.png G
raphic file (type png)
<use /Users/dantopa/GitHub//latex-2025//global//graphics/logos/afrl-logo.png>
Package pdftex.def Info: /Users/dantopa/GitHub//latex-2025//global//graphics/lo
gos/afrl-logo.png  used on input line 47.
(pdftex.def)             Requested size: 43.77304pt x 14.22636pt.
File: /Users/dantopa/GitHub//latex-2025//global//graphics/logos/af-01.png Graph
ic file (type png)
<use /Users/dantopa/GitHub//latex-2025//global//graphics/logos/af-01.png>
Package pdftex.def Info: /Users/dantopa/GitHub//latex-2025//global//graphics/lo
gos/af-01.png  used on input line 47.
(pdftex.def)             Requested size: 14.84773pt x 13.08846pt.
File: /Users/dantopa/GitHub//latex-2025//global//graphics/logos/sf-best.png Gra
phic file (type png)
<use /Users/dantopa/GitHub//latex-2025//global//graphics/logos/sf-best.png>
Package pdftex.def Info: /Users/dantopa/GitHub//latex-2025//global//graphics/lo
gos/sf-best.png  used on input line 47.
(pdftex.def)             Requested size: 16.20306pt x 16.21828pt.
File: /Users/dantopa/GitHub//latex-2025//global//graphics/logos/hii-01.png Grap
hic file (type png)
<use /Users/dantopa/GitHub//latex-2025//global//graphics/logos/hii-01.png>
Package pdftex.def Info: /Users/dantopa/GitHub//latex-2025//global//graphics/lo
gos/hii-01.png  used on input line 47.
(pdftex.def)             Requested size: 13.59386pt x 14.22636pt.

Overfull \hbox (1.46664pt too wide) has occurred while \output is active
[][][] [][][] 
 []

[48

])
File: /Users/dantopa/GitHub//latex-2025//global//graphics/logos/afrl-logo.png G
raphic file (type png)
<use /Users/dantopa/GitHub//latex-2025//global//graphics/logos/afrl-logo.png>
Package pdftex.def Info: /Users/dantopa/GitHub//latex-2025//global//graphics/lo
gos/afrl-logo.png  used on input line 209.
(pdftex.def)             Requested size: 43.77304pt x 14.22636pt.
File: /Users/dantopa/GitHub//latex-2025//global//graphics/logos/af-01.png Graph
ic file (type png)
<use /Users/dantopa/GitHub//latex-2025//global//graphics/logos/af-01.png>
Package pdftex.def Info: /Users/dantopa/GitHub//latex-2025//global//graphics/lo
gos/af-01.png  used on input line 209.
(pdftex.def)             Requested size: 14.84773pt x 13.08846pt.
File: /Users/dantopa/GitHub//latex-2025//global//graphics/logos/sf-best.png Gra
phic file (type png)
<use /Users/dantopa/GitHub//latex-2025//global//graphics/logos/sf-best.png>
Package pdftex.def Info: /Users/dantopa/GitHub//latex-2025//global//graphics/lo
gos/sf-best.png  used on input line 209.
(pdftex.def)             Requested size: 16.20306pt x 16.21828pt.
File: /Users/dantopa/GitHub//latex-2025//global//graphics/logos/hii-01.png Grap
hic file (type png)
<use /Users/dantopa/GitHub//latex-2025//global//graphics/logos/hii-01.png>
Package pdftex.def Info: /Users/dantopa/GitHub//latex-2025//global//graphics/lo
gos/hii-01.png  used on input line 209.
(pdftex.def)             Requested size: 13.59386pt x 14.22636pt.

Overfull \hbox (1.46664pt too wide) has occurred while \output is active
[][][] [][][] 
 []

[49

]
</Users/dantopa/GitHub//latex-2025//pres/fortran-v-cpp//local//graphics//easy-0
5.jpg, id=2052, 1505.625pt x 1505.625pt>
File: /Users/dantopa/GitHub//latex-2025//pres/fortran-v-cpp//local//graphics//e
asy-05.jpg Graphic file (type jpg)
<use /Users/dantopa/GitHub//latex-2025//pres/fortran-v-cpp//local//graphics//ea
sy-05.jpg>
Package pdftex.def Info: /Users/dantopa/GitHub//latex-2025//pres/fortran-v-cpp/
/local//graphics//easy-05.jpg  used on input line 248.
(pdftex.def)             Requested size: 153.64493pt x 153.62685pt.
File: /Users/dantopa/GitHub//latex-2025//global//graphics/logos/afrl-logo.png G
raphic file (type png)
<use /Users/dantopa/GitHub//latex-2025//global//graphics/logos/afrl-logo.png>
Package pdftex.def Info: /Users/dantopa/GitHub//latex-2025//global//graphics/lo
gos/afrl-logo.png  used on input line 248.
(pdftex.def)             Requested size: 43.77304pt x 14.22636pt.
File: /Users/dantopa/GitHub//latex-2025//global//graphics/logos/af-01.png Graph
ic file (type png)
<use /Users/dantopa/GitHub//latex-2025//global//graphics/logos/af-01.png>
Package pdftex.def Info: /Users/dantopa/GitHub//latex-2025//global//graphics/lo
gos/af-01.png  used on input line 248.
(pdftex.def)             Requested size: 14.84773pt x 13.08846pt.
File: /Users/dantopa/GitHub//latex-2025//global//graphics/logos/sf-best.png Gra
phic file (type png)
<use /Users/dantopa/GitHub//latex-2025//global//graphics/logos/sf-best.png>
Package pdftex.def Info: /Users/dantopa/GitHub//latex-2025//global//graphics/lo
gos/sf-best.png  used on input line 248.
(pdftex.def)             Requested size: 16.20306pt x 16.21828pt.
File: /Users/dantopa/GitHub//latex-2025//global//graphics/logos/hii-01.png Grap
hic file (type png)
<use /Users/dantopa/GitHub//latex-2025//global//graphics/logos/hii-01.png>
Package pdftex.def Info: /Users/dantopa/GitHub//latex-2025//global//graphics/lo
gos/hii-01.png  used on input line 248.
(pdftex.def)             Requested size: 13.59386pt x 14.22636pt.

Overfull \hbox (1.46664pt too wide) has occurred while \output is active
[][][] [][][] 
 []

[50

 </Users/dantopa/GitHub//latex-2025//pres/fortran-v-cpp//local//graphics//easy-
05.jpg>]
File: /Users/dantopa/GitHub//latex-2025//global//graphics/logos/afrl-logo.png G
raphic file (type png)
<use /Users/dantopa/GitHub//latex-2025//global//graphics/logos/afrl-logo.png>
Package pdftex.def Info: /Users/dantopa/GitHub//latex-2025//global//graphics/lo
gos/afrl-logo.png  used on input line 268.
(pdftex.def)             Requested size: 43.77304pt x 14.22636pt.
File: /Users/dantopa/GitHub//latex-2025//global//graphics/logos/af-01.png Graph
ic file (type png)
<use /Users/dantopa/GitHub//latex-2025//global//graphics/logos/af-01.png>
Package pdftex.def Info: /Users/dantopa/GitHub//latex-2025//global//graphics/lo
gos/af-01.png  used on input line 268.
(pdftex.def)             Requested size: 14.84773pt x 13.08846pt.
File: /Users/dantopa/GitHub//latex-2025//global//graphics/logos/sf-best.png Gra
phic file (type png)
<use /Users/dantopa/GitHub//latex-2025//global//graphics/logos/sf-best.png>
Package pdftex.def Info: /Users/dantopa/GitHub//latex-2025//global//graphics/lo
gos/sf-best.png  used on input line 268.
(pdftex.def)             Requested size: 16.20306pt x 16.21828pt.
File: /Users/dantopa/GitHub//latex-2025//global//graphics/logos/hii-01.png Grap
hic file (type png)
<use /Users/dantopa/GitHub//latex-2025//global//graphics/logos/hii-01.png>
Package pdftex.def Info: /Users/dantopa/GitHub//latex-2025//global//graphics/lo
gos/hii-01.png  used on input line 268.
(pdftex.def)             Requested size: 13.59386pt x 14.22636pt.

Overfull \hbox (1.46664pt too wide) has occurred while \output is active
[][][] [][][] 
 []

[51

]
File: /Users/dantopa/GitHub//latex-2025//global//graphics/logos/afrl-logo.png G
raphic file (type png)
<use /Users/dantopa/GitHub//latex-2025//global//graphics/logos/afrl-logo.png>
Package pdftex.def Info: /Users/dantopa/GitHub//latex-2025//global//graphics/lo
gos/afrl-logo.png  used on input line 293.
(pdftex.def)             Requested size: 43.77304pt x 14.22636pt.
File: /Users/dantopa/GitHub//latex-2025//global//graphics/logos/af-01.png Graph
ic file (type png)
<use /Users/dantopa/GitHub//latex-2025//global//graphics/logos/af-01.png>
Package pdftex.def Info: /Users/dantopa/GitHub//latex-2025//global//graphics/lo
gos/af-01.png  used on input line 293.
(pdftex.def)             Requested size: 14.84773pt x 13.08846pt.
File: /Users/dantopa/GitHub//latex-2025//global//graphics/logos/sf-best.png Gra
phic file (type png)
<use /Users/dantopa/GitHub//latex-2025//global//graphics/logos/sf-best.png>
Package pdftex.def Info: /Users/dantopa/GitHub//latex-2025//global//graphics/lo
gos/sf-best.png  used on input line 293.
(pdftex.def)             Requested size: 16.20306pt x 16.21828pt.
File: /Users/dantopa/GitHub//latex-2025//global//graphics/logos/hii-01.png Grap
hic file (type png)
<use /Users/dantopa/GitHub//latex-2025//global//graphics/logos/hii-01.png>
Package pdftex.def Info: /Users/dantopa/GitHub//latex-2025//global//graphics/lo
gos/hii-01.png  used on input line 293.
(pdftex.def)             Requested size: 13.59386pt x 14.22636pt.

Overfull \hbox (1.46664pt too wide) has occurred while \output is active
[][][] [][][] 
 []

[52

]
File: /Users/dantopa/GitHub//latex-2025//global//graphics/logos/afrl-logo.png G
raphic file (type png)
<use /Users/dantopa/GitHub//latex-2025//global//graphics/logos/afrl-logo.png>
Package pdftex.def Info: /Users/dantopa/GitHub//latex-2025//global//graphics/lo
gos/afrl-logo.png  used on input line 310.
(pdftex.def)             Requested size: 43.77304pt x 14.22636pt.
File: /Users/dantopa/GitHub//latex-2025//global//graphics/logos/af-01.png Graph
ic file (type png)
<use /Users/dantopa/GitHub//latex-2025//global//graphics/logos/af-01.png>
Package pdftex.def Info: /Users/dantopa/GitHub//latex-2025//global//graphics/lo
gos/af-01.png  used on input line 310.
(pdftex.def)             Requested size: 14.84773pt x 13.08846pt.
File: /Users/dantopa/GitHub//latex-2025//global//graphics/logos/sf-best.png Gra
phic file (type png)
<use /Users/dantopa/GitHub//latex-2025//global//graphics/logos/sf-best.png>
Package pdftex.def Info: /Users/dantopa/GitHub//latex-2025//global//graphics/lo
gos/sf-best.png  used on input line 310.
(pdftex.def)             Requested size: 16.20306pt x 16.21828pt.
File: /Users/dantopa/GitHub//latex-2025//global//graphics/logos/hii-01.png Grap
hic file (type png)
<use /Users/dantopa/GitHub//latex-2025//global//graphics/logos/hii-01.png>
Package pdftex.def Info: /Users/dantopa/GitHub//latex-2025//global//graphics/lo
gos/hii-01.png  used on input line 310.
(pdftex.def)             Requested size: 13.59386pt x 14.22636pt.

Overfull \hbox (1.46664pt too wide) has occurred while \output is active
[][][] [][][] 
 []

[53

]
LaTeX Font Info:    Font shape `T1/lmtt/bx/n' in size <9> not available
(Font)              Font shape `T1/lmtt/b/n' tried instead on input line 333.
File: /Users/dantopa/GitHub//latex-2025//global//graphics/logos/afrl-logo.png G
raphic file (type png)
<use /Users/dantopa/GitHub//latex-2025//global//graphics/logos/afrl-logo.png>
Package pdftex.def Info: /Users/dantopa/GitHub//latex-2025//global//graphics/lo
gos/afrl-logo.png  used on input line 333.
(pdftex.def)             Requested size: 43.77304pt x 14.22636pt.
File: /Users/dantopa/GitHub//latex-2025//global//graphics/logos/af-01.png Graph
ic file (type png)
<use /Users/dantopa/GitHub//latex-2025//global//graphics/logos/af-01.png>
Package pdftex.def Info: /Users/dantopa/GitHub//latex-2025//global//graphics/lo
gos/af-01.png  used on input line 333.
(pdftex.def)             Requested size: 14.84773pt x 13.08846pt.
File: /Users/dantopa/GitHub//latex-2025//global//graphics/logos/sf-best.png Gra
phic file (type png)
<use /Users/dantopa/GitHub//latex-2025//global//graphics/logos/sf-best.png>
Package pdftex.def Info: /Users/dantopa/GitHub//latex-2025//global//graphics/lo
gos/sf-best.png  used on input line 333.
(pdftex.def)             Requested size: 16.20306pt x 16.21828pt.
File: /Users/dantopa/GitHub//latex-2025//global//graphics/logos/hii-01.png Grap
hic file (type png)
<use /Users/dantopa/GitHub//latex-2025//global//graphics/logos/hii-01.png>
Package pdftex.def Info: /Users/dantopa/GitHub//latex-2025//global//graphics/lo
gos/hii-01.png  used on input line 333.
(pdftex.def)             Requested size: 13.59386pt x 14.22636pt.

Overfull \hbox (1.46664pt too wide) has occurred while \output is active
[][][] [][][] 
 []

[54

]
\openout4 = `main-fortran-v-cpp.vrb'.

 (./main-fortran-v-cpp.vrb)
File: /Users/dantopa/GitHub//latex-2025//global//graphics/logos/afrl-logo.png G
raphic file (type png)
<use /Users/dantopa/GitHub//latex-2025//global//graphics/logos/afrl-logo.png>
Package pdftex.def Info: /Users/dantopa/GitHub//latex-2025//global//graphics/lo
gos/afrl-logo.png  used on input line 392.
(pdftex.def)             Requested size: 43.77304pt x 14.22636pt.
File: /Users/dantopa/GitHub//latex-2025//global//graphics/logos/af-01.png Graph
ic file (type png)
<use /Users/dantopa/GitHub//latex-2025//global//graphics/logos/af-01.png>
Package pdftex.def Info: /Users/dantopa/GitHub//latex-2025//global//graphics/lo
gos/af-01.png  used on input line 392.
(pdftex.def)             Requested size: 14.84773pt x 13.08846pt.
File: /Users/dantopa/GitHub//latex-2025//global//graphics/logos/sf-best.png Gra
phic file (type png)
<use /Users/dantopa/GitHub//latex-2025//global//graphics/logos/sf-best.png>
Package pdftex.def Info: /Users/dantopa/GitHub//latex-2025//global//graphics/lo
gos/sf-best.png  used on input line 392.
(pdftex.def)             Requested size: 16.20306pt x 16.21828pt.
File: /Users/dantopa/GitHub//latex-2025//global//graphics/logos/hii-01.png Grap
hic file (type png)
<use /Users/dantopa/GitHub//latex-2025//global//graphics/logos/hii-01.png>
Package pdftex.def Info: /Users/dantopa/GitHub//latex-2025//global//graphics/lo
gos/hii-01.png  used on input line 392.
(pdftex.def)             Requested size: 13.59386pt x 14.22636pt.

Overfull \hbox (1.46664pt too wide) has occurred while \output is active
[][][] [][][] 
 []

[55

]
\openout4 = `main-fortran-v-cpp.vrb'.

 (./main-fortran-v-cpp.vrb
LaTeX Font Info:    Font shape `T1/lmss/b/n' in size <9> not available
(Font)              Font shape `T1/lmss/bx/n' tried instead on input line 4.

Overfull \hbox (1.75496pt too wide) in paragraph at lines 27--27
[]  \T1/lmtt/b/n/8 datatype,     ! What kind (MPI_INT)[] 
 []


Overfull \hbox (1.75496pt too wide) in paragraph at lines 27--27
[]  \T1/lmtt/b/n/8 comm,         ! Communication group[] 
 []

)
File: /Users/dantopa/GitHub//latex-2025//global//graphics/logos/afrl-logo.png G
raphic file (type png)
<use /Users/dantopa/GitHub//latex-2025//global//graphics/logos/afrl-logo.png>
Package pdftex.def Info: /Users/dantopa/GitHub//latex-2025//global//graphics/lo
gos/afrl-logo.png  used on input line 443.
(pdftex.def)             Requested size: 43.77304pt x 14.22636pt.
File: /Users/dantopa/GitHub//latex-2025//global//graphics/logos/af-01.png Graph
ic file (type png)
<use /Users/dantopa/GitHub//latex-2025//global//graphics/logos/af-01.png>
Package pdftex.def Info: /Users/dantopa/GitHub//latex-2025//global//graphics/lo
gos/af-01.png  used on input line 443.
(pdftex.def)             Requested size: 14.84773pt x 13.08846pt.
File: /Users/dantopa/GitHub//latex-2025//global//graphics/logos/sf-best.png Gra
phic file (type png)
<use /Users/dantopa/GitHub//latex-2025//global//graphics/logos/sf-best.png>
Package pdftex.def Info: /Users/dantopa/GitHub//latex-2025//global//graphics/lo
gos/sf-best.png  used on input line 443.
(pdftex.def)             Requested size: 16.20306pt x 16.21828pt.
File: /Users/dantopa/GitHub//latex-2025//global//graphics/logos/hii-01.png Grap
hic file (type png)
<use /Users/dantopa/GitHub//latex-2025//global//graphics/logos/hii-01.png>
Package pdftex.def Info: /Users/dantopa/GitHub//latex-2025//global//graphics/lo
gos/hii-01.png  used on input line 443.
(pdftex.def)             Requested size: 13.59386pt x 14.22636pt.

Overfull \hbox (1.46664pt too wide) has occurred while \output is active
[][][] [][][] 
 []

[56

]
File: /Users/dantopa/GitHub//latex-2025//global//graphics/logos/afrl-logo.png G
raphic file (type png)
<use /Users/dantopa/GitHub//latex-2025//global//graphics/logos/afrl-logo.png>
Package pdftex.def Info: /Users/dantopa/GitHub//latex-2025//global//graphics/lo
gos/afrl-logo.png  used on input line 443.
(pdftex.def)             Requested size: 43.77304pt x 14.22636pt.
File: /Users/dantopa/GitHub//latex-2025//global//graphics/logos/af-01.png Graph
ic file (type png)
<use /Users/dantopa/GitHub//latex-2025//global//graphics/logos/af-01.png>
Package pdftex.def Info: /Users/dantopa/GitHub//latex-2025//global//graphics/lo
gos/af-01.png  used on input line 443.
(pdftex.def)             Requested size: 14.84773pt x 13.08846pt.
File: /Users/dantopa/GitHub//latex-2025//global//graphics/logos/sf-best.png Gra
phic file (type png)
<use /Users/dantopa/GitHub//latex-2025//global//graphics/logos/sf-best.png>
Package pdftex.def Info: /Users/dantopa/GitHub//latex-2025//global//graphics/lo
gos/sf-best.png  used on input line 443.
(pdftex.def)             Requested size: 16.20306pt x 16.21828pt.
File: /Users/dantopa/GitHub//latex-2025//global//graphics/logos/hii-01.png Grap
hic file (type png)
<use /Users/dantopa/GitHub//latex-2025//global//graphics/logos/hii-01.png>
Package pdftex.def Info: /Users/dantopa/GitHub//latex-2025//global//graphics/lo
gos/hii-01.png  used on input line 443.
(pdftex.def)             Requested size: 13.59386pt x 14.22636pt.

Overfull \hbox (1.46664pt too wide) has occurred while \output is active
[][][] [][][] 
 []

[57


]
</Users/dantopa/GitHub//latex-2025//pres/fortran-v-cpp//local//graphics//human-
04-X.png, id=2335, 1505.625pt x 1003.75pt>
File: /Users/dantopa/GitHub//latex-2025//pres/fortran-v-cpp//local//graphics//h
uman-04-X.png Graphic file (type png)
<use /Users/dantopa/GitHub//latex-2025//pres/fortran-v-cpp//local//graphics//hu
man-04-X.png>
Package pdftex.def Info: /Users/dantopa/GitHub//latex-2025//pres/fortran-v-cpp/
/local//graphics//human-04-X.png  used on input line 479.
(pdftex.def)             Requested size: 138.2795pt x 92.18683pt.
</Users/dantopa/GitHub//latex-2025//pres/fortran-v-cpp//local//graphics//termin
ator-robot-with-gun.png, id=2337, 917.4275pt x 1228.59pt>
File: /Users/dantopa/GitHub//latex-2025//pres/fortran-v-cpp//local//graphics//t
erminator-robot-with-gun.png Graphic file (type png)
<use /Users/dantopa/GitHub//latex-2025//pres/fortran-v-cpp//local//graphics//te
rminator-robot-with-gun.png>
Package pdftex.def Info: /Users/dantopa/GitHub//latex-2025//pres/fortran-v-cpp/
/local//graphics//terminator-robot-with-gun.png  used on input line 479.
(pdftex.def)             Requested size: 122.91406pt x 164.59645pt.

Overfull \hbox (8.81865pt too wide) in paragraph at lines 479--479
 [] 
 []

File: /Users/dantopa/GitHub//latex-2025//global//graphics/logos/afrl-logo.png G
raphic file (type png)
<use /Users/dantopa/GitHub//latex-2025//global//graphics/logos/afrl-logo.png>
Package pdftex.def Info: /Users/dantopa/GitHub//latex-2025//global//graphics/lo
gos/afrl-logo.png  used on input line 479.
(pdftex.def)             Requested size: 43.77304pt x 14.22636pt.
File: /Users/dantopa/GitHub//latex-2025//global//graphics/logos/af-01.png Graph
ic file (type png)
<use /Users/dantopa/GitHub//latex-2025//global//graphics/logos/af-01.png>
Package pdftex.def Info: /Users/dantopa/GitHub//latex-2025//global//graphics/lo
gos/af-01.png  used on input line 479.
(pdftex.def)             Requested size: 14.84773pt x 13.08846pt.
File: /Users/dantopa/GitHub//latex-2025//global//graphics/logos/sf-best.png Gra
phic file (type png)
<use /Users/dantopa/GitHub//latex-2025//global//graphics/logos/sf-best.png>
Package pdftex.def Info: /Users/dantopa/GitHub//latex-2025//global//graphics/lo
gos/sf-best.png  used on input line 479.
(pdftex.def)             Requested size: 16.20306pt x 16.21828pt.
File: /Users/dantopa/GitHub//latex-2025//global//graphics/logos/hii-01.png Grap
hic file (type png)
<use /Users/dantopa/GitHub//latex-2025//global//graphics/logos/hii-01.png>
Package pdftex.def Info: /Users/dantopa/GitHub//latex-2025//global//graphics/lo
gos/hii-01.png  used on input line 479.
(pdftex.def)             Requested size: 13.59386pt x 14.22636pt.

Overfull \hbox (1.46664pt too wide) has occurred while \output is active
[][][] [][][] 
 []

[58

 </Users/dantopa/GitHub//latex-2025//pres/fortran-v-cpp//local//graphics//human
-04-X.png> </Users/dantopa/GitHub//latex-2025//pres/fortran-v-cpp//local//graph
ics//terminator-robot-with-gun.png>])
(/Users/dantopa/GitHub//latex-2025//pres/fortran-v-cpp//sections/sec-compare-X.
tex
 !! CONTENT SETUP !! /Users/dantopa/GitHub//latex-2025//pres/fortran-v-cpp//sec
tions/"sec-compare-X.tex"
File: /Users/dantopa/GitHub//latex-2025//global//graphics/logos/afrl-logo.png G
raphic file (type png)
<use /Users/dantopa/GitHub//latex-2025//global//graphics/logos/afrl-logo.png>
Package pdftex.def Info: /Users/dantopa/GitHub//latex-2025//global//graphics/lo
gos/afrl-logo.png  used on input line 14.
(pdftex.def)             Requested size: 43.77304pt x 14.22636pt.
File: /Users/dantopa/GitHub//latex-2025//global//graphics/logos/af-01.png Graph
ic file (type png)
<use /Users/dantopa/GitHub//latex-2025//global//graphics/logos/af-01.png>
Package pdftex.def Info: /Users/dantopa/GitHub//latex-2025//global//graphics/lo
gos/af-01.png  used on input line 14.
(pdftex.def)             Requested size: 14.84773pt x 13.08846pt.
File: /Users/dantopa/GitHub//latex-2025//global//graphics/logos/sf-best.png Gra
phic file (type png)
<use /Users/dantopa/GitHub//latex-2025//global//graphics/logos/sf-best.png>
Package pdftex.def Info: /Users/dantopa/GitHub//latex-2025//global//graphics/lo
gos/sf-best.png  used on input line 14.
(pdftex.def)             Requested size: 16.20306pt x 16.21828pt.
File: /Users/dantopa/GitHub//latex-2025//global//graphics/logos/hii-01.png Grap
hic file (type png)
<use /Users/dantopa/GitHub//latex-2025//global//graphics/logos/hii-01.png>
Package pdftex.def Info: /Users/dantopa/GitHub//latex-2025//global//graphics/lo
gos/hii-01.png  used on input line 14.
(pdftex.def)             Requested size: 13.59386pt x 14.22636pt.

Overfull \hbox (1.46664pt too wide) has occurred while \output is active
[][][] [][][] 
 []

[59

]
File: /Users/dantopa/GitHub//latex-2025//global//graphics/logos/afrl-logo.png G
raphic file (type png)
<use /Users/dantopa/GitHub//latex-2025//global//graphics/logos/afrl-logo.png>
Package pdftex.def Info: /Users/dantopa/GitHub//latex-2025//global//graphics/lo
gos/afrl-logo.png  used on input line 26.
(pdftex.def)             Requested size: 43.77304pt x 14.22636pt.
File: /Users/dantopa/GitHub//latex-2025//global//graphics/logos/af-01.png Graph
ic file (type png)
<use /Users/dantopa/GitHub//latex-2025//global//graphics/logos/af-01.png>
Package pdftex.def Info: /Users/dantopa/GitHub//latex-2025//global//graphics/lo
gos/af-01.png  used on input line 26.
(pdftex.def)             Requested size: 14.84773pt x 13.08846pt.
File: /Users/dantopa/GitHub//latex-2025//global//graphics/logos/sf-best.png Gra
phic file (type png)
<use /Users/dantopa/GitHub//latex-2025//global//graphics/logos/sf-best.png>
Package pdftex.def Info: /Users/dantopa/GitHub//latex-2025//global//graphics/lo
gos/sf-best.png  used on input line 26.
(pdftex.def)             Requested size: 16.20306pt x 16.21828pt.
File: /Users/dantopa/GitHub//latex-2025//global//graphics/logos/hii-01.png Grap
hic file (type png)
<use /Users/dantopa/GitHub//latex-2025//global//graphics/logos/hii-01.png>
Package pdftex.def Info: /Users/dantopa/GitHub//latex-2025//global//graphics/lo
gos/hii-01.png  used on input line 26.
(pdftex.def)             Requested size: 13.59386pt x 14.22636pt.

Overfull \hbox (1.46664pt too wide) has occurred while \output is active
[][][] [][][] 
 []

[60

]
File: /Users/dantopa/GitHub//latex-2025//global//graphics/logos/afrl-logo.png G
raphic file (type png)
<use /Users/dantopa/GitHub//latex-2025//global//graphics/logos/afrl-logo.png>
Package pdftex.def Info: /Users/dantopa/GitHub//latex-2025//global//graphics/lo
gos/afrl-logo.png  used on input line 50.
(pdftex.def)             Requested size: 43.77304pt x 14.22636pt.
File: /Users/dantopa/GitHub//latex-2025//global//graphics/logos/af-01.png Graph
ic file (type png)
<use /Users/dantopa/GitHub//latex-2025//global//graphics/logos/af-01.png>
Package pdftex.def Info: /Users/dantopa/GitHub//latex-2025//global//graphics/lo
gos/af-01.png  used on input line 50.
(pdftex.def)             Requested size: 14.84773pt x 13.08846pt.
File: /Users/dantopa/GitHub//latex-2025//global//graphics/logos/sf-best.png Gra
phic file (type png)
<use /Users/dantopa/GitHub//latex-2025//global//graphics/logos/sf-best.png>
Package pdftex.def Info: /Users/dantopa/GitHub//latex-2025//global//graphics/lo
gos/sf-best.png  used on input line 50.
(pdftex.def)             Requested size: 16.20306pt x 16.21828pt.
File: /Users/dantopa/GitHub//latex-2025//global//graphics/logos/hii-01.png Grap
hic file (type png)
<use /Users/dantopa/GitHub//latex-2025//global//graphics/logos/hii-01.png>
Package pdftex.def Info: /Users/dantopa/GitHub//latex-2025//global//graphics/lo
gos/hii-01.png  used on input line 50.
(pdftex.def)             Requested size: 13.59386pt x 14.22636pt.

Overfull \hbox (1.46664pt too wide) has occurred while \output is active
[][][] [][][] 
 []

[61

]
LaTeX Font Info:    External font `lmex10' loaded for size
(Font)              <10> on input line 61.
LaTeX Font Info:    External font `lmex10' loaded for size
(Font)              <7> on input line 61.
File: /Users/dantopa/GitHub//latex-2025//global//graphics/logos/afrl-logo.png G
raphic file (type png)
<use /Users/dantopa/GitHub//latex-2025//global//graphics/logos/afrl-logo.png>
Package pdftex.def Info: /Users/dantopa/GitHub//latex-2025//global//graphics/lo
gos/afrl-logo.png  used on input line 61.
(pdftex.def)             Requested size: 43.77304pt x 14.22636pt.
File: /Users/dantopa/GitHub//latex-2025//global//graphics/logos/af-01.png Graph
ic file (type png)
<use /Users/dantopa/GitHub//latex-2025//global//graphics/logos/af-01.png>
Package pdftex.def Info: /Users/dantopa/GitHub//latex-2025//global//graphics/lo
gos/af-01.png  used on input line 61.
(pdftex.def)             Requested size: 14.84773pt x 13.08846pt.
File: /Users/dantopa/GitHub//latex-2025//global//graphics/logos/sf-best.png Gra
phic file (type png)
<use /Users/dantopa/GitHub//latex-2025//global//graphics/logos/sf-best.png>
Package pdftex.def Info: /Users/dantopa/GitHub//latex-2025//global//graphics/lo
gos/sf-best.png  used on input line 61.
(pdftex.def)             Requested size: 16.20306pt x 16.21828pt.
File: /Users/dantopa/GitHub//latex-2025//global//graphics/logos/hii-01.png Grap
hic file (type png)
<use /Users/dantopa/GitHub//latex-2025//global//graphics/logos/hii-01.png>
Package pdftex.def Info: /Users/dantopa/GitHub//latex-2025//global//graphics/lo
gos/hii-01.png  used on input line 61.
(pdftex.def)             Requested size: 13.59386pt x 14.22636pt.

Overfull \hbox (1.46664pt too wide) has occurred while \output is active
[][][] [][][] 
 []

[62

]
File: /Users/dantopa/GitHub//latex-2025//global//graphics/logos/afrl-logo.png G
raphic file (type png)
<use /Users/dantopa/GitHub//latex-2025//global//graphics/logos/afrl-logo.png>
Package pdftex.def Info: /Users/dantopa/GitHub//latex-2025//global//graphics/lo
gos/afrl-logo.png  used on input line 69.
(pdftex.def)             Requested size: 43.77304pt x 14.22636pt.
File: /Users/dantopa/GitHub//latex-2025//global//graphics/logos/af-01.png Graph
ic file (type png)
<use /Users/dantopa/GitHub//latex-2025//global//graphics/logos/af-01.png>
Package pdftex.def Info: /Users/dantopa/GitHub//latex-2025//global//graphics/lo
gos/af-01.png  used on input line 69.
(pdftex.def)             Requested size: 14.84773pt x 13.08846pt.
File: /Users/dantopa/GitHub//latex-2025//global//graphics/logos/sf-best.png Gra
phic file (type png)
<use /Users/dantopa/GitHub//latex-2025//global//graphics/logos/sf-best.png>
Package pdftex.def Info: /Users/dantopa/GitHub//latex-2025//global//graphics/lo
gos/sf-best.png  used on input line 69.
(pdftex.def)             Requested size: 16.20306pt x 16.21828pt.
File: /Users/dantopa/GitHub//latex-2025//global//graphics/logos/hii-01.png Grap
hic file (type png)
<use /Users/dantopa/GitHub//latex-2025//global//graphics/logos/hii-01.png>
Package pdftex.def Info: /Users/dantopa/GitHub//latex-2025//global//graphics/lo
gos/hii-01.png  used on input line 69.
(pdftex.def)             Requested size: 13.59386pt x 14.22636pt.

Overfull \hbox (1.46664pt too wide) has occurred while \output is active
[][][] [][][] 
 []

[63

]
\openout4 = `main-fortran-v-cpp.vrb'.

 (./main-fortran-v-cpp.vrb)
File: /Users/dantopa/GitHub//latex-2025//global//graphics/logos/afrl-logo.png G
raphic file (type png)
<use /Users/dantopa/GitHub//latex-2025//global//graphics/logos/afrl-logo.png>
Package pdftex.def Info: /Users/dantopa/GitHub//latex-2025//global//graphics/lo
gos/afrl-logo.png  used on input line 104.
(pdftex.def)             Requested size: 43.77304pt x 14.22636pt.
File: /Users/dantopa/GitHub//latex-2025//global//graphics/logos/af-01.png Graph
ic file (type png)
<use /Users/dantopa/GitHub//latex-2025//global//graphics/logos/af-01.png>
Package pdftex.def Info: /Users/dantopa/GitHub//latex-2025//global//graphics/lo
gos/af-01.png  used on input line 104.
(pdftex.def)             Requested size: 14.84773pt x 13.08846pt.
File: /Users/dantopa/GitHub//latex-2025//global//graphics/logos/sf-best.png Gra
phic file (type png)
<use /Users/dantopa/GitHub//latex-2025//global//graphics/logos/sf-best.png>
Package pdftex.def Info: /Users/dantopa/GitHub//latex-2025//global//graphics/lo
gos/sf-best.png  used on input line 104.
(pdftex.def)             Requested size: 16.20306pt x 16.21828pt.
File: /Users/dantopa/GitHub//latex-2025//global//graphics/logos/hii-01.png Grap
hic file (type png)
<use /Users/dantopa/GitHub//latex-2025//global//graphics/logos/hii-01.png>
Package pdftex.def Info: /Users/dantopa/GitHub//latex-2025//global//graphics/lo
gos/hii-01.png  used on input line 104.
(pdftex.def)             Requested size: 13.59386pt x 14.22636pt.

Overfull \hbox (1.46664pt too wide) has occurred while \output is active
[][][] [][][] 
 []

[64

]
File: /Users/dantopa/GitHub//latex-2025//global//graphics/logos/afrl-logo.png G
raphic file (type png)
<use /Users/dantopa/GitHub//latex-2025//global//graphics/logos/afrl-logo.png>
Package pdftex.def Info: /Users/dantopa/GitHub//latex-2025//global//graphics/lo
gos/afrl-logo.png  used on input line 104.
(pdftex.def)             Requested size: 43.77304pt x 14.22636pt.
File: /Users/dantopa/GitHub//latex-2025//global//graphics/logos/af-01.png Graph
ic file (type png)
<use /Users/dantopa/GitHub//latex-2025//global//graphics/logos/af-01.png>
Package pdftex.def Info: /Users/dantopa/GitHub//latex-2025//global//graphics/lo
gos/af-01.png  used on input line 104.
(pdftex.def)             Requested size: 14.84773pt x 13.08846pt.
File: /Users/dantopa/GitHub//latex-2025//global//graphics/logos/sf-best.png Gra
phic file (type png)
<use /Users/dantopa/GitHub//latex-2025//global//graphics/logos/sf-best.png>
Package pdftex.def Info: /Users/dantopa/GitHub//latex-2025//global//graphics/lo
gos/sf-best.png  used on input line 104.
(pdftex.def)             Requested size: 16.20306pt x 16.21828pt.
File: /Users/dantopa/GitHub//latex-2025//global//graphics/logos/hii-01.png Grap
hic file (type png)
<use /Users/dantopa/GitHub//latex-2025//global//graphics/logos/hii-01.png>
Package pdftex.def Info: /Users/dantopa/GitHub//latex-2025//global//graphics/lo
gos/hii-01.png  used on input line 104.
(pdftex.def)             Requested size: 13.59386pt x 14.22636pt.

Overfull \hbox (1.46664pt too wide) has occurred while \output is active
[][][] [][][] 
 []

[65


]
File: /Users/dantopa/GitHub//latex-2025//global//graphics/logos/afrl-logo.png G
raphic file (type png)
<use /Users/dantopa/GitHub//latex-2025//global//graphics/logos/afrl-logo.png>
Package pdftex.def Info: /Users/dantopa/GitHub//latex-2025//global//graphics/lo
gos/afrl-logo.png  used on input line 125.
(pdftex.def)             Requested size: 43.77304pt x 14.22636pt.
File: /Users/dantopa/GitHub//latex-2025//global//graphics/logos/af-01.png Graph
ic file (type png)
<use /Users/dantopa/GitHub//latex-2025//global//graphics/logos/af-01.png>
Package pdftex.def Info: /Users/dantopa/GitHub//latex-2025//global//graphics/lo
gos/af-01.png  used on input line 125.
(pdftex.def)             Requested size: 14.84773pt x 13.08846pt.
File: /Users/dantopa/GitHub//latex-2025//global//graphics/logos/sf-best.png Gra
phic file (type png)
<use /Users/dantopa/GitHub//latex-2025//global//graphics/logos/sf-best.png>
Package pdftex.def Info: /Users/dantopa/GitHub//latex-2025//global//graphics/lo
gos/sf-best.png  used on input line 125.
(pdftex.def)             Requested size: 16.20306pt x 16.21828pt.
File: /Users/dantopa/GitHub//latex-2025//global//graphics/logos/hii-01.png Grap
hic file (type png)
<use /Users/dantopa/GitHub//latex-2025//global//graphics/logos/hii-01.png>
Package pdftex.def Info: /Users/dantopa/GitHub//latex-2025//global//graphics/lo
gos/hii-01.png  used on input line 125.
(pdftex.def)             Requested size: 13.59386pt x 14.22636pt.

Overfull \hbox (1.46664pt too wide) has occurred while \output is active
[][][] [][][] 
 []

[66

]
File: /Users/dantopa/GitHub//latex-2025//global//graphics/logos/afrl-logo.png G
raphic file (type png)
<use /Users/dantopa/GitHub//latex-2025//global//graphics/logos/afrl-logo.png>
Package pdftex.def Info: /Users/dantopa/GitHub//latex-2025//global//graphics/lo
gos/afrl-logo.png  used on input line 136.
(pdftex.def)             Requested size: 43.77304pt x 14.22636pt.
File: /Users/dantopa/GitHub//latex-2025//global//graphics/logos/af-01.png Graph
ic file (type png)
<use /Users/dantopa/GitHub//latex-2025//global//graphics/logos/af-01.png>
Package pdftex.def Info: /Users/dantopa/GitHub//latex-2025//global//graphics/lo
gos/af-01.png  used on input line 136.
(pdftex.def)             Requested size: 14.84773pt x 13.08846pt.
File: /Users/dantopa/GitHub//latex-2025//global//graphics/logos/sf-best.png Gra
phic file (type png)
<use /Users/dantopa/GitHub//latex-2025//global//graphics/logos/sf-best.png>
Package pdftex.def Info: /Users/dantopa/GitHub//latex-2025//global//graphics/lo
gos/sf-best.png  used on input line 136.
(pdftex.def)             Requested size: 16.20306pt x 16.21828pt.
File: /Users/dantopa/GitHub//latex-2025//global//graphics/logos/hii-01.png Grap
hic file (type png)
<use /Users/dantopa/GitHub//latex-2025//global//graphics/logos/hii-01.png>
Package pdftex.def Info: /Users/dantopa/GitHub//latex-2025//global//graphics/lo
gos/hii-01.png  used on input line 136.
(pdftex.def)             Requested size: 13.59386pt x 14.22636pt.

Overfull \hbox (1.46664pt too wide) has occurred while \output is active
[][][] [][][] 
 []

[67

]
Overfull \hbox (8.93387pt too wide) in paragraph at lines 147--147
[][]  
 []

File: /Users/dantopa/GitHub//latex-2025//global//graphics/logos/afrl-logo.png G
raphic file (type png)
<use /Users/dantopa/GitHub//latex-2025//global//graphics/logos/afrl-logo.png>
Package pdftex.def Info: /Users/dantopa/GitHub//latex-2025//global//graphics/lo
gos/afrl-logo.png  used on input line 147.
(pdftex.def)             Requested size: 43.77304pt x 14.22636pt.
File: /Users/dantopa/GitHub//latex-2025//global//graphics/logos/af-01.png Graph
ic file (type png)
<use /Users/dantopa/GitHub//latex-2025//global//graphics/logos/af-01.png>
Package pdftex.def Info: /Users/dantopa/GitHub//latex-2025//global//graphics/lo
gos/af-01.png  used on input line 147.
(pdftex.def)             Requested size: 14.84773pt x 13.08846pt.
File: /Users/dantopa/GitHub//latex-2025//global//graphics/logos/sf-best.png Gra
phic file (type png)
<use /Users/dantopa/GitHub//latex-2025//global//graphics/logos/sf-best.png>
Package pdftex.def Info: /Users/dantopa/GitHub//latex-2025//global//graphics/lo
gos/sf-best.png  used on input line 147.
(pdftex.def)             Requested size: 16.20306pt x 16.21828pt.
File: /Users/dantopa/GitHub//latex-2025//global//graphics/logos/hii-01.png Grap
hic file (type png)
<use /Users/dantopa/GitHub//latex-2025//global//graphics/logos/hii-01.png>
Package pdftex.def Info: /Users/dantopa/GitHub//latex-2025//global//graphics/lo
gos/hii-01.png  used on input line 147.
(pdftex.def)             Requested size: 13.59386pt x 14.22636pt.

Overfull \hbox (1.46664pt too wide) has occurred while \output is active
[][][] [][][] 
 []

[68

]
\openout4 = `main-fortran-v-cpp.vrb'.

 (./main-fortran-v-cpp.vrb)
File: /Users/dantopa/GitHub//latex-2025//global//graphics/logos/afrl-logo.png G
raphic file (type png)
<use /Users/dantopa/GitHub//latex-2025//global//graphics/logos/afrl-logo.png>
Package pdftex.def Info: /Users/dantopa/GitHub//latex-2025//global//graphics/lo
gos/afrl-logo.png  used on input line 235.
(pdftex.def)             Requested size: 43.77304pt x 14.22636pt.
File: /Users/dantopa/GitHub//latex-2025//global//graphics/logos/af-01.png Graph
ic file (type png)
<use /Users/dantopa/GitHub//latex-2025//global//graphics/logos/af-01.png>
Package pdftex.def Info: /Users/dantopa/GitHub//latex-2025//global//graphics/lo
gos/af-01.png  used on input line 235.
(pdftex.def)             Requested size: 14.84773pt x 13.08846pt.
File: /Users/dantopa/GitHub//latex-2025//global//graphics/logos/sf-best.png Gra
phic file (type png)
<use /Users/dantopa/GitHub//latex-2025//global//graphics/logos/sf-best.png>
Package pdftex.def Info: /Users/dantopa/GitHub//latex-2025//global//graphics/lo
gos/sf-best.png  used on input line 235.
(pdftex.def)             Requested size: 16.20306pt x 16.21828pt.
File: /Users/dantopa/GitHub//latex-2025//global//graphics/logos/hii-01.png Grap
hic file (type png)
<use /Users/dantopa/GitHub//latex-2025//global//graphics/logos/hii-01.png>
Package pdftex.def Info: /Users/dantopa/GitHub//latex-2025//global//graphics/lo
gos/hii-01.png  used on input line 235.
(pdftex.def)             Requested size: 13.59386pt x 14.22636pt.

Overfull \hbox (1.46664pt too wide) has occurred while \output is active
[][][] [][][] 
 []

[69

]
File: /Users/dantopa/GitHub//latex-2025//global//graphics/logos/afrl-logo.png G
raphic file (type png)
<use /Users/dantopa/GitHub//latex-2025//global//graphics/logos/afrl-logo.png>
Package pdftex.def Info: /Users/dantopa/GitHub//latex-2025//global//graphics/lo
gos/afrl-logo.png  used on input line 235.
(pdftex.def)             Requested size: 43.77304pt x 14.22636pt.
File: /Users/dantopa/GitHub//latex-2025//global//graphics/logos/af-01.png Graph
ic file (type png)
<use /Users/dantopa/GitHub//latex-2025//global//graphics/logos/af-01.png>
Package pdftex.def Info: /Users/dantopa/GitHub//latex-2025//global//graphics/lo
gos/af-01.png  used on input line 235.
(pdftex.def)             Requested size: 14.84773pt x 13.08846pt.
File: /Users/dantopa/GitHub//latex-2025//global//graphics/logos/sf-best.png Gra
phic file (type png)
<use /Users/dantopa/GitHub//latex-2025//global//graphics/logos/sf-best.png>
Package pdftex.def Info: /Users/dantopa/GitHub//latex-2025//global//graphics/lo
gos/sf-best.png  used on input line 235.
(pdftex.def)             Requested size: 16.20306pt x 16.21828pt.
File: /Users/dantopa/GitHub//latex-2025//global//graphics/logos/hii-01.png Grap
hic file (type png)
<use /Users/dantopa/GitHub//latex-2025//global//graphics/logos/hii-01.png>
Package pdftex.def Info: /Users/dantopa/GitHub//latex-2025//global//graphics/lo
gos/hii-01.png  used on input line 235.
(pdftex.def)             Requested size: 13.59386pt x 14.22636pt.

Overfull \hbox (1.46664pt too wide) has occurred while \output is active
[][][] [][][] 
 []

[70


]
</Users/dantopa/GitHub//latex-2025//global//libs//book-covers//cover-c++-concur
rency.png, id=2791, 361.35pt x 453.695pt>
File: /Users/dantopa/GitHub//latex-2025//global//libs//book-covers//cover-c++-c
oncurrency.png Graphic file (type png)
<use /Users/dantopa/GitHub//latex-2025//global//libs//book-covers//cover-c++-co
ncurrency.png>
Package pdftex.def Info: /Users/dantopa/GitHub//latex-2025//global//libs//book-
covers//cover-c++-concurrency.png  used on input line 245.
(pdftex.def)             Requested size: 117.6965pt x 147.77411pt.
File: /Users/dantopa/GitHub//latex-2025//global//graphics/logos/afrl-logo.png G
raphic file (type png)
<use /Users/dantopa/GitHub//latex-2025//global//graphics/logos/afrl-logo.png>
Package pdftex.def Info: /Users/dantopa/GitHub//latex-2025//global//graphics/lo
gos/afrl-logo.png  used on input line 245.
(pdftex.def)             Requested size: 43.77304pt x 14.22636pt.
File: /Users/dantopa/GitHub//latex-2025//global//graphics/logos/af-01.png Graph
ic file (type png)
<use /Users/dantopa/GitHub//latex-2025//global//graphics/logos/af-01.png>
Package pdftex.def Info: /Users/dantopa/GitHub//latex-2025//global//graphics/lo
gos/af-01.png  used on input line 245.
(pdftex.def)             Requested size: 14.84773pt x 13.08846pt.
File: /Users/dantopa/GitHub//latex-2025//global//graphics/logos/sf-best.png Gra
phic file (type png)
<use /Users/dantopa/GitHub//latex-2025//global//graphics/logos/sf-best.png>
Package pdftex.def Info: /Users/dantopa/GitHub//latex-2025//global//graphics/lo
gos/sf-best.png  used on input line 245.
(pdftex.def)             Requested size: 16.20306pt x 16.21828pt.
File: /Users/dantopa/GitHub//latex-2025//global//graphics/logos/hii-01.png Grap
hic file (type png)
<use /Users/dantopa/GitHub//latex-2025//global//graphics/logos/hii-01.png>
Package pdftex.def Info: /Users/dantopa/GitHub//latex-2025//global//graphics/lo
gos/hii-01.png  used on input line 245.
(pdftex.def)             Requested size: 13.59386pt x 14.22636pt.

Overfull \hbox (1.46664pt too wide) has occurred while \output is active
[][][] [][][] 
 []

[71

 </Users/dantopa/GitHub//latex-2025//global//libs//book-covers//cover-c++-concu
rrency.png>]
File: /Users/dantopa/GitHub//latex-2025//global//libs//book-covers//cover-c++-c
oncurrency.png Graphic file (type png)
<use /Users/dantopa/GitHub//latex-2025//global//libs//book-covers//cover-c++-co
ncurrency.png>
Package pdftex.def Info: /Users/dantopa/GitHub//latex-2025//global//libs//book-
covers//cover-c++-concurrency.png  used on input line 263.
(pdftex.def)             Requested size: 117.6965pt x 147.77411pt.
File: /Users/dantopa/GitHub//latex-2025//global//graphics/logos/afrl-logo.png G
raphic file (type png)
<use /Users/dantopa/GitHub//latex-2025//global//graphics/logos/afrl-logo.png>
Package pdftex.def Info: /Users/dantopa/GitHub//latex-2025//global//graphics/lo
gos/afrl-logo.png  used on input line 263.
(pdftex.def)             Requested size: 43.77304pt x 14.22636pt.
File: /Users/dantopa/GitHub//latex-2025//global//graphics/logos/af-01.png Graph
ic file (type png)
<use /Users/dantopa/GitHub//latex-2025//global//graphics/logos/af-01.png>
Package pdftex.def Info: /Users/dantopa/GitHub//latex-2025//global//graphics/lo
gos/af-01.png  used on input line 263.
(pdftex.def)             Requested size: 14.84773pt x 13.08846pt.
File: /Users/dantopa/GitHub//latex-2025//global//graphics/logos/sf-best.png Gra
phic file (type png)
<use /Users/dantopa/GitHub//latex-2025//global//graphics/logos/sf-best.png>
Package pdftex.def Info: /Users/dantopa/GitHub//latex-2025//global//graphics/lo
gos/sf-best.png  used on input line 263.
(pdftex.def)             Requested size: 16.20306pt x 16.21828pt.
File: /Users/dantopa/GitHub//latex-2025//global//graphics/logos/hii-01.png Grap
hic file (type png)
<use /Users/dantopa/GitHub//latex-2025//global//graphics/logos/hii-01.png>
Package pdftex.def Info: /Users/dantopa/GitHub//latex-2025//global//graphics/lo
gos/hii-01.png  used on input line 263.
(pdftex.def)             Requested size: 13.59386pt x 14.22636pt.

Overfull \hbox (1.46664pt too wide) has occurred while \output is active
[][][] [][][] 
 []

[72

]
File: /Users/dantopa/GitHub//latex-2025//global//graphics/logos/afrl-logo.png G
raphic file (type png)
<use /Users/dantopa/GitHub//latex-2025//global//graphics/logos/afrl-logo.png>
Package pdftex.def Info: /Users/dantopa/GitHub//latex-2025//global//graphics/lo
gos/afrl-logo.png  used on input line 278.
(pdftex.def)             Requested size: 43.77304pt x 14.22636pt.
File: /Users/dantopa/GitHub//latex-2025//global//graphics/logos/af-01.png Graph
ic file (type png)
<use /Users/dantopa/GitHub//latex-2025//global//graphics/logos/af-01.png>
Package pdftex.def Info: /Users/dantopa/GitHub//latex-2025//global//graphics/lo
gos/af-01.png  used on input line 278.
(pdftex.def)             Requested size: 14.84773pt x 13.08846pt.
File: /Users/dantopa/GitHub//latex-2025//global//graphics/logos/sf-best.png Gra
phic file (type png)
<use /Users/dantopa/GitHub//latex-2025//global//graphics/logos/sf-best.png>
Package pdftex.def Info: /Users/dantopa/GitHub//latex-2025//global//graphics/lo
gos/sf-best.png  used on input line 278.
(pdftex.def)             Requested size: 16.20306pt x 16.21828pt.
File: /Users/dantopa/GitHub//latex-2025//global//graphics/logos/hii-01.png Grap
hic file (type png)
<use /Users/dantopa/GitHub//latex-2025//global//graphics/logos/hii-01.png>
Package pdftex.def Info: /Users/dantopa/GitHub//latex-2025//global//graphics/lo
gos/hii-01.png  used on input line 278.
(pdftex.def)             Requested size: 13.59386pt x 14.22636pt.

Overfull \hbox (1.46664pt too wide) has occurred while \output is active
[][][] [][][] 
 []

[73

]
</Users/dantopa/GitHub//latex-2025//global//libs//book-covers//cover-parallel-c
++.png, id=2918, 830.10126pt x 1258.7025pt>
File: /Users/dantopa/GitHub//latex-2025//global//libs//book-covers//cover-paral
lel-c++.png Graphic file (type png)
<use /Users/dantopa/GitHub//latex-2025//global//libs//book-covers//cover-parall
el-c++.png>
Package pdftex.def Info: /Users/dantopa/GitHub//latex-2025//global//libs//book-
covers//cover-parallel-c++.png  used on input line 289.
(pdftex.def)             Requested size: 97.45457pt x 147.77411pt.
File: /Users/dantopa/GitHub//latex-2025//global//graphics/logos/afrl-logo.png G
raphic file (type png)
<use /Users/dantopa/GitHub//latex-2025//global//graphics/logos/afrl-logo.png>
Package pdftex.def Info: /Users/dantopa/GitHub//latex-2025//global//graphics/lo
gos/afrl-logo.png  used on input line 289.
(pdftex.def)             Requested size: 43.77304pt x 14.22636pt.
File: /Users/dantopa/GitHub//latex-2025//global//graphics/logos/af-01.png Graph
ic file (type png)
<use /Users/dantopa/GitHub//latex-2025//global//graphics/logos/af-01.png>
Package pdftex.def Info: /Users/dantopa/GitHub//latex-2025//global//graphics/lo
gos/af-01.png  used on input line 289.
(pdftex.def)             Requested size: 14.84773pt x 13.08846pt.
File: /Users/dantopa/GitHub//latex-2025//global//graphics/logos/sf-best.png Gra
phic file (type png)
<use /Users/dantopa/GitHub//latex-2025//global//graphics/logos/sf-best.png>
Package pdftex.def Info: /Users/dantopa/GitHub//latex-2025//global//graphics/lo
gos/sf-best.png  used on input line 289.
(pdftex.def)             Requested size: 16.20306pt x 16.21828pt.
File: /Users/dantopa/GitHub//latex-2025//global//graphics/logos/hii-01.png Grap
hic file (type png)
<use /Users/dantopa/GitHub//latex-2025//global//graphics/logos/hii-01.png>
Package pdftex.def Info: /Users/dantopa/GitHub//latex-2025//global//graphics/lo
gos/hii-01.png  used on input line 289.
(pdftex.def)             Requested size: 13.59386pt x 14.22636pt.

Overfull \hbox (1.46664pt too wide) has occurred while \output is active
[][][] [][][] 
 []

[74

 </Users/dantopa/GitHub//latex-2025//global//libs//book-covers//cover-parallel-
c++.png>]
\openout4 = `main-fortran-v-cpp.vrb'.

 (./main-fortran-v-cpp.vrb)
File: /Users/dantopa/GitHub//latex-2025//global//graphics/logos/afrl-logo.png G
raphic file (type png)
<use /Users/dantopa/GitHub//latex-2025//global//graphics/logos/afrl-logo.png>
Package pdftex.def Info: /Users/dantopa/GitHub//latex-2025//global//graphics/lo
gos/afrl-logo.png  used on input line 328.
(pdftex.def)             Requested size: 43.77304pt x 14.22636pt.
File: /Users/dantopa/GitHub//latex-2025//global//graphics/logos/af-01.png Graph
ic file (type png)
<use /Users/dantopa/GitHub//latex-2025//global//graphics/logos/af-01.png>
Package pdftex.def Info: /Users/dantopa/GitHub//latex-2025//global//graphics/lo
gos/af-01.png  used on input line 328.
(pdftex.def)             Requested size: 14.84773pt x 13.08846pt.
File: /Users/dantopa/GitHub//latex-2025//global//graphics/logos/sf-best.png Gra
phic file (type png)
<use /Users/dantopa/GitHub//latex-2025//global//graphics/logos/sf-best.png>
Package pdftex.def Info: /Users/dantopa/GitHub//latex-2025//global//graphics/lo
gos/sf-best.png  used on input line 328.
(pdftex.def)             Requested size: 16.20306pt x 16.21828pt.
File: /Users/dantopa/GitHub//latex-2025//global//graphics/logos/hii-01.png Grap
hic file (type png)
<use /Users/dantopa/GitHub//latex-2025//global//graphics/logos/hii-01.png>
Package pdftex.def Info: /Users/dantopa/GitHub//latex-2025//global//graphics/lo
gos/hii-01.png  used on input line 328.
(pdftex.def)             Requested size: 13.59386pt x 14.22636pt.

Overfull \hbox (1.46664pt too wide) has occurred while \output is active
[][][] [][][] 
 []

[75

]
File: /Users/dantopa/GitHub//latex-2025//global//graphics/logos/afrl-logo.png G
raphic file (type png)
<use /Users/dantopa/GitHub//latex-2025//global//graphics/logos/afrl-logo.png>
Package pdftex.def Info: /Users/dantopa/GitHub//latex-2025//global//graphics/lo
gos/afrl-logo.png  used on input line 328.
(pdftex.def)             Requested size: 43.77304pt x 14.22636pt.
File: /Users/dantopa/GitHub//latex-2025//global//graphics/logos/af-01.png Graph
ic file (type png)
<use /Users/dantopa/GitHub//latex-2025//global//graphics/logos/af-01.png>
Package pdftex.def Info: /Users/dantopa/GitHub//latex-2025//global//graphics/lo
gos/af-01.png  used on input line 328.
(pdftex.def)             Requested size: 14.84773pt x 13.08846pt.
File: /Users/dantopa/GitHub//latex-2025//global//graphics/logos/sf-best.png Gra
phic file (type png)
<use /Users/dantopa/GitHub//latex-2025//global//graphics/logos/sf-best.png>
Package pdftex.def Info: /Users/dantopa/GitHub//latex-2025//global//graphics/lo
gos/sf-best.png  used on input line 328.
(pdftex.def)             Requested size: 16.20306pt x 16.21828pt.
File: /Users/dantopa/GitHub//latex-2025//global//graphics/logos/hii-01.png Grap
hic file (type png)
<use /Users/dantopa/GitHub//latex-2025//global//graphics/logos/hii-01.png>
Package pdftex.def Info: /Users/dantopa/GitHub//latex-2025//global//graphics/lo
gos/hii-01.png  used on input line 328.
(pdftex.def)             Requested size: 13.59386pt x 14.22636pt.

Overfull \hbox (1.46664pt too wide) has occurred while \output is active
[][][] [][][] 
 []

[76


]
File: /Users/dantopa/GitHub//latex-2025//global//graphics/logos/afrl-logo.png G
raphic file (type png)
<use /Users/dantopa/GitHub//latex-2025//global//graphics/logos/afrl-logo.png>
Package pdftex.def Info: /Users/dantopa/GitHub//latex-2025//global//graphics/lo
gos/afrl-logo.png  used on input line 328.
(pdftex.def)             Requested size: 43.77304pt x 14.22636pt.
File: /Users/dantopa/GitHub//latex-2025//global//graphics/logos/af-01.png Graph
ic file (type png)
<use /Users/dantopa/GitHub//latex-2025//global//graphics/logos/af-01.png>
Package pdftex.def Info: /Users/dantopa/GitHub//latex-2025//global//graphics/lo
gos/af-01.png  used on input line 328.
(pdftex.def)             Requested size: 14.84773pt x 13.08846pt.
File: /Users/dantopa/GitHub//latex-2025//global//graphics/logos/sf-best.png Gra
phic file (type png)
<use /Users/dantopa/GitHub//latex-2025//global//graphics/logos/sf-best.png>
Package pdftex.def Info: /Users/dantopa/GitHub//latex-2025//global//graphics/lo
gos/sf-best.png  used on input line 328.
(pdftex.def)             Requested size: 16.20306pt x 16.21828pt.
File: /Users/dantopa/GitHub//latex-2025//global//graphics/logos/hii-01.png Grap
hic file (type png)
<use /Users/dantopa/GitHub//latex-2025//global//graphics/logos/hii-01.png>
Package pdftex.def Info: /Users/dantopa/GitHub//latex-2025//global//graphics/lo
gos/hii-01.png  used on input line 328.
(pdftex.def)             Requested size: 13.59386pt x 14.22636pt.

Overfull \hbox (1.46664pt too wide) has occurred while \output is active
[][][] [][][] 
 []

[77


]
</Users/dantopa/GitHub//latex-2025//global//libs//book-covers//cover-scientifc-
C++.jpg, id=3059, 295.1025pt x 446.66875pt>
File: /Users/dantopa/GitHub//latex-2025//global//libs//book-covers//cover-scien
tifc-C++.jpg Graphic file (type jpg)
<use /Users/dantopa/GitHub//latex-2025//global//libs//book-covers//cover-scient
ifc-C++.jpg>
Package pdftex.def Info: /Users/dantopa/GitHub//latex-2025//global//libs//book-
covers//cover-scientifc-C++.jpg  used on input line 356.
(pdftex.def)             Requested size: 97.63177pt x 147.77411pt.
File: /Users/dantopa/GitHub//latex-2025//global//graphics/logos/afrl-logo.png G
raphic file (type png)
<use /Users/dantopa/GitHub//latex-2025//global//graphics/logos/afrl-logo.png>
Package pdftex.def Info: /Users/dantopa/GitHub//latex-2025//global//graphics/lo
gos/afrl-logo.png  used on input line 356.
(pdftex.def)             Requested size: 43.77304pt x 14.22636pt.
File: /Users/dantopa/GitHub//latex-2025//global//graphics/logos/af-01.png Graph
ic file (type png)
<use /Users/dantopa/GitHub//latex-2025//global//graphics/logos/af-01.png>
Package pdftex.def Info: /Users/dantopa/GitHub//latex-2025//global//graphics/lo
gos/af-01.png  used on input line 356.
(pdftex.def)             Requested size: 14.84773pt x 13.08846pt.
File: /Users/dantopa/GitHub//latex-2025//global//graphics/logos/sf-best.png Gra
phic file (type png)
<use /Users/dantopa/GitHub//latex-2025//global//graphics/logos/sf-best.png>
Package pdftex.def Info: /Users/dantopa/GitHub//latex-2025//global//graphics/lo
gos/sf-best.png  used on input line 356.
(pdftex.def)             Requested size: 16.20306pt x 16.21828pt.
File: /Users/dantopa/GitHub//latex-2025//global//graphics/logos/hii-01.png Grap
hic file (type png)
<use /Users/dantopa/GitHub//latex-2025//global//graphics/logos/hii-01.png>
Package pdftex.def Info: /Users/dantopa/GitHub//latex-2025//global//graphics/lo
gos/hii-01.png  used on input line 356.
(pdftex.def)             Requested size: 13.59386pt x 14.22636pt.

Overfull \hbox (1.46664pt too wide) has occurred while \output is active
[][][] [][][] 
 []

[78

 </Users/dantopa/GitHub//latex-2025//global//libs//book-covers//cover-scientifc
-C++.jpg>]
</Users/dantopa/GitHub//latex-2025//pres/fortran-v-cpp//local//graphics//guide-
c++-01.png, id=3095, 1587.9325pt x 682.55pt>
File: /Users/dantopa/GitHub//latex-2025//pres/fortran-v-cpp//local//graphics//g
uide-c++-01.png Graphic file (type png)
<use /Users/dantopa/GitHub//latex-2025//pres/fortran-v-cpp//local//graphics//gu
ide-c++-01.png>
Package pdftex.def Info: /Users/dantopa/GitHub//latex-2025//pres/fortran-v-cpp/
/local//graphics//guide-c++-01.png  used on input line 367.
(pdftex.def)             Requested size: 307.28987pt x 132.08127pt.
File: /Users/dantopa/GitHub//latex-2025//global//graphics/logos/afrl-logo.png G
raphic file (type png)
<use /Users/dantopa/GitHub//latex-2025//global//graphics/logos/afrl-logo.png>
Package pdftex.def Info: /Users/dantopa/GitHub//latex-2025//global//graphics/lo
gos/afrl-logo.png  used on input line 367.
(pdftex.def)             Requested size: 43.77304pt x 14.22636pt.
File: /Users/dantopa/GitHub//latex-2025//global//graphics/logos/af-01.png Graph
ic file (type png)
<use /Users/dantopa/GitHub//latex-2025//global//graphics/logos/af-01.png>
Package pdftex.def Info: /Users/dantopa/GitHub//latex-2025//global//graphics/lo
gos/af-01.png  used on input line 367.
(pdftex.def)             Requested size: 14.84773pt x 13.08846pt.
File: /Users/dantopa/GitHub//latex-2025//global//graphics/logos/sf-best.png Gra
phic file (type png)
<use /Users/dantopa/GitHub//latex-2025//global//graphics/logos/sf-best.png>
Package pdftex.def Info: /Users/dantopa/GitHub//latex-2025//global//graphics/lo
gos/sf-best.png  used on input line 367.
(pdftex.def)             Requested size: 16.20306pt x 16.21828pt.
File: /Users/dantopa/GitHub//latex-2025//global//graphics/logos/hii-01.png Grap
hic file (type png)
<use /Users/dantopa/GitHub//latex-2025//global//graphics/logos/hii-01.png>
Package pdftex.def Info: /Users/dantopa/GitHub//latex-2025//global//graphics/lo
gos/hii-01.png  used on input line 367.
(pdftex.def)             Requested size: 13.59386pt x 14.22636pt.

Overfull \hbox (1.46664pt too wide) has occurred while \output is active
[][][] [][][] 
 []

[79

 </Users/dantopa/GitHub//latex-2025//pres/fortran-v-cpp//local//graphics//guide
-c++-01.png>]
File: /Users/dantopa/GitHub//latex-2025//global//graphics/logos/afrl-logo.png G
raphic file (type png)
<use /Users/dantopa/GitHub//latex-2025//global//graphics/logos/afrl-logo.png>
Package pdftex.def Info: /Users/dantopa/GitHub//latex-2025//global//graphics/lo
gos/afrl-logo.png  used on input line 380.
(pdftex.def)             Requested size: 43.77304pt x 14.22636pt.
File: /Users/dantopa/GitHub//latex-2025//global//graphics/logos/af-01.png Graph
ic file (type png)
<use /Users/dantopa/GitHub//latex-2025//global//graphics/logos/af-01.png>
Package pdftex.def Info: /Users/dantopa/GitHub//latex-2025//global//graphics/lo
gos/af-01.png  used on input line 380.
(pdftex.def)             Requested size: 14.84773pt x 13.08846pt.
File: /Users/dantopa/GitHub//latex-2025//global//graphics/logos/sf-best.png Gra
phic file (type png)
<use /Users/dantopa/GitHub//latex-2025//global//graphics/logos/sf-best.png>
Package pdftex.def Info: /Users/dantopa/GitHub//latex-2025//global//graphics/lo
gos/sf-best.png  used on input line 380.
(pdftex.def)             Requested size: 16.20306pt x 16.21828pt.
File: /Users/dantopa/GitHub//latex-2025//global//graphics/logos/hii-01.png Grap
hic file (type png)
<use /Users/dantopa/GitHub//latex-2025//global//graphics/logos/hii-01.png>
Package pdftex.def Info: /Users/dantopa/GitHub//latex-2025//global//graphics/lo
gos/hii-01.png  used on input line 380.
(pdftex.def)             Requested size: 13.59386pt x 14.22636pt.

Overfull \hbox (1.46664pt too wide) has occurred while \output is active
[][][] [][][] 
 []

[80

]
</Users/dantopa/GitHub//latex-2025//pres/fortran-v-cpp//local//graphics//guide-
c++-first.png, id=3173, 1591.9475pt x 732.7375pt>
File: /Users/dantopa/GitHub//latex-2025//pres/fortran-v-cpp//local//graphics//g
uide-c++-first.png Graphic file (type png)
<use /Users/dantopa/GitHub//latex-2025//pres/fortran-v-cpp//local//graphics//gu
ide-c++-first.png>
Package pdftex.def Info: /Users/dantopa/GitHub//latex-2025//pres/fortran-v-cpp/
/local//graphics//guide-c++-first.png  used on input line 390.
(pdftex.def)             Requested size: 307.28987pt x 141.43533pt.
File: /Users/dantopa/GitHub//latex-2025//global//graphics/logos/afrl-logo.png G
raphic file (type png)
<use /Users/dantopa/GitHub//latex-2025//global//graphics/logos/afrl-logo.png>
Package pdftex.def Info: /Users/dantopa/GitHub//latex-2025//global//graphics/lo
gos/afrl-logo.png  used on input line 390.
(pdftex.def)             Requested size: 43.77304pt x 14.22636pt.
File: /Users/dantopa/GitHub//latex-2025//global//graphics/logos/af-01.png Graph
ic file (type png)
<use /Users/dantopa/GitHub//latex-2025//global//graphics/logos/af-01.png>
Package pdftex.def Info: /Users/dantopa/GitHub//latex-2025//global//graphics/lo
gos/af-01.png  used on input line 390.
(pdftex.def)             Requested size: 14.84773pt x 13.08846pt.
File: /Users/dantopa/GitHub//latex-2025//global//graphics/logos/sf-best.png Gra
phic file (type png)
<use /Users/dantopa/GitHub//latex-2025//global//graphics/logos/sf-best.png>
Package pdftex.def Info: /Users/dantopa/GitHub//latex-2025//global//graphics/lo
gos/sf-best.png  used on input line 390.
(pdftex.def)             Requested size: 16.20306pt x 16.21828pt.
File: /Users/dantopa/GitHub//latex-2025//global//graphics/logos/hii-01.png Grap
hic file (type png)
<use /Users/dantopa/GitHub//latex-2025//global//graphics/logos/hii-01.png>
Package pdftex.def Info: /Users/dantopa/GitHub//latex-2025//global//graphics/lo
gos/hii-01.png  used on input line 390.
(pdftex.def)             Requested size: 13.59386pt x 14.22636pt.

Overfull \hbox (1.46664pt too wide) has occurred while \output is active
[][][] [][][] 
 []

[81

 </Users/dantopa/GitHub//latex-2025//pres/fortran-v-cpp//local//graphics//guide
-c++-first.png>]
</Users/dantopa/GitHub//latex-2025//pres/fortran-v-cpp//local//graphics//guide-
c++-second.png, id=3213, 1577.895pt x 339.2675pt>
File: /Users/dantopa/GitHub//latex-2025//pres/fortran-v-cpp//local//graphics//g
uide-c++-second.png Graphic file (type png)
<use /Users/dantopa/GitHub//latex-2025//pres/fortran-v-cpp//local//graphics//gu
ide-c++-second.png>
Package pdftex.def Info: /Users/dantopa/GitHub//latex-2025//pres/fortran-v-cpp/
/local//graphics//guide-c++-second.png  used on input line 400.
(pdftex.def)             Requested size: 307.28987pt x 66.07147pt.
File: /Users/dantopa/GitHub//latex-2025//global//graphics/logos/afrl-logo.png G
raphic file (type png)
<use /Users/dantopa/GitHub//latex-2025//global//graphics/logos/afrl-logo.png>
Package pdftex.def Info: /Users/dantopa/GitHub//latex-2025//global//graphics/lo
gos/afrl-logo.png  used on input line 400.
(pdftex.def)             Requested size: 43.77304pt x 14.22636pt.
File: /Users/dantopa/GitHub//latex-2025//global//graphics/logos/af-01.png Graph
ic file (type png)
<use /Users/dantopa/GitHub//latex-2025//global//graphics/logos/af-01.png>
Package pdftex.def Info: /Users/dantopa/GitHub//latex-2025//global//graphics/lo
gos/af-01.png  used on input line 400.
(pdftex.def)             Requested size: 14.84773pt x 13.08846pt.
File: /Users/dantopa/GitHub//latex-2025//global//graphics/logos/sf-best.png Gra
phic file (type png)
<use /Users/dantopa/GitHub//latex-2025//global//graphics/logos/sf-best.png>
Package pdftex.def Info: /Users/dantopa/GitHub//latex-2025//global//graphics/lo
gos/sf-best.png  used on input line 400.
(pdftex.def)             Requested size: 16.20306pt x 16.21828pt.
File: /Users/dantopa/GitHub//latex-2025//global//graphics/logos/hii-01.png Grap
hic file (type png)
<use /Users/dantopa/GitHub//latex-2025//global//graphics/logos/hii-01.png>
Package pdftex.def Info: /Users/dantopa/GitHub//latex-2025//global//graphics/lo
gos/hii-01.png  used on input line 400.
(pdftex.def)             Requested size: 13.59386pt x 14.22636pt.

Overfull \hbox (1.46664pt too wide) has occurred while \output is active
[][][] [][][] 
 []

[82

 </Users/dantopa/GitHub//latex-2025//pres/fortran-v-cpp//local//graphics//guide
-c++-second.png>]
</Users/dantopa/GitHub//latex-2025//pres/fortran-v-cpp//local//graphics//guide-
c++-third.png, id=3253, 1563.8425pt x 614.295pt>
File: /Users/dantopa/GitHub//latex-2025//pres/fortran-v-cpp//local//graphics//g
uide-c++-third.png Graphic file (type png)
<use /Users/dantopa/GitHub//latex-2025//pres/fortran-v-cpp//local//graphics//gu
ide-c++-third.png>
Package pdftex.def Info: /Users/dantopa/GitHub//latex-2025//pres/fortran-v-cpp/
/local//graphics//guide-c++-third.png  used on input line 410.
(pdftex.def)             Requested size: 307.28987pt x 120.70094pt.
File: /Users/dantopa/GitHub//latex-2025//global//graphics/logos/afrl-logo.png G
raphic file (type png)
<use /Users/dantopa/GitHub//latex-2025//global//graphics/logos/afrl-logo.png>
Package pdftex.def Info: /Users/dantopa/GitHub//latex-2025//global//graphics/lo
gos/afrl-logo.png  used on input line 410.
(pdftex.def)             Requested size: 43.77304pt x 14.22636pt.
File: /Users/dantopa/GitHub//latex-2025//global//graphics/logos/af-01.png Graph
ic file (type png)
<use /Users/dantopa/GitHub//latex-2025//global//graphics/logos/af-01.png>
Package pdftex.def Info: /Users/dantopa/GitHub//latex-2025//global//graphics/lo
gos/af-01.png  used on input line 410.
(pdftex.def)             Requested size: 14.84773pt x 13.08846pt.
File: /Users/dantopa/GitHub//latex-2025//global//graphics/logos/sf-best.png Gra
phic file (type png)
<use /Users/dantopa/GitHub//latex-2025//global//graphics/logos/sf-best.png>
Package pdftex.def Info: /Users/dantopa/GitHub//latex-2025//global//graphics/lo
gos/sf-best.png  used on input line 410.
(pdftex.def)             Requested size: 16.20306pt x 16.21828pt.
File: /Users/dantopa/GitHub//latex-2025//global//graphics/logos/hii-01.png Grap
hic file (type png)
<use /Users/dantopa/GitHub//latex-2025//global//graphics/logos/hii-01.png>
Package pdftex.def Info: /Users/dantopa/GitHub//latex-2025//global//graphics/lo
gos/hii-01.png  used on input line 410.
(pdftex.def)             Requested size: 13.59386pt x 14.22636pt.

Overfull \hbox (1.46664pt too wide) has occurred while \output is active
[][][] [][][] 
 []

[83

 </Users/dantopa/GitHub//latex-2025//pres/fortran-v-cpp//local//graphics//guide
-c++-third.png>]
</Users/dantopa/GitHub//latex-2025//pres/fortran-v-cpp//local//graphics//guide-
c++-fourth.png, id=3294, 1569.865pt x 339.2675pt>
File: /Users/dantopa/GitHub//latex-2025//pres/fortran-v-cpp//local//graphics//g
uide-c++-fourth.png Graphic file (type png)
<use /Users/dantopa/GitHub//latex-2025//pres/fortran-v-cpp//local//graphics//gu
ide-c++-fourth.png>
Package pdftex.def Info: /Users/dantopa/GitHub//latex-2025//pres/fortran-v-cpp/
/local//graphics//guide-c++-fourth.png  used on input line 420.
(pdftex.def)             Requested size: 307.28987pt x 66.40796pt.
File: /Users/dantopa/GitHub//latex-2025//global//graphics/logos/afrl-logo.png G
raphic file (type png)
<use /Users/dantopa/GitHub//latex-2025//global//graphics/logos/afrl-logo.png>
Package pdftex.def Info: /Users/dantopa/GitHub//latex-2025//global//graphics/lo
gos/afrl-logo.png  used on input line 420.
(pdftex.def)             Requested size: 43.77304pt x 14.22636pt.
File: /Users/dantopa/GitHub//latex-2025//global//graphics/logos/af-01.png Graph
ic file (type png)
<use /Users/dantopa/GitHub//latex-2025//global//graphics/logos/af-01.png>
Package pdftex.def Info: /Users/dantopa/GitHub//latex-2025//global//graphics/lo
gos/af-01.png  used on input line 420.
(pdftex.def)             Requested size: 14.84773pt x 13.08846pt.
File: /Users/dantopa/GitHub//latex-2025//global//graphics/logos/sf-best.png Gra
phic file (type png)
<use /Users/dantopa/GitHub//latex-2025//global//graphics/logos/sf-best.png>
Package pdftex.def Info: /Users/dantopa/GitHub//latex-2025//global//graphics/lo
gos/sf-best.png  used on input line 420.
(pdftex.def)             Requested size: 16.20306pt x 16.21828pt.
File: /Users/dantopa/GitHub//latex-2025//global//graphics/logos/hii-01.png Grap
hic file (type png)
<use /Users/dantopa/GitHub//latex-2025//global//graphics/logos/hii-01.png>
Package pdftex.def Info: /Users/dantopa/GitHub//latex-2025//global//graphics/lo
gos/hii-01.png  used on input line 420.
(pdftex.def)             Requested size: 13.59386pt x 14.22636pt.

Overfull \hbox (1.46664pt too wide) has occurred while \output is active
[][][] [][][] 
 []

[84

 </Users/dantopa/GitHub//latex-2025//pres/fortran-v-cpp//local//graphics//guide
-c++-fourth.png>]
</Users/dantopa/GitHub//latex-2025//pres/fortran-v-cpp//local//graphics//guide-
c++-final.png, id=3334, 1567.8575pt x 216.81pt>
File: /Users/dantopa/GitHub//latex-2025//pres/fortran-v-cpp//local//graphics//g
uide-c++-final.png Graphic file (type png)
<use /Users/dantopa/GitHub//latex-2025//pres/fortran-v-cpp//local//graphics//gu
ide-c++-final.png>
Package pdftex.def Info: /Users/dantopa/GitHub//latex-2025//pres/fortran-v-cpp/
/local//graphics//guide-c++-final.png  used on input line 430.
(pdftex.def)             Requested size: 307.28987pt x 42.49115pt.
File: /Users/dantopa/GitHub//latex-2025//global//graphics/logos/afrl-logo.png G
raphic file (type png)
<use /Users/dantopa/GitHub//latex-2025//global//graphics/logos/afrl-logo.png>
Package pdftex.def Info: /Users/dantopa/GitHub//latex-2025//global//graphics/lo
gos/afrl-logo.png  used on input line 430.
(pdftex.def)             Requested size: 43.77304pt x 14.22636pt.
File: /Users/dantopa/GitHub//latex-2025//global//graphics/logos/af-01.png Graph
ic file (type png)
<use /Users/dantopa/GitHub//latex-2025//global//graphics/logos/af-01.png>
Package pdftex.def Info: /Users/dantopa/GitHub//latex-2025//global//graphics/lo
gos/af-01.png  used on input line 430.
(pdftex.def)             Requested size: 14.84773pt x 13.08846pt.
File: /Users/dantopa/GitHub//latex-2025//global//graphics/logos/sf-best.png Gra
phic file (type png)
<use /Users/dantopa/GitHub//latex-2025//global//graphics/logos/sf-best.png>
Package pdftex.def Info: /Users/dantopa/GitHub//latex-2025//global//graphics/lo
gos/sf-best.png  used on input line 430.
(pdftex.def)             Requested size: 16.20306pt x 16.21828pt.
File: /Users/dantopa/GitHub//latex-2025//global//graphics/logos/hii-01.png Grap
hic file (type png)
<use /Users/dantopa/GitHub//latex-2025//global//graphics/logos/hii-01.png>
Package pdftex.def Info: /Users/dantopa/GitHub//latex-2025//global//graphics/lo
gos/hii-01.png  used on input line 430.
(pdftex.def)             Requested size: 13.59386pt x 14.22636pt.

Overfull \hbox (1.46664pt too wide) has occurred while \output is active
[][][] [][][] 
 []

[85

 </Users/dantopa/GitHub//latex-2025//pres/fortran-v-cpp//local//graphics//guide
-c++-final.png>]
File: /Users/dantopa/GitHub//latex-2025//global//graphics/logos/afrl-logo.png G
raphic file (type png)
<use /Users/dantopa/GitHub//latex-2025//global//graphics/logos/afrl-logo.png>
Package pdftex.def Info: /Users/dantopa/GitHub//latex-2025//global//graphics/lo
gos/afrl-logo.png  used on input line 440.
(pdftex.def)             Requested size: 43.77304pt x 14.22636pt.
File: /Users/dantopa/GitHub//latex-2025//global//graphics/logos/af-01.png Graph
ic file (type png)
<use /Users/dantopa/GitHub//latex-2025//global//graphics/logos/af-01.png>
Package pdftex.def Info: /Users/dantopa/GitHub//latex-2025//global//graphics/lo
gos/af-01.png  used on input line 440.
(pdftex.def)             Requested size: 14.84773pt x 13.08846pt.
File: /Users/dantopa/GitHub//latex-2025//global//graphics/logos/sf-best.png Gra
phic file (type png)
<use /Users/dantopa/GitHub//latex-2025//global//graphics/logos/sf-best.png>
Package pdftex.def Info: /Users/dantopa/GitHub//latex-2025//global//graphics/lo
gos/sf-best.png  used on input line 440.
(pdftex.def)             Requested size: 16.20306pt x 16.21828pt.
File: /Users/dantopa/GitHub//latex-2025//global//graphics/logos/hii-01.png Grap
hic file (type png)
<use /Users/dantopa/GitHub//latex-2025//global//graphics/logos/hii-01.png>
Package pdftex.def Info: /Users/dantopa/GitHub//latex-2025//global//graphics/lo
gos/hii-01.png  used on input line 440.
(pdftex.def)             Requested size: 13.59386pt x 14.22636pt.

Overfull \hbox (1.46664pt too wide) has occurred while \output is active
[][][] [][][] 
 []

[86

]
</Users/dantopa/GitHub//latex-2025//pres/fortran-v-cpp//local//graphics//guide-
c++-no-01.png, id=3411, 1577.895pt x 628.3475pt>
File: /Users/dantopa/GitHub//latex-2025//pres/fortran-v-cpp//local//graphics//g
uide-c++-no-01.png Graphic file (type png)
<use /Users/dantopa/GitHub//latex-2025//pres/fortran-v-cpp//local//graphics//gu
ide-c++-no-01.png>
Package pdftex.def Info: /Users/dantopa/GitHub//latex-2025//pres/fortran-v-cpp/
/local//graphics//guide-c++-no-01.png  used on input line 453.
(pdftex.def)             Requested size: 307.28987pt x 122.36906pt.
File: /Users/dantopa/GitHub//latex-2025//global//graphics/logos/afrl-logo.png G
raphic file (type png)
<use /Users/dantopa/GitHub//latex-2025//global//graphics/logos/afrl-logo.png>
Package pdftex.def Info: /Users/dantopa/GitHub//latex-2025//global//graphics/lo
gos/afrl-logo.png  used on input line 453.
(pdftex.def)             Requested size: 43.77304pt x 14.22636pt.
File: /Users/dantopa/GitHub//latex-2025//global//graphics/logos/af-01.png Graph
ic file (type png)
<use /Users/dantopa/GitHub//latex-2025//global//graphics/logos/af-01.png>
Package pdftex.def Info: /Users/dantopa/GitHub//latex-2025//global//graphics/lo
gos/af-01.png  used on input line 453.
(pdftex.def)             Requested size: 14.84773pt x 13.08846pt.
File: /Users/dantopa/GitHub//latex-2025//global//graphics/logos/sf-best.png Gra
phic file (type png)
<use /Users/dantopa/GitHub//latex-2025//global//graphics/logos/sf-best.png>
Package pdftex.def Info: /Users/dantopa/GitHub//latex-2025//global//graphics/lo
gos/sf-best.png  used on input line 453.
(pdftex.def)             Requested size: 16.20306pt x 16.21828pt.
File: /Users/dantopa/GitHub//latex-2025//global//graphics/logos/hii-01.png Grap
hic file (type png)
<use /Users/dantopa/GitHub//latex-2025//global//graphics/logos/hii-01.png>
Package pdftex.def Info: /Users/dantopa/GitHub//latex-2025//global//graphics/lo
gos/hii-01.png  used on input line 453.
(pdftex.def)             Requested size: 13.59386pt x 14.22636pt.

Overfull \hbox (1.46664pt too wide) has occurred while \output is active
[][][] [][][] 
 []

[87

 </Users/dantopa/GitHub//latex-2025//pres/fortran-v-cpp//local//graphics//guide
-c++-no-01.png>]
</Users/dantopa/GitHub//latex-2025//pres/fortran-v-cpp//local//graphics//guide-
c++-no-02.png, id=3451, 1567.8575pt x 226.8475pt>
File: /Users/dantopa/GitHub//latex-2025//pres/fortran-v-cpp//local//graphics//g
uide-c++-no-02.png Graphic file (type png)
<use /Users/dantopa/GitHub//latex-2025//pres/fortran-v-cpp//local//graphics//gu
ide-c++-no-02.png>
Package pdftex.def Info: /Users/dantopa/GitHub//latex-2025//pres/fortran-v-cpp/
/local//graphics//guide-c++-no-02.png  used on input line 463.
(pdftex.def)             Requested size: 307.28987pt x 44.45834pt.
File: /Users/dantopa/GitHub//latex-2025//global//graphics/logos/afrl-logo.png G
raphic file (type png)
<use /Users/dantopa/GitHub//latex-2025//global//graphics/logos/afrl-logo.png>
Package pdftex.def Info: /Users/dantopa/GitHub//latex-2025//global//graphics/lo
gos/afrl-logo.png  used on input line 463.
(pdftex.def)             Requested size: 43.77304pt x 14.22636pt.
File: /Users/dantopa/GitHub//latex-2025//global//graphics/logos/af-01.png Graph
ic file (type png)
<use /Users/dantopa/GitHub//latex-2025//global//graphics/logos/af-01.png>
Package pdftex.def Info: /Users/dantopa/GitHub//latex-2025//global//graphics/lo
gos/af-01.png  used on input line 463.
(pdftex.def)             Requested size: 14.84773pt x 13.08846pt.
File: /Users/dantopa/GitHub//latex-2025//global//graphics/logos/sf-best.png Gra
phic file (type png)
<use /Users/dantopa/GitHub//latex-2025//global//graphics/logos/sf-best.png>
Package pdftex.def Info: /Users/dantopa/GitHub//latex-2025//global//graphics/lo
gos/sf-best.png  used on input line 463.
(pdftex.def)             Requested size: 16.20306pt x 16.21828pt.
File: /Users/dantopa/GitHub//latex-2025//global//graphics/logos/hii-01.png Grap
hic file (type png)
<use /Users/dantopa/GitHub//latex-2025//global//graphics/logos/hii-01.png>
Package pdftex.def Info: /Users/dantopa/GitHub//latex-2025//global//graphics/lo
gos/hii-01.png  used on input line 463.
(pdftex.def)             Requested size: 13.59386pt x 14.22636pt.

Overfull \hbox (1.46664pt too wide) has occurred while \output is active
[][][] [][][] 
 []

[88

 </Users/dantopa/GitHub//latex-2025//pres/fortran-v-cpp//local//graphics//guide
-c++-no-02.png>])
(/Users/dantopa/GitHub//latex-2025//pres/fortran-v-cpp//sections/sec-parallel-c
++.tex
 !! CONTENT SETUP !! /Users/dantopa/GitHub//latex-2025//pres/fortran-v-cpp//sec
tions/"sec-parallel-c++.tex"
File: /Users/dantopa/GitHub//latex-2025//global//graphics/logos/afrl-logo.png G
raphic file (type png)
<use /Users/dantopa/GitHub//latex-2025//global//graphics/logos/afrl-logo.png>
Package pdftex.def Info: /Users/dantopa/GitHub//latex-2025//global//graphics/lo
gos/afrl-logo.png  used on input line 14.
(pdftex.def)             Requested size: 43.77304pt x 14.22636pt.
File: /Users/dantopa/GitHub//latex-2025//global//graphics/logos/af-01.png Graph
ic file (type png)
<use /Users/dantopa/GitHub//latex-2025//global//graphics/logos/af-01.png>
Package pdftex.def Info: /Users/dantopa/GitHub//latex-2025//global//graphics/lo
gos/af-01.png  used on input line 14.
(pdftex.def)             Requested size: 14.84773pt x 13.08846pt.
File: /Users/dantopa/GitHub//latex-2025//global//graphics/logos/sf-best.png Gra
phic file (type png)
<use /Users/dantopa/GitHub//latex-2025//global//graphics/logos/sf-best.png>
Package pdftex.def Info: /Users/dantopa/GitHub//latex-2025//global//graphics/lo
gos/sf-best.png  used on input line 14.
(pdftex.def)             Requested size: 16.20306pt x 16.21828pt.
File: /Users/dantopa/GitHub//latex-2025//global//graphics/logos/hii-01.png Grap
hic file (type png)
<use /Users/dantopa/GitHub//latex-2025//global//graphics/logos/hii-01.png>
Package pdftex.def Info: /Users/dantopa/GitHub//latex-2025//global//graphics/lo
gos/hii-01.png  used on input line 14.
(pdftex.def)             Requested size: 13.59386pt x 14.22636pt.

Overfull \hbox (1.46664pt too wide) has occurred while \output is active
[][][] [][][] 
 []

[89

]
Overfull \hbox (64.94617pt too wide) in paragraph at lines 37--37
[][]  
 []

File: /Users/dantopa/GitHub//latex-2025//global//graphics/logos/afrl-logo.png G
raphic file (type png)
<use /Users/dantopa/GitHub//latex-2025//global//graphics/logos/afrl-logo.png>
Package pdftex.def Info: /Users/dantopa/GitHub//latex-2025//global//graphics/lo
gos/afrl-logo.png  used on input line 37.
(pdftex.def)             Requested size: 43.77304pt x 14.22636pt.
File: /Users/dantopa/GitHub//latex-2025//global//graphics/logos/af-01.png Graph
ic file (type png)
<use /Users/dantopa/GitHub//latex-2025//global//graphics/logos/af-01.png>
Package pdftex.def Info: /Users/dantopa/GitHub//latex-2025//global//graphics/lo
gos/af-01.png  used on input line 37.
(pdftex.def)             Requested size: 14.84773pt x 13.08846pt.
File: /Users/dantopa/GitHub//latex-2025//global//graphics/logos/sf-best.png Gra
phic file (type png)
<use /Users/dantopa/GitHub//latex-2025//global//graphics/logos/sf-best.png>
Package pdftex.def Info: /Users/dantopa/GitHub//latex-2025//global//graphics/lo
gos/sf-best.png  used on input line 37.
(pdftex.def)             Requested size: 16.20306pt x 16.21828pt.
File: /Users/dantopa/GitHub//latex-2025//global//graphics/logos/hii-01.png Grap
hic file (type png)
<use /Users/dantopa/GitHub//latex-2025//global//graphics/logos/hii-01.png>
Package pdftex.def Info: /Users/dantopa/GitHub//latex-2025//global//graphics/lo
gos/hii-01.png  used on input line 37.
(pdftex.def)             Requested size: 13.59386pt x 14.22636pt.

Overfull \hbox (1.46664pt too wide) has occurred while \output is active
[][][] [][][] 
 []

[90

]
</Users/dantopa/GitHub//latex-2025//pres/fortran-v-cpp//local//graphics//Lagrav
iere-01.pdf, id=3565, 872.25874pt x 345.29pt>
File: /Users/dantopa/GitHub//latex-2025//pres/fortran-v-cpp//local//graphics//L
agraviere-01.pdf Graphic file (type pdf)
<use /Users/dantopa/GitHub//latex-2025//pres/fortran-v-cpp//local//graphics//La
graviere-01.pdf>
Package pdftex.def Info: /Users/dantopa/GitHub//latex-2025//pres/fortran-v-cpp/
/local//graphics//Lagraviere-01.pdf  used on input line 50.
(pdftex.def)             Requested size: 307.28987pt x 121.6436pt.
File: /Users/dantopa/GitHub//latex-2025//global//graphics/logos/afrl-logo.png G
raphic file (type png)
<use /Users/dantopa/GitHub//latex-2025//global//graphics/logos/afrl-logo.png>
Package pdftex.def Info: /Users/dantopa/GitHub//latex-2025//global//graphics/lo
gos/afrl-logo.png  used on input line 50.
(pdftex.def)             Requested size: 43.77304pt x 14.22636pt.
File: /Users/dantopa/GitHub//latex-2025//global//graphics/logos/af-01.png Graph
ic file (type png)
<use /Users/dantopa/GitHub//latex-2025//global//graphics/logos/af-01.png>
Package pdftex.def Info: /Users/dantopa/GitHub//latex-2025//global//graphics/lo
gos/af-01.png  used on input line 50.
(pdftex.def)             Requested size: 14.84773pt x 13.08846pt.
File: /Users/dantopa/GitHub//latex-2025//global//graphics/logos/sf-best.png Gra
phic file (type png)
<use /Users/dantopa/GitHub//latex-2025//global//graphics/logos/sf-best.png>
Package pdftex.def Info: /Users/dantopa/GitHub//latex-2025//global//graphics/lo
gos/sf-best.png  used on input line 50.
(pdftex.def)             Requested size: 16.20306pt x 16.21828pt.
File: /Users/dantopa/GitHub//latex-2025//global//graphics/logos/hii-01.png Grap
hic file (type png)
<use /Users/dantopa/GitHub//latex-2025//global//graphics/logos/hii-01.png>
Package pdftex.def Info: /Users/dantopa/GitHub//latex-2025//global//graphics/lo
gos/hii-01.png  used on input line 50.
(pdftex.def)             Requested size: 13.59386pt x 14.22636pt.

Overfull \hbox (1.46664pt too wide) has occurred while \output is active
[][][] [][][] 
 []

[91

 </Users/dantopa/GitHub//latex-2025//pres/fortran-v-cpp//local//graphics//Lagra
viere-01.pdf>]
File: /Users/dantopa/GitHub//latex-2025//global//libs//book-covers//cover-paral
lel-c++.png Graphic file (type png)
<use /Users/dantopa/GitHub//latex-2025//global//libs//book-covers//cover-parall
el-c++.png>
Package pdftex.def Info: /Users/dantopa/GitHub//latex-2025//global//libs//book-
covers//cover-parallel-c++.png  used on input line 66.
(pdftex.def)             Requested size: 97.45457pt x 147.77411pt.
File: /Users/dantopa/GitHub//latex-2025//global//graphics/logos/afrl-logo.png G
raphic file (type png)
<use /Users/dantopa/GitHub//latex-2025//global//graphics/logos/afrl-logo.png>
Package pdftex.def Info: /Users/dantopa/GitHub//latex-2025//global//graphics/lo
gos/afrl-logo.png  used on input line 66.
(pdftex.def)             Requested size: 43.77304pt x 14.22636pt.
File: /Users/dantopa/GitHub//latex-2025//global//graphics/logos/af-01.png Graph
ic file (type png)
<use /Users/dantopa/GitHub//latex-2025//global//graphics/logos/af-01.png>
Package pdftex.def Info: /Users/dantopa/GitHub//latex-2025//global//graphics/lo
gos/af-01.png  used on input line 66.
(pdftex.def)             Requested size: 14.84773pt x 13.08846pt.
File: /Users/dantopa/GitHub//latex-2025//global//graphics/logos/sf-best.png Gra
phic file (type png)
<use /Users/dantopa/GitHub//latex-2025//global//graphics/logos/sf-best.png>
Package pdftex.def Info: /Users/dantopa/GitHub//latex-2025//global//graphics/lo
gos/sf-best.png  used on input line 66.
(pdftex.def)             Requested size: 16.20306pt x 16.21828pt.
File: /Users/dantopa/GitHub//latex-2025//global//graphics/logos/hii-01.png Grap
hic file (type png)
<use /Users/dantopa/GitHub//latex-2025//global//graphics/logos/hii-01.png>
Package pdftex.def Info: /Users/dantopa/GitHub//latex-2025//global//graphics/lo
gos/hii-01.png  used on input line 66.
(pdftex.def)             Requested size: 13.59386pt x 14.22636pt.

Overfull \hbox (1.46664pt too wide) has occurred while \output is active
[][][] [][][] 
 []

[92

]
\openout4 = `main-fortran-v-cpp.vrb'.

 (./main-fortran-v-cpp.vrb)
File: /Users/dantopa/GitHub//latex-2025//global//graphics/logos/afrl-logo.png G
raphic file (type png)
<use /Users/dantopa/GitHub//latex-2025//global//graphics/logos/afrl-logo.png>
Package pdftex.def Info: /Users/dantopa/GitHub//latex-2025//global//graphics/lo
gos/afrl-logo.png  used on input line 105.
(pdftex.def)             Requested size: 43.77304pt x 14.22636pt.
File: /Users/dantopa/GitHub//latex-2025//global//graphics/logos/af-01.png Graph
ic file (type png)
<use /Users/dantopa/GitHub//latex-2025//global//graphics/logos/af-01.png>
Package pdftex.def Info: /Users/dantopa/GitHub//latex-2025//global//graphics/lo
gos/af-01.png  used on input line 105.
(pdftex.def)             Requested size: 14.84773pt x 13.08846pt.
File: /Users/dantopa/GitHub//latex-2025//global//graphics/logos/sf-best.png Gra
phic file (type png)
<use /Users/dantopa/GitHub//latex-2025//global//graphics/logos/sf-best.png>
Package pdftex.def Info: /Users/dantopa/GitHub//latex-2025//global//graphics/lo
gos/sf-best.png  used on input line 105.
(pdftex.def)             Requested size: 16.20306pt x 16.21828pt.
File: /Users/dantopa/GitHub//latex-2025//global//graphics/logos/hii-01.png Grap
hic file (type png)
<use /Users/dantopa/GitHub//latex-2025//global//graphics/logos/hii-01.png>
Package pdftex.def Info: /Users/dantopa/GitHub//latex-2025//global//graphics/lo
gos/hii-01.png  used on input line 105.
(pdftex.def)             Requested size: 13.59386pt x 14.22636pt.

Overfull \hbox (1.46664pt too wide) has occurred while \output is active
[][][] [][][] 
 []

[93

]
File: /Users/dantopa/GitHub//latex-2025//global//graphics/logos/afrl-logo.png G
raphic file (type png)
<use /Users/dantopa/GitHub//latex-2025//global//graphics/logos/afrl-logo.png>
Package pdftex.def Info: /Users/dantopa/GitHub//latex-2025//global//graphics/lo
gos/afrl-logo.png  used on input line 105.
(pdftex.def)             Requested size: 43.77304pt x 14.22636pt.
File: /Users/dantopa/GitHub//latex-2025//global//graphics/logos/af-01.png Graph
ic file (type png)
<use /Users/dantopa/GitHub//latex-2025//global//graphics/logos/af-01.png>
Package pdftex.def Info: /Users/dantopa/GitHub//latex-2025//global//graphics/lo
gos/af-01.png  used on input line 105.
(pdftex.def)             Requested size: 14.84773pt x 13.08846pt.
File: /Users/dantopa/GitHub//latex-2025//global//graphics/logos/sf-best.png Gra
phic file (type png)
<use /Users/dantopa/GitHub//latex-2025//global//graphics/logos/sf-best.png>
Package pdftex.def Info: /Users/dantopa/GitHub//latex-2025//global//graphics/lo
gos/sf-best.png  used on input line 105.
(pdftex.def)             Requested size: 16.20306pt x 16.21828pt.
File: /Users/dantopa/GitHub//latex-2025//global//graphics/logos/hii-01.png Grap
hic file (type png)
<use /Users/dantopa/GitHub//latex-2025//global//graphics/logos/hii-01.png>
Package pdftex.def Info: /Users/dantopa/GitHub//latex-2025//global//graphics/lo
gos/hii-01.png  used on input line 105.
(pdftex.def)             Requested size: 13.59386pt x 14.22636pt.

Overfull \hbox (1.46664pt too wide) has occurred while \output is active
[][][] [][][] 
 []

[94


]
File: /Users/dantopa/GitHub//latex-2025//global//graphics/logos/afrl-logo.png G
raphic file (type png)
<use /Users/dantopa/GitHub//latex-2025//global//graphics/logos/afrl-logo.png>
Package pdftex.def Info: /Users/dantopa/GitHub//latex-2025//global//graphics/lo
gos/afrl-logo.png  used on input line 105.
(pdftex.def)             Requested size: 43.77304pt x 14.22636pt.
File: /Users/dantopa/GitHub//latex-2025//global//graphics/logos/af-01.png Graph
ic file (type png)
<use /Users/dantopa/GitHub//latex-2025//global//graphics/logos/af-01.png>
Package pdftex.def Info: /Users/dantopa/GitHub//latex-2025//global//graphics/lo
gos/af-01.png  used on input line 105.
(pdftex.def)             Requested size: 14.84773pt x 13.08846pt.
File: /Users/dantopa/GitHub//latex-2025//global//graphics/logos/sf-best.png Gra
phic file (type png)
<use /Users/dantopa/GitHub//latex-2025//global//graphics/logos/sf-best.png>
Package pdftex.def Info: /Users/dantopa/GitHub//latex-2025//global//graphics/lo
gos/sf-best.png  used on input line 105.
(pdftex.def)             Requested size: 16.20306pt x 16.21828pt.
File: /Users/dantopa/GitHub//latex-2025//global//graphics/logos/hii-01.png Grap
hic file (type png)
<use /Users/dantopa/GitHub//latex-2025//global//graphics/logos/hii-01.png>
Package pdftex.def Info: /Users/dantopa/GitHub//latex-2025//global//graphics/lo
gos/hii-01.png  used on input line 105.
(pdftex.def)             Requested size: 13.59386pt x 14.22636pt.

Overfull \hbox (1.46664pt too wide) has occurred while \output is active
[][][] [][][] 
 []

[95


])
(/Users/dantopa/GitHub//latex-2025//pres/fortran-v-cpp//sections/sec-backup-X.t
ex
 !! CONTENT SETUP !! /Users/dantopa/GitHub//latex-2025//pres/fortran-v-cpp//sec
tions/"sec-backup-X.tex"
File: /Users/dantopa/GitHub//latex-2025//global//graphics/logos/afrl-logo.png G
raphic file (type png)
<use /Users/dantopa/GitHub//latex-2025//global//graphics/logos/afrl-logo.png>
Package pdftex.def Info: /Users/dantopa/GitHub//latex-2025//global//graphics/lo
gos/afrl-logo.png  used on input line 15.
(pdftex.def)             Requested size: 43.77304pt x 14.22636pt.
File: /Users/dantopa/GitHub//latex-2025//global//graphics/logos/af-01.png Graph
ic file (type png)
<use /Users/dantopa/GitHub//latex-2025//global//graphics/logos/af-01.png>
Package pdftex.def Info: /Users/dantopa/GitHub//latex-2025//global//graphics/lo
gos/af-01.png  used on input line 15.
(pdftex.def)             Requested size: 14.84773pt x 13.08846pt.
File: /Users/dantopa/GitHub//latex-2025//global//graphics/logos/sf-best.png Gra
phic file (type png)
<use /Users/dantopa/GitHub//latex-2025//global//graphics/logos/sf-best.png>
Package pdftex.def Info: /Users/dantopa/GitHub//latex-2025//global//graphics/lo
gos/sf-best.png  used on input line 15.
(pdftex.def)             Requested size: 16.20306pt x 16.21828pt.
File: /Users/dantopa/GitHub//latex-2025//global//graphics/logos/hii-01.png Grap
hic file (type png)
<use /Users/dantopa/GitHub//latex-2025//global//graphics/logos/hii-01.png>
Package pdftex.def Info: /Users/dantopa/GitHub//latex-2025//global//graphics/lo
gos/hii-01.png  used on input line 15.
(pdftex.def)             Requested size: 13.59386pt x 14.22636pt.

Overfull \hbox (1.46664pt too wide) has occurred while \output is active
[][][] [][][] 
 []

[96

]
File: /Users/dantopa/GitHub//latex-2025//global//graphics/logos/afrl-logo.png G
raphic file (type png)
<use /Users/dantopa/GitHub//latex-2025//global//graphics/logos/afrl-logo.png>
Package pdftex.def Info: /Users/dantopa/GitHub//latex-2025//global//graphics/lo
gos/afrl-logo.png  used on input line 24.
(pdftex.def)             Requested size: 43.77304pt x 14.22636pt.
File: /Users/dantopa/GitHub//latex-2025//global//graphics/logos/af-01.png Graph
ic file (type png)
<use /Users/dantopa/GitHub//latex-2025//global//graphics/logos/af-01.png>
Package pdftex.def Info: /Users/dantopa/GitHub//latex-2025//global//graphics/lo
gos/af-01.png  used on input line 24.
(pdftex.def)             Requested size: 14.84773pt x 13.08846pt.
File: /Users/dantopa/GitHub//latex-2025//global//graphics/logos/sf-best.png Gra
phic file (type png)
<use /Users/dantopa/GitHub//latex-2025//global//graphics/logos/sf-best.png>
Package pdftex.def Info: /Users/dantopa/GitHub//latex-2025//global//graphics/lo
gos/sf-best.png  used on input line 24.
(pdftex.def)             Requested size: 16.20306pt x 16.21828pt.
File: /Users/dantopa/GitHub//latex-2025//global//graphics/logos/hii-01.png Grap
hic file (type png)
<use /Users/dantopa/GitHub//latex-2025//global//graphics/logos/hii-01.png>
Package pdftex.def Info: /Users/dantopa/GitHub//latex-2025//global//graphics/lo
gos/hii-01.png  used on input line 24.
(pdftex.def)             Requested size: 13.59386pt x 14.22636pt.

Overfull \hbox (1.46664pt too wide) has occurred while \output is active
[][][] [][][] 
 []

[97

]
File: /Users/dantopa/GitHub//latex-2025//global//graphics/logos/afrl-logo.png G
raphic file (type png)
<use /Users/dantopa/GitHub//latex-2025//global//graphics/logos/afrl-logo.png>
Package pdftex.def Info: /Users/dantopa/GitHub//latex-2025//global//graphics/lo
gos/afrl-logo.png  used on input line 24.
(pdftex.def)             Requested size: 43.77304pt x 14.22636pt.
File: /Users/dantopa/GitHub//latex-2025//global//graphics/logos/af-01.png Graph
ic file (type png)
<use /Users/dantopa/GitHub//latex-2025//global//graphics/logos/af-01.png>
Package pdftex.def Info: /Users/dantopa/GitHub//latex-2025//global//graphics/lo
gos/af-01.png  used on input line 24.
(pdftex.def)             Requested size: 14.84773pt x 13.08846pt.
File: /Users/dantopa/GitHub//latex-2025//global//graphics/logos/sf-best.png Gra
phic file (type png)
<use /Users/dantopa/GitHub//latex-2025//global//graphics/logos/sf-best.png>
Package pdftex.def Info: /Users/dantopa/GitHub//latex-2025//global//graphics/lo
gos/sf-best.png  used on input line 24.
(pdftex.def)             Requested size: 16.20306pt x 16.21828pt.
File: /Users/dantopa/GitHub//latex-2025//global//graphics/logos/hii-01.png Grap
hic file (type png)
<use /Users/dantopa/GitHub//latex-2025//global//graphics/logos/hii-01.png>
Package pdftex.def Info: /Users/dantopa/GitHub//latex-2025//global//graphics/lo
gos/hii-01.png  used on input line 24.
(pdftex.def)             Requested size: 13.59386pt x 14.22636pt.

Overfull \hbox (1.46664pt too wide) has occurred while \output is active
[][][] [][][] 
 []

[98

]
File: /Users/dantopa/GitHub//latex-2025//global//graphics/logos/afrl-logo.png G
raphic file (type png)
<use /Users/dantopa/GitHub//latex-2025//global//graphics/logos/afrl-logo.png>
Package pdftex.def Info: /Users/dantopa/GitHub//latex-2025//global//graphics/lo
gos/afrl-logo.png  used on input line 30.
(pdftex.def)             Requested size: 43.77304pt x 14.22636pt.
File: /Users/dantopa/GitHub//latex-2025//global//graphics/logos/af-01.png Graph
ic file (type png)
<use /Users/dantopa/GitHub//latex-2025//global//graphics/logos/af-01.png>
Package pdftex.def Info: /Users/dantopa/GitHub//latex-2025//global//graphics/lo
gos/af-01.png  used on input line 30.
(pdftex.def)             Requested size: 14.84773pt x 13.08846pt.
File: /Users/dantopa/GitHub//latex-2025//global//graphics/logos/sf-best.png Gra
phic file (type png)
<use /Users/dantopa/GitHub//latex-2025//global//graphics/logos/sf-best.png>
Package pdftex.def Info: /Users/dantopa/GitHub//latex-2025//global//graphics/lo
gos/sf-best.png  used on input line 30.
(pdftex.def)             Requested size: 16.20306pt x 16.21828pt.
File: /Users/dantopa/GitHub//latex-2025//global//graphics/logos/hii-01.png Grap
hic file (type png)
<use /Users/dantopa/GitHub//latex-2025//global//graphics/logos/hii-01.png>
Package pdftex.def Info: /Users/dantopa/GitHub//latex-2025//global//graphics/lo
gos/hii-01.png  used on input line 30.
(pdftex.def)             Requested size: 13.59386pt x 14.22636pt.

Overfull \hbox (1.46664pt too wide) has occurred while \output is active
[][][] [][][] 
 []

[99

]
File: /Users/dantopa/GitHub//latex-2025//global//graphics/logos/afrl-logo.png G
raphic file (type png)
<use /Users/dantopa/GitHub//latex-2025//global//graphics/logos/afrl-logo.png>
Package pdftex.def Info: /Users/dantopa/GitHub//latex-2025//global//graphics/lo
gos/afrl-logo.png  used on input line 30.
(pdftex.def)             Requested size: 43.77304pt x 14.22636pt.
File: /Users/dantopa/GitHub//latex-2025//global//graphics/logos/af-01.png Graph
ic file (type png)
<use /Users/dantopa/GitHub//latex-2025//global//graphics/logos/af-01.png>
Package pdftex.def Info: /Users/dantopa/GitHub//latex-2025//global//graphics/lo
gos/af-01.png  used on input line 30.
(pdftex.def)             Requested size: 14.84773pt x 13.08846pt.
File: /Users/dantopa/GitHub//latex-2025//global//graphics/logos/sf-best.png Gra
phic file (type png)
<use /Users/dantopa/GitHub//latex-2025//global//graphics/logos/sf-best.png>
Package pdftex.def Info: /Users/dantopa/GitHub//latex-2025//global//graphics/lo
gos/sf-best.png  used on input line 30.
(pdftex.def)             Requested size: 16.20306pt x 16.21828pt.
File: /Users/dantopa/GitHub//latex-2025//global//graphics/logos/hii-01.png Grap
hic file (type png)
<use /Users/dantopa/GitHub//latex-2025//global//graphics/logos/hii-01.png>
Package pdftex.def Info: /Users/dantopa/GitHub//latex-2025//global//graphics/lo
gos/hii-01.png  used on input line 30.
(pdftex.def)             Requested size: 13.59386pt x 14.22636pt.

Overfull \hbox (1.46664pt too wide) has occurred while \output is active
[][][] [][][] 
 []

[100

]
Overfull \hbox (19.05067pt too wide) in paragraph at lines 63--63
 [] 
 []

File: /Users/dantopa/GitHub//latex-2025//global//graphics/logos/afrl-logo.png G
raphic file (type png)
<use /Users/dantopa/GitHub//latex-2025//global//graphics/logos/afrl-logo.png>
Package pdftex.def Info: /Users/dantopa/GitHub//latex-2025//global//graphics/lo
gos/afrl-logo.png  used on input line 63.
(pdftex.def)             Requested size: 43.77304pt x 14.22636pt.
File: /Users/dantopa/GitHub//latex-2025//global//graphics/logos/af-01.png Graph
ic file (type png)
<use /Users/dantopa/GitHub//latex-2025//global//graphics/logos/af-01.png>
Package pdftex.def Info: /Users/dantopa/GitHub//latex-2025//global//graphics/lo
gos/af-01.png  used on input line 63.
(pdftex.def)             Requested size: 14.84773pt x 13.08846pt.
File: /Users/dantopa/GitHub//latex-2025//global//graphics/logos/sf-best.png Gra
phic file (type png)
<use /Users/dantopa/GitHub//latex-2025//global//graphics/logos/sf-best.png>
Package pdftex.def Info: /Users/dantopa/GitHub//latex-2025//global//graphics/lo
gos/sf-best.png  used on input line 63.
(pdftex.def)             Requested size: 16.20306pt x 16.21828pt.
File: /Users/dantopa/GitHub//latex-2025//global//graphics/logos/hii-01.png Grap
hic file (type png)
<use /Users/dantopa/GitHub//latex-2025//global//graphics/logos/hii-01.png>
Package pdftex.def Info: /Users/dantopa/GitHub//latex-2025//global//graphics/lo
gos/hii-01.png  used on input line 63.
(pdftex.def)             Requested size: 13.59386pt x 14.22636pt.

Overfull \hbox (1.46664pt too wide) has occurred while \output is active
[][][] [][][] 
 []

[101

]
File: /Users/dantopa/GitHub//latex-2025//global//graphics/logos/afrl-logo.png G
raphic file (type png)
<use /Users/dantopa/GitHub//latex-2025//global//graphics/logos/afrl-logo.png>
Package pdftex.def Info: /Users/dantopa/GitHub//latex-2025//global//graphics/lo
gos/afrl-logo.png  used on input line 75.
(pdftex.def)             Requested size: 43.77304pt x 14.22636pt.
File: /Users/dantopa/GitHub//latex-2025//global//graphics/logos/af-01.png Graph
ic file (type png)
<use /Users/dantopa/GitHub//latex-2025//global//graphics/logos/af-01.png>
Package pdftex.def Info: /Users/dantopa/GitHub//latex-2025//global//graphics/lo
gos/af-01.png  used on input line 75.
(pdftex.def)             Requested size: 14.84773pt x 13.08846pt.
File: /Users/dantopa/GitHub//latex-2025//global//graphics/logos/sf-best.png Gra
phic file (type png)
<use /Users/dantopa/GitHub//latex-2025//global//graphics/logos/sf-best.png>
Package pdftex.def Info: /Users/dantopa/GitHub//latex-2025//global//graphics/lo
gos/sf-best.png  used on input line 75.
(pdftex.def)             Requested size: 16.20306pt x 16.21828pt.
File: /Users/dantopa/GitHub//latex-2025//global//graphics/logos/hii-01.png Grap
hic file (type png)
<use /Users/dantopa/GitHub//latex-2025//global//graphics/logos/hii-01.png>
Package pdftex.def Info: /Users/dantopa/GitHub//latex-2025//global//graphics/lo
gos/hii-01.png  used on input line 75.
(pdftex.def)             Requested size: 13.59386pt x 14.22636pt.

Overfull \hbox (1.46664pt too wide) has occurred while \output is active
[][][] [][][] 
 []

[102

]
LaTeX Font Info:    Font shape `T1/lmss/bx/it' in size <9> not available
(Font)              Font shape `T1/lmss/bx/sl' tried instead on input line 114.

File: /Users/dantopa/GitHub//latex-2025//global//graphics/logos/afrl-logo.png G
raphic file (type png)
<use /Users/dantopa/GitHub//latex-2025//global//graphics/logos/afrl-logo.png>
Package pdftex.def Info: /Users/dantopa/GitHub//latex-2025//global//graphics/lo
gos/afrl-logo.png  used on input line 114.
(pdftex.def)             Requested size: 43.77304pt x 14.22636pt.
File: /Users/dantopa/GitHub//latex-2025//global//graphics/logos/af-01.png Graph
ic file (type png)
<use /Users/dantopa/GitHub//latex-2025//global//graphics/logos/af-01.png>
Package pdftex.def Info: /Users/dantopa/GitHub//latex-2025//global//graphics/lo
gos/af-01.png  used on input line 114.
(pdftex.def)             Requested size: 14.84773pt x 13.08846pt.
File: /Users/dantopa/GitHub//latex-2025//global//graphics/logos/sf-best.png Gra
phic file (type png)
<use /Users/dantopa/GitHub//latex-2025//global//graphics/logos/sf-best.png>
Package pdftex.def Info: /Users/dantopa/GitHub//latex-2025//global//graphics/lo
gos/sf-best.png  used on input line 114.
(pdftex.def)             Requested size: 16.20306pt x 16.21828pt.
File: /Users/dantopa/GitHub//latex-2025//global//graphics/logos/hii-01.png Grap
hic file (type png)
<use /Users/dantopa/GitHub//latex-2025//global//graphics/logos/hii-01.png>
Package pdftex.def Info: /Users/dantopa/GitHub//latex-2025//global//graphics/lo
gos/hii-01.png  used on input line 114.
(pdftex.def)             Requested size: 13.59386pt x 14.22636pt.

Overfull \hbox (1.46664pt too wide) has occurred while \output is active
[][][] [][][] 
 []

[103

]
</Users/dantopa/GitHub//latex-2025//pres/fortran-v-cpp//local//graphics//Octopu
s_shell.jpg, id=4032, 2890.8pt x 2168.1pt>
File: /Users/dantopa/GitHub//latex-2025//pres/fortran-v-cpp//local//graphics//O
ctopus_shell.jpg Graphic file (type jpg)
<use /Users/dantopa/GitHub//latex-2025//pres/fortran-v-cpp//local//graphics//Oc
topus_shell.jpg>
Package pdftex.def Info: /Users/dantopa/GitHub//latex-2025//pres/fortran-v-cpp/
/local//graphics//Octopus_shell.jpg  used on input line 135.
(pdftex.def)             Requested size: 94.83649pt x 71.13188pt.
</Users/dantopa/GitHub//latex-2025//pres/fortran-v-cpp//local//graphics//Macaca
_fascicularis_aurea_using_a_stone_tool_-_journal.pone.0072872.g002f.png, id=403
4, 75.24214pt x 77.27571pt>
File: /Users/dantopa/GitHub//latex-2025//pres/fortran-v-cpp//local//graphics//M
acaca_fascicularis_aurea_using_a_stone_tool_-_journal.pone.0072872.g002f.png Gr
aphic file (type png)
<use /Users/dantopa/GitHub//latex-2025//pres/fortran-v-cpp//local//graphics//Ma
caca_fascicularis_aurea_using_a_stone_tool_-_journal.pone.0072872.g002f.png>
Package pdftex.def Info: /Users/dantopa/GitHub//latex-2025//pres/fortran-v-cpp/
/local//graphics//Macaca_fascicularis_aurea_using_a_stone_tool_-_journal.pone.0
072872.g002f.png  used on input line 135.
(pdftex.def)             Requested size: 69.26147pt x 71.13188pt.
</Users/dantopa/GitHub//latex-2025//pres/fortran-v-cpp//local//graphics//crow-s
tick.png, id=4036, 2553.54pt x 1702.36pt>
File: /Users/dantopa/GitHub//latex-2025//pres/fortran-v-cpp//local//graphics//c
row-stick.png Graphic file (type png)
<use /Users/dantopa/GitHub//latex-2025//pres/fortran-v-cpp//local//graphics//cr
ow-stick.png>
Package pdftex.def Info: /Users/dantopa/GitHub//latex-2025//pres/fortran-v-cpp/
/local//graphics//crow-stick.png  used on input line 135.
(pdftex.def)             Requested size: 106.68297pt x 71.13188pt.

Overfull \hbox (4.66391pt too wide) in paragraph at lines 135--135
 [][] 
 []

File: /Users/dantopa/GitHub//latex-2025//global//graphics/logos/afrl-logo.png G
raphic file (type png)
<use /Users/dantopa/GitHub//latex-2025//global//graphics/logos/afrl-logo.png>
Package pdftex.def Info: /Users/dantopa/GitHub//latex-2025//global//graphics/lo
gos/afrl-logo.png  used on input line 135.
(pdftex.def)             Requested size: 43.77304pt x 14.22636pt.
File: /Users/dantopa/GitHub//latex-2025//global//graphics/logos/af-01.png Graph
ic file (type png)
<use /Users/dantopa/GitHub//latex-2025//global//graphics/logos/af-01.png>
Package pdftex.def Info: /Users/dantopa/GitHub//latex-2025//global//graphics/lo
gos/af-01.png  used on input line 135.
(pdftex.def)             Requested size: 14.84773pt x 13.08846pt.
File: /Users/dantopa/GitHub//latex-2025//global//graphics/logos/sf-best.png Gra
phic file (type png)
<use /Users/dantopa/GitHub//latex-2025//global//graphics/logos/sf-best.png>
Package pdftex.def Info: /Users/dantopa/GitHub//latex-2025//global//graphics/lo
gos/sf-best.png  used on input line 135.
(pdftex.def)             Requested size: 16.20306pt x 16.21828pt.
File: /Users/dantopa/GitHub//latex-2025//global//graphics/logos/hii-01.png Grap
hic file (type png)
<use /Users/dantopa/GitHub//latex-2025//global//graphics/logos/hii-01.png>
Package pdftex.def Info: /Users/dantopa/GitHub//latex-2025//global//graphics/lo
gos/hii-01.png  used on input line 135.
(pdftex.def)             Requested size: 13.59386pt x 14.22636pt.

Overfull \hbox (1.46664pt too wide) has occurred while \output is active
[][][] [][][] 
 []

[104

 </Users/dantopa/GitHub//latex-2025//pres/fortran-v-cpp//local//graphics//Octop
us_shell.jpg> </Users/dantopa/GitHub//latex-2025//pres/fortran-v-cpp//local//gr
aphics//Macaca_fascicularis_aurea_using_a_stone_tool_-_journal.pone.0072872.g00
2f.png> </Users/dantopa/GitHub//latex-2025//pres/fortran-v-cpp//local//graphics
//crow-stick.png>]
File: /Users/dantopa/GitHub//latex-2025//global//graphics/logos/afrl-logo.png G
raphic file (type png)
<use /Users/dantopa/GitHub//latex-2025//global//graphics/logos/afrl-logo.png>
Package pdftex.def Info: /Users/dantopa/GitHub//latex-2025//global//graphics/lo
gos/afrl-logo.png  used on input line 157.
(pdftex.def)             Requested size: 43.77304pt x 14.22636pt.
File: /Users/dantopa/GitHub//latex-2025//global//graphics/logos/af-01.png Graph
ic file (type png)
<use /Users/dantopa/GitHub//latex-2025//global//graphics/logos/af-01.png>
Package pdftex.def Info: /Users/dantopa/GitHub//latex-2025//global//graphics/lo
gos/af-01.png  used on input line 157.
(pdftex.def)             Requested size: 14.84773pt x 13.08846pt.
File: /Users/dantopa/GitHub//latex-2025//global//graphics/logos/sf-best.png Gra
phic file (type png)
<use /Users/dantopa/GitHub//latex-2025//global//graphics/logos/sf-best.png>
Package pdftex.def Info: /Users/dantopa/GitHub//latex-2025//global//graphics/lo
gos/sf-best.png  used on input line 157.
(pdftex.def)             Requested size: 16.20306pt x 16.21828pt.
File: /Users/dantopa/GitHub//latex-2025//global//graphics/logos/hii-01.png Grap
hic file (type png)
<use /Users/dantopa/GitHub//latex-2025//global//graphics/logos/hii-01.png>
Package pdftex.def Info: /Users/dantopa/GitHub//latex-2025//global//graphics/lo
gos/hii-01.png  used on input line 157.
(pdftex.def)             Requested size: 13.59386pt x 14.22636pt.

Overfull \hbox (1.46664pt too wide) has occurred while \output is active
[][][] [][][] 
 []

[105

]
LaTeX Font Info:    Font shape `T1/lmss/b/n' in size <10> not available
(Font)              Font shape `T1/lmss/bx/n' tried instead on input line 181.
File: /Users/dantopa/GitHub//latex-2025//global//graphics/logos/afrl-logo.png G
raphic file (type png)
<use /Users/dantopa/GitHub//latex-2025//global//graphics/logos/afrl-logo.png>
Package pdftex.def Info: /Users/dantopa/GitHub//latex-2025//global//graphics/lo
gos/afrl-logo.png  used on input line 181.
(pdftex.def)             Requested size: 43.77304pt x 14.22636pt.
File: /Users/dantopa/GitHub//latex-2025//global//graphics/logos/af-01.png Graph
ic file (type png)
<use /Users/dantopa/GitHub//latex-2025//global//graphics/logos/af-01.png>
Package pdftex.def Info: /Users/dantopa/GitHub//latex-2025//global//graphics/lo
gos/af-01.png  used on input line 181.
(pdftex.def)             Requested size: 14.84773pt x 13.08846pt.
File: /Users/dantopa/GitHub//latex-2025//global//graphics/logos/sf-best.png Gra
phic file (type png)
<use /Users/dantopa/GitHub//latex-2025//global//graphics/logos/sf-best.png>
Package pdftex.def Info: /Users/dantopa/GitHub//latex-2025//global//graphics/lo
gos/sf-best.png  used on input line 181.
(pdftex.def)             Requested size: 16.20306pt x 16.21828pt.
File: /Users/dantopa/GitHub//latex-2025//global//graphics/logos/hii-01.png Grap
hic file (type png)
<use /Users/dantopa/GitHub//latex-2025//global//graphics/logos/hii-01.png>
Package pdftex.def Info: /Users/dantopa/GitHub//latex-2025//global//graphics/lo
gos/hii-01.png  used on input line 181.
(pdftex.def)             Requested size: 13.59386pt x 14.22636pt.

Overfull \hbox (1.46664pt too wide) has occurred while \output is active
[][][] [][][] 
 []

[106

])

Package hyperref Warning: Token not allowed in a PDF string (PDFDocEncoding):
(hyperref)                removing `\translate ' on input line 147.

LaTeX Font Info:    Font shape `T1/lmss/b/it' in size <10.95> not available
(Font)              Font shape `T1/lmss/bx/it' tried instead on input line 162.

LaTeX Font Info:    Font shape `T1/lmss/bx/it' in size <10.95> not available
(Font)              Font shape `T1/lmss/bx/sl' tried instead on input line 162.

File: /Users/dantopa/GitHub//latex-2025//global//graphics/logos/afrl-logo.png G
raphic file (type png)
<use /Users/dantopa/GitHub//latex-2025//global//graphics/logos/afrl-logo.png>
Package pdftex.def Info: /Users/dantopa/GitHub//latex-2025//global//graphics/lo
gos/afrl-logo.png  used on input line 162.
(pdftex.def)             Requested size: 43.77304pt x 14.22636pt.
File: /Users/dantopa/GitHub//latex-2025//global//graphics/logos/af-01.png Graph
ic file (type png)
<use /Users/dantopa/GitHub//latex-2025//global//graphics/logos/af-01.png>
Package pdftex.def Info: /Users/dantopa/GitHub//latex-2025//global//graphics/lo
gos/af-01.png  used on input line 162.
(pdftex.def)             Requested size: 14.84773pt x 13.08846pt.
File: /Users/dantopa/GitHub//latex-2025//global//graphics/logos/sf-best.png Gra
phic file (type png)
<use /Users/dantopa/GitHub//latex-2025//global//graphics/logos/sf-best.png>
Package pdftex.def Info: /Users/dantopa/GitHub//latex-2025//global//graphics/lo
gos/sf-best.png  used on input line 162.
(pdftex.def)             Requested size: 16.20306pt x 16.21828pt.
File: /Users/dantopa/GitHub//latex-2025//global//graphics/logos/hii-01.png Grap
hic file (type png)
<use /Users/dantopa/GitHub//latex-2025//global//graphics/logos/hii-01.png>
Package pdftex.def Info: /Users/dantopa/GitHub//latex-2025//global//graphics/lo
gos/hii-01.png  used on input line 162.
(pdftex.def)             Requested size: 13.59386pt x 14.22636pt.

Overfull \hbox (1.46664pt too wide) has occurred while \output is active
[][][] [][][] 
 []

[107

]
File: /Users/dantopa/GitHub//latex-2025//global//graphics/logos/afrl-logo.png G
raphic file (type png)
<use /Users/dantopa/GitHub//latex-2025//global//graphics/logos/afrl-logo.png>
Package pdftex.def Info: /Users/dantopa/GitHub//latex-2025//global//graphics/lo
gos/afrl-logo.png  used on input line 162.
(pdftex.def)             Requested size: 43.77304pt x 14.22636pt.
File: /Users/dantopa/GitHub//latex-2025//global//graphics/logos/af-01.png Graph
ic file (type png)
<use /Users/dantopa/GitHub//latex-2025//global//graphics/logos/af-01.png>
Package pdftex.def Info: /Users/dantopa/GitHub//latex-2025//global//graphics/lo
gos/af-01.png  used on input line 162.
(pdftex.def)             Requested size: 14.84773pt x 13.08846pt.
File: /Users/dantopa/GitHub//latex-2025//global//graphics/logos/sf-best.png Gra
phic file (type png)
<use /Users/dantopa/GitHub//latex-2025//global//graphics/logos/sf-best.png>
Package pdftex.def Info: /Users/dantopa/GitHub//latex-2025//global//graphics/lo
gos/sf-best.png  used on input line 162.
(pdftex.def)             Requested size: 16.20306pt x 16.21828pt.
File: /Users/dantopa/GitHub//latex-2025//global//graphics/logos/hii-01.png Grap
hic file (type png)
<use /Users/dantopa/GitHub//latex-2025//global//graphics/logos/hii-01.png>
Package pdftex.def Info: /Users/dantopa/GitHub//latex-2025//global//graphics/lo
gos/hii-01.png  used on input line 162.
(pdftex.def)             Requested size: 13.59386pt x 14.22636pt.

Overfull \hbox (1.46664pt too wide) has occurred while \output is active
[][][] [][][] 
 []

[108


]
File: /Users/dantopa/GitHub//latex-2025//global//graphics/logos/afrl-logo.png G
raphic file (type png)
<use /Users/dantopa/GitHub//latex-2025//global//graphics/logos/afrl-logo.png>
Package pdftex.def Info: /Users/dantopa/GitHub//latex-2025//global//graphics/lo
gos/afrl-logo.png  used on input line 162.
(pdftex.def)             Requested size: 43.77304pt x 14.22636pt.
File: /Users/dantopa/GitHub//latex-2025//global//graphics/logos/af-01.png Graph
ic file (type png)
<use /Users/dantopa/GitHub//latex-2025//global//graphics/logos/af-01.png>
Package pdftex.def Info: /Users/dantopa/GitHub//latex-2025//global//graphics/lo
gos/af-01.png  used on input line 162.
(pdftex.def)             Requested size: 14.84773pt x 13.08846pt.
File: /Users/dantopa/GitHub//latex-2025//global//graphics/logos/sf-best.png Gra
phic file (type png)
<use /Users/dantopa/GitHub//latex-2025//global//graphics/logos/sf-best.png>
Package pdftex.def Info: /Users/dantopa/GitHub//latex-2025//global//graphics/lo
gos/sf-best.png  used on input line 162.
(pdftex.def)             Requested size: 16.20306pt x 16.21828pt.
File: /Users/dantopa/GitHub//latex-2025//global//graphics/logos/hii-01.png Grap
hic file (type png)
<use /Users/dantopa/GitHub//latex-2025//global//graphics/logos/hii-01.png>
Package pdftex.def Info: /Users/dantopa/GitHub//latex-2025//global//graphics/lo
gos/hii-01.png  used on input line 162.
(pdftex.def)             Requested size: 13.59386pt x 14.22636pt.

Overfull \hbox (1.46664pt too wide) has occurred while \output is active
[][][] [][][] 
 []

[109


]
File: /Users/dantopa/GitHub//latex-2025//global//graphics/logos/afrl-logo.png G
raphic file (type png)
<use /Users/dantopa/GitHub//latex-2025//global//graphics/logos/afrl-logo.png>
Package pdftex.def Info: /Users/dantopa/GitHub//latex-2025//global//graphics/lo
gos/afrl-logo.png  used on input line 162.
(pdftex.def)             Requested size: 43.77304pt x 14.22636pt.
File: /Users/dantopa/GitHub//latex-2025//global//graphics/logos/af-01.png Graph
ic file (type png)
<use /Users/dantopa/GitHub//latex-2025//global//graphics/logos/af-01.png>
Package pdftex.def Info: /Users/dantopa/GitHub//latex-2025//global//graphics/lo
gos/af-01.png  used on input line 162.
(pdftex.def)             Requested size: 14.84773pt x 13.08846pt.
File: /Users/dantopa/GitHub//latex-2025//global//graphics/logos/sf-best.png Gra
phic file (type png)
<use /Users/dantopa/GitHub//latex-2025//global//graphics/logos/sf-best.png>
Package pdftex.def Info: /Users/dantopa/GitHub//latex-2025//global//graphics/lo
gos/sf-best.png  used on input line 162.
(pdftex.def)             Requested size: 16.20306pt x 16.21828pt.
File: /Users/dantopa/GitHub//latex-2025//global//graphics/logos/hii-01.png Grap
hic file (type png)
<use /Users/dantopa/GitHub//latex-2025//global//graphics/logos/hii-01.png>
Package pdftex.def Info: /Users/dantopa/GitHub//latex-2025//global//graphics/lo
gos/hii-01.png  used on input line 162.
(pdftex.def)             Requested size: 13.59386pt x 14.22636pt.

Overfull \hbox (1.46664pt too wide) has occurred while \output is active
[][][] [][][] 
 []

[110


]
File: /Users/dantopa/GitHub//latex-2025//global//graphics/logos/afrl-logo.png G
raphic file (type png)
<use /Users/dantopa/GitHub//latex-2025//global//graphics/logos/afrl-logo.png>
Package pdftex.def Info: /Users/dantopa/GitHub//latex-2025//global//graphics/lo
gos/afrl-logo.png  used on input line 162.
(pdftex.def)             Requested size: 43.77304pt x 14.22636pt.
File: /Users/dantopa/GitHub//latex-2025//global//graphics/logos/af-01.png Graph
ic file (type png)
<use /Users/dantopa/GitHub//latex-2025//global//graphics/logos/af-01.png>
Package pdftex.def Info: /Users/dantopa/GitHub//latex-2025//global//graphics/lo
gos/af-01.png  used on input line 162.
(pdftex.def)             Requested size: 14.84773pt x 13.08846pt.
File: /Users/dantopa/GitHub//latex-2025//global//graphics/logos/sf-best.png Gra
phic file (type png)
<use /Users/dantopa/GitHub//latex-2025//global//graphics/logos/sf-best.png>
Package pdftex.def Info: /Users/dantopa/GitHub//latex-2025//global//graphics/lo
gos/sf-best.png  used on input line 162.
(pdftex.def)             Requested size: 16.20306pt x 16.21828pt.
File: /Users/dantopa/GitHub//latex-2025//global//graphics/logos/hii-01.png Grap
hic file (type png)
<use /Users/dantopa/GitHub//latex-2025//global//graphics/logos/hii-01.png>
Package pdftex.def Info: /Users/dantopa/GitHub//latex-2025//global//graphics/lo
gos/hii-01.png  used on input line 162.
(pdftex.def)             Requested size: 13.59386pt x 14.22636pt.

Overfull \hbox (1.46664pt too wide) has occurred while \output is active
[][][] [][][] 
 []

[111


]
File: /Users/dantopa/GitHub//latex-2025//global//graphics/logos/afrl-logo.png G
raphic file (type png)
<use /Users/dantopa/GitHub//latex-2025//global//graphics/logos/afrl-logo.png>
Package pdftex.def Info: /Users/dantopa/GitHub//latex-2025//global//graphics/lo
gos/afrl-logo.png  used on input line 162.
(pdftex.def)             Requested size: 43.77304pt x 14.22636pt.
File: /Users/dantopa/GitHub//latex-2025//global//graphics/logos/af-01.png Graph
ic file (type png)
<use /Users/dantopa/GitHub//latex-2025//global//graphics/logos/af-01.png>
Package pdftex.def Info: /Users/dantopa/GitHub//latex-2025//global//graphics/lo
gos/af-01.png  used on input line 162.
(pdftex.def)             Requested size: 14.84773pt x 13.08846pt.
File: /Users/dantopa/GitHub//latex-2025//global//graphics/logos/sf-best.png Gra
phic file (type png)
<use /Users/dantopa/GitHub//latex-2025//global//graphics/logos/sf-best.png>
Package pdftex.def Info: /Users/dantopa/GitHub//latex-2025//global//graphics/lo
gos/sf-best.png  used on input line 162.
(pdftex.def)             Requested size: 16.20306pt x 16.21828pt.
File: /Users/dantopa/GitHub//latex-2025//global//graphics/logos/hii-01.png Grap
hic file (type png)
<use /Users/dantopa/GitHub//latex-2025//global//graphics/logos/hii-01.png>
Package pdftex.def Info: /Users/dantopa/GitHub//latex-2025//global//graphics/lo
gos/hii-01.png  used on input line 162.
(pdftex.def)             Requested size: 13.59386pt x 14.22636pt.

Overfull \hbox (1.46664pt too wide) has occurred while \output is active
[][][] [][][] 
 []

[112


]
File: /Users/dantopa/GitHub//latex-2025//global//graphics/logos/afrl-logo.png G
raphic file (type png)
<use /Users/dantopa/GitHub//latex-2025//global//graphics/logos/afrl-logo.png>
Package pdftex.def Info: /Users/dantopa/GitHub//latex-2025//global//graphics/lo
gos/afrl-logo.png  used on input line 162.
(pdftex.def)             Requested size: 43.77304pt x 14.22636pt.
File: /Users/dantopa/GitHub//latex-2025//global//graphics/logos/af-01.png Graph
ic file (type png)
<use /Users/dantopa/GitHub//latex-2025//global//graphics/logos/af-01.png>
Package pdftex.def Info: /Users/dantopa/GitHub//latex-2025//global//graphics/lo
gos/af-01.png  used on input line 162.
(pdftex.def)             Requested size: 14.84773pt x 13.08846pt.
File: /Users/dantopa/GitHub//latex-2025//global//graphics/logos/sf-best.png Gra
phic file (type png)
<use /Users/dantopa/GitHub//latex-2025//global//graphics/logos/sf-best.png>
Package pdftex.def Info: /Users/dantopa/GitHub//latex-2025//global//graphics/lo
gos/sf-best.png  used on input line 162.
(pdftex.def)             Requested size: 16.20306pt x 16.21828pt.
File: /Users/dantopa/GitHub//latex-2025//global//graphics/logos/hii-01.png Grap
hic file (type png)
<use /Users/dantopa/GitHub//latex-2025//global//graphics/logos/hii-01.png>
Package pdftex.def Info: /Users/dantopa/GitHub//latex-2025//global//graphics/lo
gos/hii-01.png  used on input line 162.
(pdftex.def)             Requested size: 13.59386pt x 14.22636pt.

Overfull \hbox (1.46664pt too wide) has occurred while \output is active
[][][] [][][] 
 []

[113


]
File: /Users/dantopa/GitHub//latex-2025//global//graphics/logos/afrl-logo.png G
raphic file (type png)
<use /Users/dantopa/GitHub//latex-2025//global//graphics/logos/afrl-logo.png>
Package pdftex.def Info: /Users/dantopa/GitHub//latex-2025//global//graphics/lo
gos/afrl-logo.png  used on input line 162.
(pdftex.def)             Requested size: 43.77304pt x 14.22636pt.
File: /Users/dantopa/GitHub//latex-2025//global//graphics/logos/af-01.png Graph
ic file (type png)
<use /Users/dantopa/GitHub//latex-2025//global//graphics/logos/af-01.png>
Package pdftex.def Info: /Users/dantopa/GitHub//latex-2025//global//graphics/lo
gos/af-01.png  used on input line 162.
(pdftex.def)             Requested size: 14.84773pt x 13.08846pt.
File: /Users/dantopa/GitHub//latex-2025//global//graphics/logos/sf-best.png Gra
phic file (type png)
<use /Users/dantopa/GitHub//latex-2025//global//graphics/logos/sf-best.png>
Package pdftex.def Info: /Users/dantopa/GitHub//latex-2025//global//graphics/lo
gos/sf-best.png  used on input line 162.
(pdftex.def)             Requested size: 16.20306pt x 16.21828pt.
File: /Users/dantopa/GitHub//latex-2025//global//graphics/logos/hii-01.png Grap
hic file (type png)
<use /Users/dantopa/GitHub//latex-2025//global//graphics/logos/hii-01.png>
Package pdftex.def Info: /Users/dantopa/GitHub//latex-2025//global//graphics/lo
gos/hii-01.png  used on input line 162.
(pdftex.def)             Requested size: 13.59386pt x 14.22636pt.

Overfull \hbox (1.46664pt too wide) has occurred while \output is active
[][][] [][][] 
 []

[114


]
File: /Users/dantopa/GitHub//latex-2025//global//graphics/logos/afrl-logo.png G
raphic file (type png)
<use /Users/dantopa/GitHub//latex-2025//global//graphics/logos/afrl-logo.png>
Package pdftex.def Info: /Users/dantopa/GitHub//latex-2025//global//graphics/lo
gos/afrl-logo.png  used on input line 167.
(pdftex.def)             Requested size: 43.77304pt x 14.22636pt.
File: /Users/dantopa/GitHub//latex-2025//global//graphics/logos/af-01.png Graph
ic file (type png)
<use /Users/dantopa/GitHub//latex-2025//global//graphics/logos/af-01.png>
Package pdftex.def Info: /Users/dantopa/GitHub//latex-2025//global//graphics/lo
gos/af-01.png  used on input line 167.
(pdftex.def)             Requested size: 14.84773pt x 13.08846pt.
File: /Users/dantopa/GitHub//latex-2025//global//graphics/logos/sf-best.png Gra
phic file (type png)
<use /Users/dantopa/GitHub//latex-2025//global//graphics/logos/sf-best.png>
Package pdftex.def Info: /Users/dantopa/GitHub//latex-2025//global//graphics/lo
gos/sf-best.png  used on input line 167.
(pdftex.def)             Requested size: 16.20306pt x 16.21828pt.
File: /Users/dantopa/GitHub//latex-2025//global//graphics/logos/hii-01.png Grap
hic file (type png)
<use /Users/dantopa/GitHub//latex-2025//global//graphics/logos/hii-01.png>
Package pdftex.def Info: /Users/dantopa/GitHub//latex-2025//global//graphics/lo
gos/hii-01.png  used on input line 167.
(pdftex.def)             Requested size: 13.59386pt x 14.22636pt.

Overfull \hbox (1.46664pt too wide) has occurred while \output is active
[][][] [][][] 
 []

[115

]
\tf@nav=\write10
\openout10 = `main-fortran-v-cpp.nav'.

\tf@toc=\write11
\openout11 = `main-fortran-v-cpp.toc'.

\tf@snm=\write12
\openout12 = `main-fortran-v-cpp.snm'.



Package transparent Warning: Rerun to get transparencies right.


Package glossaries Warning: No \printglossary or \printglossaries found. 
(Remove \makeglossaries if you don't want any glossaries.) 
This document will not have a glossary.

Package atveryend Info: Empty hook `BeforeClearDocument' on input line 169.
Package atveryend Info: Empty hook `AfterLastShipout' on input line 169.
(./main-fortran-v-cpp.aux)
Package atveryend Info: Executing hook `AtVeryEndDocument' on input line 169.
Package atveryend Info: Executing hook `AtEndAfterFileList' on input line 169.


Package rerunfilecheck Warning: File `main-fortran-v-cpp.out' has changed.
(rerunfilecheck)                Rerun to get outlines right
(rerunfilecheck)                or use package `bookmark'.

Package rerunfilecheck Info: Checksums for `main-fortran-v-cpp.out':
(rerunfilecheck)             Before: 42242F78B215664350931C81E1AAB992;747
(rerunfilecheck)             After:  75096AF267B7E1387CAD2BC63CC087BC;1818.

LaTeX Warning: There were undefined references.


LaTeX Warning: Label(s) may have changed. Rerun to get cross-references right.


Package biblatex Warning: Please (re)run Biber on the file:
(biblatex)                main-fortran-v-cpp
(biblatex)                and rerun LaTeX afterwards.

Package logreq Info: Writing requests to 'main-fortran-v-cpp.run.xml'.
\openout1 = `main-fortran-v-cpp.run.xml'.

 ) 
Here is how much of TeX's memory you used:
 42051 strings out of 480608
 853808 string characters out of 5903631
 1518605 words of memory out of 5000000
 56565 multiletter control sequences out of 15000+600000
 601583 words of font info for 86 fonts, out of 8000000 for 9000
 1141 hyphenation exceptions out of 8191
 63i,19n,78p,2184b,1694s stack positions out of 5000i,500n,10000p,200000b,80000s
pdfTeX warning (dest): name{Outline1.4} has been referenced but does not exis
t, replaced by a fixed one

pdfTeX warning (dest): name{Outline1.3} has been referenced but does not exist,
 replaced by a fixed one

pdfTeX warning (dest): name{Outline0.2.4.28} has been referenced but does not e
xist, replaced by a fixed one

pdfTeX warning (dest): name{Outline0.2.3.21} has been referenced but does not e
xist, replaced by a fixed one

pdfTeX warning (dest): name{Outline0.2.2.17} has been referenced but does not e
xist, replaced by a fixed one

pdfTeX warning (dest): name{Outline0.2.1.15} has been referenced but does not e
xist, replaced by a fixed one

pdfTeX warning (dest): name{Outline0.1.4.10} has been referenced but does not e
xist, replaced by a fixed one

{/usr/local/texlive/2020/texmf-dist/fonts/enc/dvips/lm/lm-mathit.enc}{/usr/loca
l/texlive/2020/texmf-dist/fonts/enc/dvips/lm/lm-mathsy.enc}{/usr/local/texlive/
2020/texmf-dist/fonts/enc/dvips/lm/lm-rm.enc}{/usr/local/texlive/2020/texmf-dis
t/fonts/enc/dvips/lm/lm-ec.enc}{/usr/local/texlive/2020/texmf-dist/fonts/enc/dv
ips/lm/lm-ts1.enc}</usr/local/texlive/2020/texmf-dist/fonts/type1/public/lm/lmm
i10.pfb></usr/local/texlive/2020/texmf-dist/fonts/type1/public/lm/lmmi5.pfb></u
sr/local/texlive/2020/texmf-dist/fonts/type1/public/lm/lmmi6.pfb></usr/local/te
xlive/2020/texmf-dist/fonts/type1/public/lm/lmmi8.pfb></usr/local/texlive/2020/
texmf-dist/fonts/type1/public/lm/lmr6.pfb></usr/local/texlive/2020/texmf-dist/f
onts/type1/public/lm/lmr8.pfb></usr/local/texlive/2020/texmf-dist/fonts/type1/p
ublic/lm/lmssbo10.pfb></usr/local/texlive/2020/texmf-dist/fonts/type1/public/lm
/lmssbx10.pfb></usr/local/texlive/2020/texmf-dist/fonts/type1/public/lm/lmsy10.
pfb></usr/local/texlive/2020/texmf-dist/fonts/type1/public/lm/lmsy8.pfb></usr/l
ocal/texlive/2020/texmf-dist/fonts/type1/public/lm/lmtk10.pfb>
Output written on main-fortran-v-cpp.pdf (115 pages, 28871428 bytes).
PDF statistics:
 4564 PDF objects out of 5155 (max. 8388607)
 4294 compressed objects within 43 object streams
 302 named destinations out of 1000 (max. 500000)
 389 words of extra memory for PDF output out of 10000 (max. 10000000)

